district_code,reference_period,age_lower,age_upper,age_label,male,female,total
1001,2025-12,0,0,0,52,40,92
1001,2025-12,1,1,1,55,47,102
1001,2025-12,2,2,2,73,48,121
1001,2025-12,3,3,3,70,64,134
1001,2025-12,4,4,4,78,78,156
1001,2025-12,5,5,5,96,74,170
1001,2025-12,6,6,6,105,97,202
1001,2025-12,7,7,7,132,108,240
1001,2025-12,8,8,8,140,113,253
1001,2025-12,9,9,9,165,153,318
1001,2025-12,10,10,10,176,165,341
1001,2025-12,11,11,11,234,177,411
1001,2025-12,12,12,12,189,169,358
1001,2025-12,13,13,13,164,173,337
1001,2025-12,14,14,14,168,153,321
1001,2025-12,15,15,15,124,143,267
1001,2025-12,16,16,16,173,156,329
1001,2025-12,17,17,17,169,166,335
1001,2025-12,18,18,18,214,163,377
1001,2025-12,19,19,19,242,164,406
1001,2025-12,20,20,20,238,194,432
1001,2025-12,21,21,21,274,169,443
1001,2025-12,22,22,22,237,170,407
1001,2025-12,23,23,23,185,150,335
1001,2025-12,24,24,24,224,203,427
1001,2025-12,25,25,25,235,196,431
1001,2025-12,26,26,26,223,185,408
1001,2025-12,27,27,27,216,197,413
1001,2025-12,28,28,28,265,233,498
1001,2025-12,29,29,29,240,244,484
1001,2025-12,30,30,30,273,265,538
1001,2025-12,31,31,31,232,226,458
1001,2025-12,32,32,32,251,200,451
1001,2025-12,33,33,33,230,229,459
1001,2025-12,34,34,34,196,234,430
1001,2025-12,35,35,35,227,193,420
1001,2025-12,36,36,36,234,180,414
1001,2025-12,37,37,37,254,232,486
1001,2025-12,38,38,38,203,213,416
1001,2025-12,39,39,39,219,231,450
1001,2025-12,40,40,40,250,210,460
1001,2025-12,41,41,41,224,242,466
1001,2025-12,42,42,42,247,221,468
1001,2025-12,43,43,43,219,274,493
1001,2025-12,44,44,44,263,247,510
1001,2025-12,45,45,45,273,285,558
1001,2025-12,46,46,46,266,277,543
1001,2025-12,47,47,47,280,275,555
1001,2025-12,48,48,48,273,270,543
1001,2025-12,49,49,49,300,279,579
1001,2025-12,50,50,50,246,274,520
1001,2025-12,51,51,51,252,276,528
1001,2025-12,52,52,52,244,272,516
1001,2025-12,53,53,53,243,267,510
1001,2025-12,54,54,54,272,267,539
1001,2025-12,55,55,55,247,277,524
1001,2025-12,56,56,56,258,235,493
1001,2025-12,57,57,57,267,263,530
1001,2025-12,58,58,58,258,259,517
1001,2025-12,59,59,59,238,257,495
1001,2025-12,60,60,60,248,281,529
1001,2025-12,61,61,61,225,292,517
1001,2025-12,62,62,62,257,307,564
1001,2025-12,63,63,63,236,297,533
1001,2025-12,64,64,64,281,288,569
1001,2025-12,65,65,65,265,324,589
1001,2025-12,66,66,66,240,301,541
1001,2025-12,67,67,67,232,335,567
1001,2025-12,68,68,68,229,320,549
1001,2025-12,69,69,69,263,335,598
1001,2025-12,70,70,70,242,308,550
1001,2025-12,71,71,71,209,310,519
1001,2025-12,72,72,72,238,279,517
1001,2025-12,73,73,73,213,286,499
1001,2025-12,74,74,74,219,285,504
1001,2025-12,75,75,75,203,250,453
1001,2025-12,76,76,76,189,266,455
1001,2025-12,77,77,77,173,225,398
1001,2025-12,78,78,78,141,218,359
1001,2025-12,79,79,79,106,201,307
1001,2025-12,80,80,80,101,170,271
1001,2025-12,81,81,81,84,153,237
1001,2025-12,82,82,82,100,147,247
1001,2025-12,83,83,83,69,121,190
1001,2025-12,84,84,84,78,119,197
1001,2025-12,85,85,85,90,108,198
1001,2025-12,86,86,86,52,143,195
1001,2025-12,87,87,87,64,120,184
1001,2025-12,88,88,88,55,102,157
1001,2025-12,89,89,89,63,75,138
1001,2025-12,90,90,90,50,71,121
1001,2025-12,91,91,91,33,72,105
1001,2025-12,92,92,92,30,58,88
1001,2025-12,93,93,93,28,55,83
1001,2025-12,94,94,94,21,34,55
1001,2025-12,95,95,95,22,27,49
1001,2025-12,96,96,96,21,27,48
1001,2025-12,97,97,97,14,23,37
1001,2025-12,98,98,98,7,22,29
1001,2025-12,99,99,99,12,15,27
1001,2025-12,100,100,100,8,11,19
1001,2025-12,101,,101+,65,50,115
1002,2025-12,0,0,0,105,111,216
1002,2025-12,1,1,1,126,141,267
1002,2025-12,2,2,2,170,159,329
1002,2025-12,3,3,3,162,150,312
1002,2025-12,4,4,4,174,165,339
1002,2025-12,5,5,5,205,188,393
1002,2025-12,6,6,6,233,207,440
1002,2025-12,7,7,7,217,222,439
1002,2025-12,8,8,8,238,219,457
1002,2025-12,9,9,9,246,227,473
1002,2025-12,10,10,10,261,237,498
1002,2025-12,11,11,11,274,257,531
1002,2025-12,12,12,12,281,283,564
1002,2025-12,13,13,13,325,271,596
1002,2025-12,14,14,14,303,242,545
1002,2025-12,15,15,15,266,245,511
1002,2025-12,16,16,16,303,277,580
1002,2025-12,17,17,17,281,299,580
1002,2025-12,18,18,18,327,288,615
1002,2025-12,19,19,19,354,273,627
1002,2025-12,20,20,20,403,280,683
1002,2025-12,21,21,21,1485,341,1826
1002,2025-12,22,22,22,1566,326,1892
1002,2025-12,23,23,23,680,312,992
1002,2025-12,24,24,24,532,330,862
1002,2025-12,25,25,25,519,395,914
1002,2025-12,26,26,26,467,365,832
1002,2025-12,27,27,27,576,362,938
1002,2025-12,28,28,28,559,385,944
1002,2025-12,29,29,29,493,385,878
1002,2025-12,30,30,30,505,368,873
1002,2025-12,31,31,31,464,366,830
1002,2025-12,32,32,32,423,356,779
1002,2025-12,33,33,33,429,359,788
1002,2025-12,34,34,34,430,370,800
1002,2025-12,35,35,35,428,351,779
1002,2025-12,36,36,36,427,336,763
1002,2025-12,37,37,37,375,341,716
1002,2025-12,38,38,38,371,300,671
1002,2025-12,39,39,39,439,390,829
1002,2025-12,40,40,40,477,368,845
1002,2025-12,41,41,41,466,383,849
1002,2025-12,42,42,42,469,382,851
1002,2025-12,43,43,43,468,420,888
1002,2025-12,44,44,44,503,394,897
1002,2025-12,45,45,45,466,438,904
1002,2025-12,46,46,46,491,426,917
1002,2025-12,47,47,47,475,419,894
1002,2025-12,48,48,48,467,433,900
1002,2025-12,49,49,49,460,474,934
1002,2025-12,50,50,50,437,462,899
1002,2025-12,51,51,51,506,450,956
1002,2025-12,52,52,52,449,441,890
1002,2025-12,53,53,53,440,453,893
1002,2025-12,54,54,54,447,447,894
1002,2025-12,55,55,55,445,441,886
1002,2025-12,56,56,56,466,464,930
1002,2025-12,57,57,57,499,475,974
1002,2025-12,58,58,58,484,515,999
1002,2025-12,59,59,59,474,506,980
1002,2025-12,60,60,60,442,506,948
1002,2025-12,61,61,61,481,540,1021
1002,2025-12,62,62,62,424,538,962
1002,2025-12,63,63,63,427,509,936
1002,2025-12,64,64,64,433,534,967
1002,2025-12,65,65,65,454,575,1029
1002,2025-12,66,66,66,426,524,950
1002,2025-12,67,67,67,420,505,925
1002,2025-12,68,68,68,394,446,840
1002,2025-12,69,69,69,410,527,937
1002,2025-12,70,70,70,377,531,908
1002,2025-12,71,71,71,362,527,889
1002,2025-12,72,72,72,343,452,795
1002,2025-12,73,73,73,356,471,827
1002,2025-12,74,74,74,320,401,721
1002,2025-12,75,75,75,298,420,718
1002,2025-12,76,76,76,244,373,617
1002,2025-12,77,77,77,276,351,627
1002,2025-12,78,78,78,243,327,570
1002,2025-12,79,79,79,219,278,497
1002,2025-12,80,80,80,198,300,498
1002,2025-12,81,81,81,183,251,434
1002,2025-12,82,82,82,177,254,431
1002,2025-12,83,83,83,164,271,435
1002,2025-12,84,84,84,180,250,430
1002,2025-12,85,85,85,173,213,386
1002,2025-12,86,86,86,157,184,341
1002,2025-12,87,87,87,174,215,389
1002,2025-12,88,88,88,193,173,366
1002,2025-12,89,89,89,160,180,340
1002,2025-12,90,90,90,121,174,295
1002,2025-12,91,91,91,130,140,270
1002,2025-12,92,92,92,115,115,230
1002,2025-12,93,93,93,108,130,238
1002,2025-12,94,94,94,101,121,222
1002,2025-12,95,95,95,89,84,173
1002,2025-12,96,96,96,67,68,135
1002,2025-12,97,97,97,64,51,115
1002,2025-12,98,98,98,53,49,102
1002,2025-12,99,99,99,71,41,112
1002,2025-12,100,100,100,42,34,76
1002,2025-12,101,,101+,323,254,577
1003,2025-12,0,0,0,733,603,1336
1003,2025-12,1,1,1,787,732,1519
1003,2025-12,2,2,2,932,824,1756
1003,2025-12,3,3,3,850,842,1692
1003,2025-12,4,4,4,936,875,1811
1003,2025-12,5,5,5,1021,915,1936
1003,2025-12,6,6,6,952,1000,1952
1003,2025-12,7,7,7,1075,956,2031
1003,2025-12,8,8,8,1093,1031,2124
1003,2025-12,9,9,9,1096,969,2065
1003,2025-12,10,10,10,1095,1081,2176
1003,2025-12,11,11,11,1169,1092,2261
1003,2025-12,12,12,12,1216,1127,2343
1003,2025-12,13,13,13,1259,1212,2471
1003,2025-12,14,14,14,1265,1188,2453
1003,2025-12,15,15,15,1223,1173,2396
1003,2025-12,16,16,16,1291,1215,2506
1003,2025-12,17,17,17,1301,1289,2590
1003,2025-12,18,18,18,1398,1336,2734
1003,2025-12,19,19,19,1292,1315,2607
1003,2025-12,20,20,20,1317,1365,2682
1003,2025-12,21,21,21,1235,1340,2575
1003,2025-12,22,22,22,1268,1327,2595
1003,2025-12,23,23,23,1344,1315,2659
1003,2025-12,24,24,24,1262,1347,2609
1003,2025-12,25,25,25,1354,1389,2743
1003,2025-12,26,26,26,1339,1373,2712
1003,2025-12,27,27,27,1392,1410,2802
1003,2025-12,28,28,28,1531,1587,3118
1003,2025-12,29,29,29,1506,1524,3030
1003,2025-12,30,30,30,1541,1585,3126
1003,2025-12,31,31,31,1421,1479,2900
1003,2025-12,32,32,32,1448,1473,2921
1003,2025-12,33,33,33,1385,1511,2896
1003,2025-12,34,34,34,1403,1493,2896
1003,2025-12,35,35,35,1292,1471,2763
1003,2025-12,36,36,36,1265,1385,2650
1003,2025-12,37,37,37,1212,1262,2474
1003,2025-12,38,38,38,1193,1272,2465
1003,2025-12,39,39,39,1290,1313,2603
1003,2025-12,40,40,40,1241,1313,2554
1003,2025-12,41,41,41,1261,1343,2604
1003,2025-12,42,42,42,1396,1471,2867
1003,2025-12,43,43,43,1339,1503,2842
1003,2025-12,44,44,44,1390,1523,2913
1003,2025-12,45,45,45,1401,1605,3006
1003,2025-12,46,46,46,1451,1553,3004
1003,2025-12,47,47,47,1408,1542,2950
1003,2025-12,48,48,48,1398,1671,3069
1003,2025-12,49,49,49,1439,1636,3075
1003,2025-12,50,50,50,1438,1593,3031
1003,2025-12,51,51,51,1411,1577,2988
1003,2025-12,52,52,52,1398,1551,2949
1003,2025-12,53,53,53,1393,1558,2951
1003,2025-12,54,54,54,1536,1722,3258
1003,2025-12,55,55,55,1390,1497,2887
1003,2025-12,56,56,56,1402,1563,2965
1003,2025-12,57,57,57,1395,1543,2938
1003,2025-12,58,58,58,1344,1469,2813
1003,2025-12,59,59,59,1255,1436,2691
1003,2025-12,60,60,60,1233,1397,2630
1003,2025-12,61,61,61,1195,1274,2469
1003,2025-12,62,62,62,1100,1140,2240
1003,2025-12,63,63,63,960,1046,2006
1003,2025-12,64,64,64,880,1044,1924
1003,2025-12,65,65,65,916,1012,1928
1003,2025-12,66,66,66,742,882,1624
1003,2025-12,67,67,67,645,794,1439
1003,2025-12,68,68,68,599,750,1349
1003,2025-12,69,69,69,556,650,1206
1003,2025-12,70,70,70,478,630,1108
1003,2025-12,71,71,71,483,585,1068
1003,2025-12,72,72,72,426,528,954
1003,2025-12,73,73,73,367,565,932
1003,2025-12,74,74,74,380,494,874
1003,2025-12,75,75,75,299,433,732
1003,2025-12,76,76,76,306,401,707
1003,2025-12,77,77,77,280,379,659
1003,2025-12,78,78,78,227,297,524
1003,2025-12,79,79,79,189,260,449
1003,2025-12,80,80,80,165,233,398
1003,2025-12,81,81,81,144,217,361
1003,2025-12,82,82,82,136,219,355
1003,2025-12,83,83,83,108,161,269
1003,2025-12,84,84,84,117,192,309
1003,2025-12,85,85,85,98,143,241
1003,2025-12,86,86,86,87,160,247
1003,2025-12,87,87,87,72,115,187
1003,2025-12,88,88,88,64,108,172
1003,2025-12,89,89,89,66,99,165
1003,2025-12,90,90,90,36,64,100
1003,2025-12,91,91,91,28,59,87
1003,2025-12,92,92,92,35,53,88
1003,2025-12,93,93,93,22,41,63
1003,2025-12,94,94,94,21,21,42
1003,2025-12,95,95,95,25,22,47
1003,2025-12,96,96,96,9,16,25
1003,2025-12,97,97,97,17,11,28
1003,2025-12,98,98,98,6,13,19
1003,2025-12,99,99,99,6,7,13
1003,2025-12,100,100,100,7,2,9
1003,2025-12,101,,101+,23,31,54
1004,2025-12,0,0,0,61,48,109
1004,2025-12,1,1,1,74,54,128
1004,2025-12,2,2,2,73,60,133
1004,2025-12,3,3,3,74,57,131
1004,2025-12,4,4,4,76,89,165
1004,2025-12,5,5,5,97,86,183
1004,2025-12,6,6,6,102,109,211
1004,2025-12,7,7,7,95,100,195
1004,2025-12,8,8,8,101,115,216
1004,2025-12,9,9,9,108,109,217
1004,2025-12,10,10,10,111,105,216
1004,2025-12,11,11,11,116,105,221
1004,2025-12,12,12,12,142,137,279
1004,2025-12,13,13,13,138,130,268
1004,2025-12,14,14,14,135,116,251
1004,2025-12,15,15,15,136,118,254
1004,2025-12,16,16,16,124,115,239
1004,2025-12,17,17,17,171,160,331
1004,2025-12,18,18,18,163,147,310
1004,2025-12,19,19,19,153,131,284
1004,2025-12,20,20,20,163,172,335
1004,2025-12,21,21,21,142,198,340
1004,2025-12,22,22,22,164,171,335
1004,2025-12,23,23,23,147,165,312
1004,2025-12,24,24,24,171,149,320
1004,2025-12,25,25,25,188,178,366
1004,2025-12,26,26,26,175,178,353
1004,2025-12,27,27,27,156,184,340
1004,2025-12,28,28,28,213,214,427
1004,2025-12,29,29,29,188,259,447
1004,2025-12,30,30,30,211,249,460
1004,2025-12,31,31,31,234,232,466
1004,2025-12,32,32,32,208,205,413
1004,2025-12,33,33,33,225,249,474
1004,2025-12,34,34,34,219,213,432
1004,2025-12,35,35,35,231,252,483
1004,2025-12,36,36,36,215,236,451
1004,2025-12,37,37,37,264,237,501
1004,2025-12,38,38,38,239,242,481
1004,2025-12,39,39,39,216,222,438
1004,2025-12,40,40,40,216,228,444
1004,2025-12,41,41,41,207,256,463
1004,2025-12,42,42,42,222,282,504
1004,2025-12,43,43,43,261,266,527
1004,2025-12,44,44,44,242,231,473
1004,2025-12,45,45,45,264,288,552
1004,2025-12,46,46,46,253,288,541
1004,2025-12,47,47,47,224,315,539
1004,2025-12,48,48,48,235,284,519
1004,2025-12,49,49,49,208,301,509
1004,2025-12,50,50,50,226,284,510
1004,2025-12,51,51,51,224,274,498
1004,2025-12,52,52,52,228,278,506
1004,2025-12,53,53,53,213,285,498
1004,2025-12,54,54,54,255,296,551
1004,2025-12,55,55,55,219,275,494
1004,2025-12,56,56,56,225,271,496
1004,2025-12,57,57,57,202,281,483
1004,2025-12,58,58,58,237,270,507
1004,2025-12,59,59,59,175,279,454
1004,2025-12,60,60,60,230,272,502
1004,2025-12,61,61,61,205,283,488
1004,2025-12,62,62,62,189,290,479
1004,2025-12,63,63,63,182,305,487
1004,2025-12,64,64,64,179,296,475
1004,2025-12,65,65,65,207,297,504
1004,2025-12,66,66,66,198,290,488
1004,2025-12,67,67,67,190,282,472
1004,2025-12,68,68,68,191,286,477
1004,2025-12,69,69,69,193,260,453
1004,2025-12,70,70,70,198,263,461
1004,2025-12,71,71,71,180,297,477
1004,2025-12,72,72,72,178,238,416
1004,2025-12,73,73,73,152,255,407
1004,2025-12,74,74,74,154,267,421
1004,2025-12,75,75,75,162,257,419
1004,2025-12,76,76,76,164,255,419
1004,2025-12,77,77,77,134,227,361
1004,2025-12,78,78,78,129,179,308
1004,2025-12,79,79,79,92,154,246
1004,2025-12,80,80,80,86,144,230
1004,2025-12,81,81,81,84,131,215
1004,2025-12,82,82,82,76,109,185
1004,2025-12,83,83,83,68,128,196
1004,2025-12,84,84,84,65,104,169
1004,2025-12,85,85,85,54,85,139
1004,2025-12,86,86,86,40,110,150
1004,2025-12,87,87,87,44,115,159
1004,2025-12,88,88,88,37,73,110
1004,2025-12,89,89,89,40,75,115
1004,2025-12,90,90,90,26,59,85
1004,2025-12,91,91,91,24,53,77
1004,2025-12,92,92,92,18,49,67
1004,2025-12,93,93,93,16,45,61
1004,2025-12,94,94,94,15,29,44
1004,2025-12,95,95,95,8,22,30
1004,2025-12,96,96,96,7,14,21
1004,2025-12,97,97,97,6,19,25
1004,2025-12,98,98,98,3,11,14
1004,2025-12,99,99,99,12,13,25
1004,2025-12,100,100,100,4,5,9
1004,2025-12,101,,101+,17,25,42
1005,2025-12,0,0,0,384,324,708
1005,2025-12,1,1,1,470,447,917
1005,2025-12,2,2,2,488,446,934
1005,2025-12,3,3,3,562,475,1037
1005,2025-12,4,4,4,569,525,1094
1005,2025-12,5,5,5,621,575,1196
1005,2025-12,6,6,6,615,636,1251
1005,2025-12,7,7,7,707,626,1333
1005,2025-12,8,8,8,707,677,1384
1005,2025-12,9,9,9,721,705,1426
1005,2025-12,10,10,10,704,690,1394
1005,2025-12,11,11,11,787,747,1534
1005,2025-12,12,12,12,846,795,1641
1005,2025-12,13,13,13,909,837,1746
1005,2025-12,14,14,14,915,825,1740
1005,2025-12,15,15,15,919,853,1772
1005,2025-12,16,16,16,859,833,1692
1005,2025-12,17,17,17,930,853,1783
1005,2025-12,18,18,18,935,902,1837
1005,2025-12,19,19,19,935,924,1859
1005,2025-12,20,20,20,901,973,1874
1005,2025-12,21,21,21,1183,1003,2186
1005,2025-12,22,22,22,1174,954,2128
1005,2025-12,23,23,23,1007,1027,2034
1005,2025-12,24,24,24,985,1028,2013
1005,2025-12,25,25,25,1100,1085,2185
1005,2025-12,26,26,26,1100,1063,2163
1005,2025-12,27,27,27,1156,1136,2292
1005,2025-12,28,28,28,1298,1374,2672
1005,2025-12,29,29,29,1326,1399,2725
1005,2025-12,30,30,30,1378,1452,2830
1005,2025-12,31,31,31,1265,1328,2593
1005,2025-12,32,32,32,1332,1355,2687
1005,2025-12,33,33,33,1344,1432,2776
1005,2025-12,34,34,34,1348,1323,2671
1005,2025-12,35,35,35,1296,1449,2745
1005,2025-12,36,36,36,1223,1291,2514
1005,2025-12,37,37,37,1282,1387,2669
1005,2025-12,38,38,38,1175,1290,2465
1005,2025-12,39,39,39,1183,1406,2589
1005,2025-12,40,40,40,1247,1493,2740
1005,2025-12,41,41,41,1355,1545,2900
1005,2025-12,42,42,42,1324,1569,2893
1005,2025-12,43,43,43,1438,1715,3153
1005,2025-12,44,44,44,1465,1630,3095
1005,2025-12,45,45,45,1438,1767,3205
1005,2025-12,46,46,46,1521,1784,3305
1005,2025-12,47,47,47,1406,1648,3054
1005,2025-12,48,48,48,1454,1687,3141
1005,2025-12,49,49,49,1376,1743,3119
1005,2025-12,50,50,50,1412,1656,3068
1005,2025-12,51,51,51,1403,1628,3031
1005,2025-12,52,52,52,1289,1626,2915
1005,2025-12,53,53,53,1367,1662,3029
1005,2025-12,54,54,54,1342,1705,3047
1005,2025-12,55,55,55,1348,1657,3005
1005,2025-12,56,56,56,1370,1641,3011
1005,2025-12,57,57,57,1383,1673,3056
1005,2025-12,58,58,58,1362,1662,3024
1005,2025-12,59,59,59,1145,1597,2742
1005,2025-12,60,60,60,1241,1606,2847
1005,2025-12,61,61,61,1232,1539,2771
1005,2025-12,62,62,62,1125,1453,2578
1005,2025-12,63,63,63,1070,1478,2548
1005,2025-12,64,64,64,1024,1388,2412
1005,2025-12,65,65,65,1018,1414,2432
1005,2025-12,66,66,66,955,1319,2274
1005,2025-12,67,67,67,906,1220,2126
1005,2025-12,68,68,68,798,1194,1992
1005,2025-12,69,69,69,777,1165,1942
1005,2025-12,70,70,70,708,1064,1772
1005,2025-12,71,71,71,658,1049,1707
1005,2025-12,72,72,72,595,919,1514
1005,2025-12,73,73,73,600,863,1463
1005,2025-12,74,74,74,517,830,1347
1005,2025-12,75,75,75,524,802,1326
1005,2025-12,76,76,76,470,784,1254
1005,2025-12,77,77,77,392,653,1045
1005,2025-12,78,78,78,373,576,949
1005,2025-12,79,79,79,326,520,846
1005,2025-12,80,80,80,312,458,770
1005,2025-12,81,81,81,248,451,699
1005,2025-12,82,82,82,255,383,638
1005,2025-12,83,83,83,203,363,566
1005,2025-12,84,84,84,211,349,560
1005,2025-12,85,85,85,141,277,418
1005,2025-12,86,86,86,156,273,429
1005,2025-12,87,87,87,133,237,370
1005,2025-12,88,88,88,90,190,280
1005,2025-12,89,89,89,116,172,288
1005,2025-12,90,90,90,86,157,243
1005,2025-12,91,91,91,66,127,193
1005,2025-12,92,92,92,48,84,132
1005,2025-12,93,93,93,46,108,154
1005,2025-12,94,94,94,35,71,106
1005,2025-12,95,95,95,23,52,75
1005,2025-12,96,96,96,14,51,65
1005,2025-12,97,97,97,13,23,36
1005,2025-12,98,98,98,19,25,44
1005,2025-12,99,99,99,8,17,25
1005,2025-12,100,100,100,9,13,22
1005,2025-12,101,,101+,30,37,67
1006,2025-12,0,0,0,279,253,532
1006,2025-12,1,1,1,334,341,675
1006,2025-12,2,2,2,340,366,706
1006,2025-12,3,3,3,366,321,687
1006,2025-12,4,4,4,448,407,855
1006,2025-12,5,5,5,501,429,930
1006,2025-12,6,6,6,488,493,981
1006,2025-12,7,7,7,507,514,1021
1006,2025-12,8,8,8,598,601,1199
1006,2025-12,9,9,9,581,601,1182
1006,2025-12,10,10,10,604,531,1135
1006,2025-12,11,11,11,630,628,1258
1006,2025-12,12,12,12,602,612,1214
1006,2025-12,13,13,13,697,674,1371
1006,2025-12,14,14,14,672,662,1334
1006,2025-12,15,15,15,622,662,1284
1006,2025-12,16,16,16,687,694,1381
1006,2025-12,17,17,17,744,725,1469
1006,2025-12,18,18,18,772,735,1507
1006,2025-12,19,19,19,711,713,1424
1006,2025-12,20,20,20,704,725,1429
1006,2025-12,21,21,21,723,762,1485
1006,2025-12,22,22,22,722,724,1446
1006,2025-12,23,23,23,722,785,1507
1006,2025-12,24,24,24,703,791,1494
1006,2025-12,25,25,25,753,857,1610
1006,2025-12,26,26,26,727,831,1558
1006,2025-12,27,27,27,812,854,1666
1006,2025-12,28,28,28,895,967,1862
1006,2025-12,29,29,29,966,1054,2020
1006,2025-12,30,30,30,1008,1078,2086
1006,2025-12,31,31,31,957,1041,1998
1006,2025-12,32,32,32,970,1034,2004
1006,2025-12,33,33,33,976,1050,2026
1006,2025-12,34,34,34,910,1074,1984
1006,2025-12,35,35,35,993,1063,2056
1006,2025-12,36,36,36,931,1041,1972
1006,2025-12,37,37,37,951,1044,1995
1006,2025-12,38,38,38,845,1015,1860
1006,2025-12,39,39,39,914,1049,1963
1006,2025-12,40,40,40,905,1143,2048
1006,2025-12,41,41,41,1058,1211,2269
1006,2025-12,42,42,42,1010,1286,2296
1006,2025-12,43,43,43,1102,1390,2492
1006,2025-12,44,44,44,1087,1442,2529
1006,2025-12,45,45,45,1172,1422,2594
1006,2025-12,46,46,46,1102,1479,2581
1006,2025-12,47,47,47,1165,1398,2563
1006,2025-12,48,48,48,1080,1412,2492
1006,2025-12,49,49,49,1062,1409,2471
1006,2025-12,50,50,50,1018,1345,2363
1006,2025-12,51,51,51,987,1260,2247
1006,2025-12,52,52,52,993,1254,2247
1006,2025-12,53,53,53,1020,1288,2308
1006,2025-12,54,54,54,994,1343,2337
1006,2025-12,55,55,55,973,1338,2311
1006,2025-12,56,56,56,939,1304,2243
1006,2025-12,57,57,57,908,1278,2186
1006,2025-12,58,58,58,915,1226,2141
1006,2025-12,59,59,59,845,1098,1943
1006,2025-12,60,60,60,846,1128,1974
1006,2025-12,61,61,61,801,1197,1998
1006,2025-12,62,62,62,768,1097,1865
1006,2025-12,63,63,63,750,1055,1805
1006,2025-12,64,64,64,736,1047,1783
1006,2025-12,65,65,65,727,1045,1772
1006,2025-12,66,66,66,713,986,1699
1006,2025-12,67,67,67,599,886,1485
1006,2025-12,68,68,68,625,848,1473
1006,2025-12,69,69,69,603,857,1460
1006,2025-12,70,70,70,548,829,1377
1006,2025-12,71,71,71,520,778,1298
1006,2025-12,72,72,72,485,755,1240
1006,2025-12,73,73,73,432,675,1107
1006,2025-12,74,74,74,449,676,1125
1006,2025-12,75,75,75,422,596,1018
1006,2025-12,76,76,76,376,550,926
1006,2025-12,77,77,77,316,534,850
1006,2025-12,78,78,78,302,453,755
1006,2025-12,79,79,79,256,392,648
1006,2025-12,80,80,80,206,371,577
1006,2025-12,81,81,81,203,393,596
1006,2025-12,82,82,82,183,290,473
1006,2025-12,83,83,83,171,299,470
1006,2025-12,84,84,84,136,312,448
1006,2025-12,85,85,85,125,218,343
1006,2025-12,86,86,86,156,234,390
1006,2025-12,87,87,87,95,207,302
1006,2025-12,88,88,88,97,186,283
1006,2025-12,89,89,89,87,171,258
1006,2025-12,90,90,90,67,138,205
1006,2025-12,91,91,91,50,120,170
1006,2025-12,92,92,92,38,78,116
1006,2025-12,93,93,93,32,77,109
1006,2025-12,94,94,94,38,65,103
1006,2025-12,95,95,95,19,43,62
1006,2025-12,96,96,96,10,40,50
1006,2025-12,97,97,97,12,24,36
1006,2025-12,98,98,98,9,19,28
1006,2025-12,99,99,99,7,13,20
1006,2025-12,100,100,100,3,6,9
1006,2025-12,101,,101+,28,36,64
1007,2025-12,0,0,0,49,57,106
1007,2025-12,1,1,1,102,66,168
1007,2025-12,2,2,2,73,75,148
1007,2025-12,3,3,3,96,72,168
1007,2025-12,4,4,4,79,81,160
1007,2025-12,5,5,5,99,93,192
1007,2025-12,6,6,6,96,104,200
1007,2025-12,7,7,7,105,112,217
1007,2025-12,8,8,8,134,131,265
1007,2025-12,9,9,9,103,120,223
1007,2025-12,10,10,10,138,145,283
1007,2025-12,11,11,11,150,129,279
1007,2025-12,12,12,12,166,133,299
1007,2025-12,13,13,13,156,155,311
1007,2025-12,14,14,14,162,125,287
1007,2025-12,15,15,15,146,154,300
1007,2025-12,16,16,16,164,158,322
1007,2025-12,17,17,17,178,147,325
1007,2025-12,18,18,18,180,148,328
1007,2025-12,19,19,19,170,175,345
1007,2025-12,20,20,20,198,198,396
1007,2025-12,21,21,21,187,224,411
1007,2025-12,22,22,22,192,206,398
1007,2025-12,23,23,23,183,205,388
1007,2025-12,24,24,24,198,209,407
1007,2025-12,25,25,25,215,226,441
1007,2025-12,26,26,26,207,219,426
1007,2025-12,27,27,27,210,194,404
1007,2025-12,28,28,28,215,253,468
1007,2025-12,29,29,29,251,231,482
1007,2025-12,30,30,30,256,256,512
1007,2025-12,31,31,31,240,239,479
1007,2025-12,32,32,32,269,282,551
1007,2025-12,33,33,33,249,270,519
1007,2025-12,34,34,34,232,232,464
1007,2025-12,35,35,35,227,238,465
1007,2025-12,36,36,36,234,222,456
1007,2025-12,37,37,37,224,255,479
1007,2025-12,38,38,38,205,223,428
1007,2025-12,39,39,39,222,256,478
1007,2025-12,40,40,40,227,278,505
1007,2025-12,41,41,41,218,258,476
1007,2025-12,42,42,42,236,273,509
1007,2025-12,43,43,43,253,261,514
1007,2025-12,44,44,44,261,285,546
1007,2025-12,45,45,45,288,275,563
1007,2025-12,46,46,46,261,282,543
1007,2025-12,47,47,47,222,302,524
1007,2025-12,48,48,48,250,269,519
1007,2025-12,49,49,49,255,280,535
1007,2025-12,50,50,50,248,278,526
1007,2025-12,51,51,51,217,267,484
1007,2025-12,52,52,52,211,236,447
1007,2025-12,53,53,53,216,276,492
1007,2025-12,54,54,54,240,293,533
1007,2025-12,55,55,55,235,289,524
1007,2025-12,56,56,56,242,305,547
1007,2025-12,57,57,57,247,313,560
1007,2025-12,58,58,58,237,293,530
1007,2025-12,59,59,59,221,281,502
1007,2025-12,60,60,60,252,279,531
1007,2025-12,61,61,61,219,309,528
1007,2025-12,62,62,62,213,308,521
1007,2025-12,63,63,63,204,293,497
1007,2025-12,64,64,64,207,282,489
1007,2025-12,65,65,65,207,293,500
1007,2025-12,66,66,66,211,297,508
1007,2025-12,67,67,67,196,255,451
1007,2025-12,68,68,68,192,236,428
1007,2025-12,69,69,69,187,293,480
1007,2025-12,70,70,70,178,229,407
1007,2025-12,71,71,71,166,270,436
1007,2025-12,72,72,72,187,230,417
1007,2025-12,73,73,73,142,224,366
1007,2025-12,74,74,74,148,207,355
1007,2025-12,75,75,75,160,178,338
1007,2025-12,76,76,76,126,193,319
1007,2025-12,77,77,77,116,158,274
1007,2025-12,78,78,78,110,152,262
1007,2025-12,79,79,79,85,115,200
1007,2025-12,80,80,80,66,108,174
1007,2025-12,81,81,81,64,106,170
1007,2025-12,82,82,82,52,81,133
1007,2025-12,83,83,83,56,89,145
1007,2025-12,84,84,84,42,94,136
1007,2025-12,85,85,85,43,48,91
1007,2025-12,86,86,86,38,67,105
1007,2025-12,87,87,87,33,72,105
1007,2025-12,88,88,88,22,55,77
1007,2025-12,89,89,89,28,46,74
1007,2025-12,90,90,90,16,40,56
1007,2025-12,91,91,91,13,35,48
1007,2025-12,92,92,92,15,26,41
1007,2025-12,93,93,93,13,27,40
1007,2025-12,94,94,94,6,21,27
1007,2025-12,95,95,95,1,16,17
1007,2025-12,96,96,96,4,16,20
1007,2025-12,97,97,97,1,7,8
1007,2025-12,98,98,98,2,4,6
1007,2025-12,99,99,99,0,6,6
1007,2025-12,100,100,100,1,2,3
1007,2025-12,101,,101+,2,5,7
1008,2025-12,0,0,0,52,38,90
1008,2025-12,1,1,1,60,36,96
1008,2025-12,2,2,2,63,50,113
1008,2025-12,3,3,3,74,62,136
1008,2025-12,4,4,4,82,64,146
1008,2025-12,5,5,5,104,73,177
1008,2025-12,6,6,6,114,85,199
1008,2025-12,7,7,7,97,90,187
1008,2025-12,8,8,8,123,95,218
1008,2025-12,9,9,9,129,93,222
1008,2025-12,10,10,10,135,117,252
1008,2025-12,11,11,11,141,102,243
1008,2025-12,12,12,12,143,124,267
1008,2025-12,13,13,13,141,131,272
1008,2025-12,14,14,14,157,123,280
1008,2025-12,15,15,15,147,114,261
1008,2025-12,16,16,16,150,112,262
1008,2025-12,17,17,17,146,111,257
1008,2025-12,18,18,18,168,140,308
1008,2025-12,19,19,19,151,130,281
1008,2025-12,20,20,20,143,118,261
1008,2025-12,21,21,21,171,162,333
1008,2025-12,22,22,22,151,149,300
1008,2025-12,23,23,23,161,183,344
1008,2025-12,24,24,24,198,187,385
1008,2025-12,25,25,25,209,197,406
1008,2025-12,26,26,26,195,178,373
1008,2025-12,27,27,27,210,177,387
1008,2025-12,28,28,28,216,202,418
1008,2025-12,29,29,29,232,194,426
1008,2025-12,30,30,30,214,238,452
1008,2025-12,31,31,31,237,200,437
1008,2025-12,32,32,32,222,191,413
1008,2025-12,33,33,33,227,199,426
1008,2025-12,34,34,34,225,199,424
1008,2025-12,35,35,35,187,183,370
1008,2025-12,36,36,36,230,163,393
1008,2025-12,37,37,37,220,201,421
1008,2025-12,38,38,38,198,183,381
1008,2025-12,39,39,39,195,156,351
1008,2025-12,40,40,40,205,211,416
1008,2025-12,41,41,41,195,189,384
1008,2025-12,42,42,42,197,224,421
1008,2025-12,43,43,43,227,205,432
1008,2025-12,44,44,44,207,201,408
1008,2025-12,45,45,45,223,238,461
1008,2025-12,46,46,46,237,230,467
1008,2025-12,47,47,47,255,238,493
1008,2025-12,48,48,48,245,234,479
1008,2025-12,49,49,49,241,254,495
1008,2025-12,50,50,50,246,262,508
1008,2025-12,51,51,51,209,233,442
1008,2025-12,52,52,52,247,238,485
1008,2025-12,53,53,53,238,233,471
1008,2025-12,54,54,54,246,220,466
1008,2025-12,55,55,55,227,263,490
1008,2025-12,56,56,56,213,237,450
1008,2025-12,57,57,57,222,277,499
1008,2025-12,58,58,58,275,246,521
1008,2025-12,59,59,59,217,286,503
1008,2025-12,60,60,60,233,279,512
1008,2025-12,61,61,61,219,304,523
1008,2025-12,62,62,62,250,271,521
1008,2025-12,63,63,63,212,287,499
1008,2025-12,64,64,64,266,285,551
1008,2025-12,65,65,65,260,331,591
1008,2025-12,66,66,66,248,334,582
1008,2025-12,67,67,67,248,314,562
1008,2025-12,68,68,68,240,289,529
1008,2025-12,69,69,69,215,322,537
1008,2025-12,70,70,70,199,293,492
1008,2025-12,71,71,71,227,318,545
1008,2025-12,72,72,72,223,298,521
1008,2025-12,73,73,73,209,280,489
1008,2025-12,74,74,74,198,275,473
1008,2025-12,75,75,75,198,263,461
1008,2025-12,76,76,76,182,223,405
1008,2025-12,77,77,77,158,261,419
1008,2025-12,78,78,78,137,194,331
1008,2025-12,79,79,79,110,158,268
1008,2025-12,80,80,80,100,142,242
1008,2025-12,81,81,81,86,122,208
1008,2025-12,82,82,82,79,112,191
1008,2025-12,83,83,83,89,111,200
1008,2025-12,84,84,84,62,125,187
1008,2025-12,85,85,85,60,100,160
1008,2025-12,86,86,86,71,117,188
1008,2025-12,87,87,87,74,109,183
1008,2025-12,88,88,88,68,81,149
1008,2025-12,89,89,89,47,79,126
1008,2025-12,90,90,90,54,75,129
1008,2025-12,91,91,91,40,54,94
1008,2025-12,92,92,92,31,53,84
1008,2025-12,93,93,93,31,47,78
1008,2025-12,94,94,94,23,35,58
1008,2025-12,95,95,95,17,28,45
1008,2025-12,96,96,96,17,27,44
1008,2025-12,97,97,97,16,25,41
1008,2025-12,98,98,98,15,14,29
1008,2025-12,99,99,99,7,8,15
1008,2025-12,100,100,100,11,8,19
1008,2025-12,101,,101+,68,51,119
1009,2025-12,0,0,0,164,130,294
1009,2025-12,1,1,1,177,166,343
1009,2025-12,2,2,2,179,189,368
1009,2025-12,3,3,3,210,192,402
1009,2025-12,4,4,4,228,201,429
1009,2025-12,5,5,5,219,200,419
1009,2025-12,6,6,6,285,265,550
1009,2025-12,7,7,7,253,243,496
1009,2025-12,8,8,8,245,234,479
1009,2025-12,9,9,9,291,316,607
1009,2025-12,10,10,10,288,271,559
1009,2025-12,11,11,11,332,337,669
1009,2025-12,12,12,12,287,290,577
1009,2025-12,13,13,13,357,353,710
1009,2025-12,14,14,14,348,326,674
1009,2025-12,15,15,15,316,345,661
1009,2025-12,16,16,16,348,351,699
1009,2025-12,17,17,17,330,364,694
1009,2025-12,18,18,18,396,386,782
1009,2025-12,19,19,19,339,378,717
1009,2025-12,20,20,20,377,380,757
1009,2025-12,21,21,21,386,405,791
1009,2025-12,22,22,22,403,394,797
1009,2025-12,23,23,23,372,441,813
1009,2025-12,24,24,24,386,469,855
1009,2025-12,25,25,25,482,495,977
1009,2025-12,26,26,26,433,490,923
1009,2025-12,27,27,27,476,525,1001
1009,2025-12,28,28,28,577,653,1230
1009,2025-12,29,29,29,598,725,1323
1009,2025-12,30,30,30,672,698,1370
1009,2025-12,31,31,31,627,714,1341
1009,2025-12,32,32,32,612,700,1312
1009,2025-12,33,33,33,581,750,1331
1009,2025-12,34,34,34,643,783,1426
1009,2025-12,35,35,35,640,764,1404
1009,2025-12,36,36,36,582,753,1335
1009,2025-12,37,37,37,637,750,1387
1009,2025-12,38,38,38,542,647,1189
1009,2025-12,39,39,39,613,693,1306
1009,2025-12,40,40,40,578,717,1295
1009,2025-12,41,41,41,602,725,1327
1009,2025-12,42,42,42,595,792,1387
1009,2025-12,43,43,43,597,783,1380
1009,2025-12,44,44,44,635,723,1358
1009,2025-12,45,45,45,629,796,1425
1009,2025-12,46,46,46,585,805,1390
1009,2025-12,47,47,47,552,714,1266
1009,2025-12,48,48,48,545,742,1287
1009,2025-12,49,49,49,578,736,1314
1009,2025-12,50,50,50,512,704,1216
1009,2025-12,51,51,51,579,688,1267
1009,2025-12,52,52,52,505,676,1181
1009,2025-12,53,53,53,526,716,1242
1009,2025-12,54,54,54,555,683,1238
1009,2025-12,55,55,55,522,682,1204
1009,2025-12,56,56,56,547,645,1192
1009,2025-12,57,57,57,507,699,1206
1009,2025-12,58,58,58,506,710,1216
1009,2025-12,59,59,59,484,678,1162
1009,2025-12,60,60,60,537,704,1241
1009,2025-12,61,61,61,531,757,1288
1009,2025-12,62,62,62,515,707,1222
1009,2025-12,63,63,63,455,688,1143
1009,2025-12,64,64,64,431,642,1073
1009,2025-12,65,65,65,472,681,1153
1009,2025-12,66,66,66,485,644,1129
1009,2025-12,67,67,67,409,666,1075
1009,2025-12,68,68,68,453,640,1093
1009,2025-12,69,69,69,409,570,979
1009,2025-12,70,70,70,343,561,904
1009,2025-12,71,71,71,345,602,947
1009,2025-12,72,72,72,335,544,879
1009,2025-12,73,73,73,336,455,791
1009,2025-12,74,74,74,287,464,751
1009,2025-12,75,75,75,300,455,755
1009,2025-12,76,76,76,265,398,663
1009,2025-12,77,77,77,232,380,612
1009,2025-12,78,78,78,175,346,521
1009,2025-12,79,79,79,166,262,428
1009,2025-12,80,80,80,148,267,415
1009,2025-12,81,81,81,155,224,379
1009,2025-12,82,82,82,114,224,338
1009,2025-12,83,83,83,102,221,323
1009,2025-12,84,84,84,118,201,319
1009,2025-12,85,85,85,61,142,203
1009,2025-12,86,86,86,83,156,239
1009,2025-12,87,87,87,80,150,230
1009,2025-12,88,88,88,73,101,174
1009,2025-12,89,89,89,56,98,154
1009,2025-12,90,90,90,39,92,131
1009,2025-12,91,91,91,17,80,97
1009,2025-12,92,92,92,39,79,118
1009,2025-12,93,93,93,16,60,76
1009,2025-12,94,94,94,11,34,45
1009,2025-12,95,95,95,11,41,52
1009,2025-12,96,96,96,12,20,32
1009,2025-12,97,97,97,11,16,27
1009,2025-12,98,98,98,4,17,21
1009,2025-12,99,99,99,4,9,13
1009,2025-12,100,100,100,3,8,11
1009,2025-12,101,,101+,3,10,13
1010,2025-12,0,0,0,391,355,746
1010,2025-12,1,1,1,461,422,883
1010,2025-12,2,2,2,517,499,1016
1010,2025-12,3,3,3,528,456,984
1010,2025-12,4,4,4,574,558,1132
1010,2025-12,5,5,5,644,534,1178
1010,2025-12,6,6,6,642,575,1217
1010,2025-12,7,7,7,647,617,1264
1010,2025-12,8,8,8,722,680,1402
1010,2025-12,9,9,9,738,677,1415
1010,2025-12,10,10,10,800,726,1526
1010,2025-12,11,11,11,814,808,1622
1010,2025-12,12,12,12,846,759,1605
1010,2025-12,13,13,13,886,873,1759
1010,2025-12,14,14,14,879,850,1729
1010,2025-12,15,15,15,850,832,1682
1010,2025-12,16,16,16,904,911,1815
1010,2025-12,17,17,17,878,908,1786
1010,2025-12,18,18,18,831,924,1755
1010,2025-12,19,19,19,897,891,1788
1010,2025-12,20,20,20,943,899,1842
1010,2025-12,21,21,21,873,876,1749
1010,2025-12,22,22,22,866,912,1778
1010,2025-12,23,23,23,926,967,1893
1010,2025-12,24,24,24,859,887,1746
1010,2025-12,25,25,25,964,967,1931
1010,2025-12,26,26,26,880,925,1805
1010,2025-12,27,27,27,931,990,1921
1010,2025-12,28,28,28,1077,1122,2199
1010,2025-12,29,29,29,1085,1072,2157
1010,2025-12,30,30,30,1080,1142,2222
1010,2025-12,31,31,31,977,1034,2011
1010,2025-12,32,32,32,1018,1046,2064
1010,2025-12,33,33,33,969,1038,2007
1010,2025-12,34,34,34,950,971,1921
1010,2025-12,35,35,35,899,976,1875
1010,2025-12,36,36,36,882,929,1811
1010,2025-12,37,37,37,832,963,1795
1010,2025-12,38,38,38,786,878,1664
1010,2025-12,39,39,39,851,989,1840
1010,2025-12,40,40,40,850,1035,1885
1010,2025-12,41,41,41,884,964,1848
1010,2025-12,42,42,42,960,1049,2009
1010,2025-12,43,43,43,983,1103,2086
1010,2025-12,44,44,44,1027,1152,2179
1010,2025-12,45,45,45,989,1241,2230
1010,2025-12,46,46,46,1060,1202,2262
1010,2025-12,47,47,47,1034,1214,2248
1010,2025-12,48,48,48,1022,1236,2258
1010,2025-12,49,49,49,1071,1218,2289
1010,2025-12,50,50,50,1030,1241,2271
1010,2025-12,51,51,51,951,1240,2191
1010,2025-12,52,52,52,991,1197,2188
1010,2025-12,53,53,53,1010,1288,2298
1010,2025-12,54,54,54,1058,1312,2370
1010,2025-12,55,55,55,1024,1300,2324
1010,2025-12,56,56,56,1008,1285,2293
1010,2025-12,57,57,57,1045,1332,2377
1010,2025-12,58,58,58,1014,1213,2227
1010,2025-12,59,59,59,965,1191,2156
1010,2025-12,60,60,60,972,1191,2163
1010,2025-12,61,61,61,884,1178,2062
1010,2025-12,62,62,62,899,1113,2012
1010,2025-12,63,63,63,810,1029,1839
1010,2025-12,64,64,64,745,963,1708
1010,2025-12,65,65,65,718,956,1674
1010,2025-12,66,66,66,669,899,1568
1010,2025-12,67,67,67,609,794,1403
1010,2025-12,68,68,68,538,786,1324
1010,2025-12,69,69,69,509,700,1209
1010,2025-12,70,70,70,488,617,1105
1010,2025-12,71,71,71,472,650,1122
1010,2025-12,72,72,72,388,544,932
1010,2025-12,73,73,73,410,524,934
1010,2025-12,74,74,74,333,488,821
1010,2025-12,75,75,75,286,466,752
1010,2025-12,76,76,76,290,383,673
1010,2025-12,77,77,77,241,351,592
1010,2025-12,78,78,78,205,286,491
1010,2025-12,79,79,79,155,216,371
1010,2025-12,80,80,80,127,240,367
1010,2025-12,81,81,81,138,233,371
1010,2025-12,82,82,82,119,228,347
1010,2025-12,83,83,83,84,174,258
1010,2025-12,84,84,84,104,180,284
1010,2025-12,85,85,85,71,126,197
1010,2025-12,86,86,86,78,134,212
1010,2025-12,87,87,87,63,119,182
1010,2025-12,88,88,88,54,113,167
1010,2025-12,89,89,89,34,88,122
1010,2025-12,90,90,90,39,71,110
1010,2025-12,91,91,91,35,63,98
1010,2025-12,92,92,92,16,45,61
1010,2025-12,93,93,93,14,38,52
1010,2025-12,94,94,94,16,27,43
1010,2025-12,95,95,95,8,28,36
1010,2025-12,96,96,96,11,16,27
1010,2025-12,97,97,97,6,11,17
1010,2025-12,98,98,98,8,6,14
1010,2025-12,99,99,99,6,4,10
1010,2025-12,100,100,100,5,7,12
1010,2025-12,101,,101+,27,24,51
1011,2025-12,0,0,0,542,493,1035
1011,2025-12,1,1,1,632,581,1213
1011,2025-12,2,2,2,663,640,1303
1011,2025-12,3,3,3,653,609,1262
1011,2025-12,4,4,4,706,687,1393
1011,2025-12,5,5,5,828,765,1593
1011,2025-12,6,6,6,837,835,1672
1011,2025-12,7,7,7,859,847,1706
1011,2025-12,8,8,8,919,902,1821
1011,2025-12,9,9,9,935,894,1829
1011,2025-12,10,10,10,1034,902,1936
1011,2025-12,11,11,11,1066,975,2041
1011,2025-12,12,12,12,1055,996,2051
1011,2025-12,13,13,13,1210,1079,2289
1011,2025-12,14,14,14,1040,1076,2116
1011,2025-12,15,15,15,1084,1099,2183
1011,2025-12,16,16,16,1049,1093,2142
1011,2025-12,17,17,17,1097,1087,2184
1011,2025-12,18,18,18,1122,1108,2230
1011,2025-12,19,19,19,1093,1113,2206
1011,2025-12,20,20,20,1122,1118,2240
1011,2025-12,21,21,21,1114,1197,2311
1011,2025-12,22,22,22,1160,1154,2314
1011,2025-12,23,23,23,1086,1157,2243
1011,2025-12,24,24,24,1085,1126,2211
1011,2025-12,25,25,25,1207,1225,2432
1011,2025-12,26,26,26,1164,1194,2358
1011,2025-12,27,27,27,1243,1302,2545
1011,2025-12,28,28,28,1343,1500,2843
1011,2025-12,29,29,29,1434,1578,3012
1011,2025-12,30,30,30,1447,1605,3052
1011,2025-12,31,31,31,1436,1492,2928
1011,2025-12,32,32,32,1346,1503,2849
1011,2025-12,33,33,33,1397,1541,2938
1011,2025-12,34,34,34,1328,1509,2837
1011,2025-12,35,35,35,1393,1446,2839
1011,2025-12,36,36,36,1256,1391,2647
1011,2025-12,37,37,37,1218,1385,2603
1011,2025-12,38,38,38,1152,1333,2485
1011,2025-12,39,39,39,1252,1460,2712
1011,2025-12,40,40,40,1353,1541,2894
1011,2025-12,41,41,41,1340,1546,2886
1011,2025-12,42,42,42,1392,1614,3006
1011,2025-12,43,43,43,1499,1658,3157
1011,2025-12,44,44,44,1531,1725,3256
1011,2025-12,45,45,45,1463,1700,3163
1011,2025-12,46,46,46,1475,1724,3199
1011,2025-12,47,47,47,1351,1608,2959
1011,2025-12,48,48,48,1514,1684,3198
1011,2025-12,49,49,49,1391,1626,3017
1011,2025-12,50,50,50,1366,1519,2885
1011,2025-12,51,51,51,1317,1496,2813
1011,2025-12,52,52,52,1269,1510,2779
1011,2025-12,53,53,53,1322,1579,2901
1011,2025-12,54,54,54,1367,1646,3013
1011,2025-12,55,55,55,1302,1576,2878
1011,2025-12,56,56,56,1349,1535,2884
1011,2025-12,57,57,57,1243,1487,2730
1011,2025-12,58,58,58,1223,1480,2703
1011,2025-12,59,59,59,1157,1479,2636
1011,2025-12,60,60,60,1212,1483,2695
1011,2025-12,61,61,61,1156,1360,2516
1011,2025-12,62,62,62,1019,1325,2344
1011,2025-12,63,63,63,993,1229,2222
1011,2025-12,64,64,64,920,1136,2056
1011,2025-12,65,65,65,895,1195,2090
1011,2025-12,66,66,66,769,1041,1810
1011,2025-12,67,67,67,690,919,1609
1011,2025-12,68,68,68,680,850,1530
1011,2025-12,69,69,69,634,766,1400
1011,2025-12,70,70,70,555,704,1259
1011,2025-12,71,71,71,565,757,1322
1011,2025-12,72,72,72,476,675,1151
1011,2025-12,73,73,73,418,598,1016
1011,2025-12,74,74,74,348,586,934
1011,2025-12,75,75,75,357,500,857
1011,2025-12,76,76,76,294,504,798
1011,2025-12,77,77,77,267,375,642
1011,2025-12,78,78,78,219,335,554
1011,2025-12,79,79,79,194,280,474
1011,2025-12,80,80,80,163,258,421
1011,2025-12,81,81,81,175,257,432
1011,2025-12,82,82,82,142,224,366
1011,2025-12,83,83,83,98,198,296
1011,2025-12,84,84,84,131,238,369
1011,2025-12,85,85,85,89,174,263
1011,2025-12,86,86,86,91,174,265
1011,2025-12,87,87,87,83,131,214
1011,2025-12,88,88,88,53,125,178
1011,2025-12,89,89,89,53,113,166
1011,2025-12,90,90,90,44,89,133
1011,2025-12,91,91,91,41,61,102
1011,2025-12,92,92,92,29,62,91
1011,2025-12,93,93,93,15,47,62
1011,2025-12,94,94,94,25,28,53
1011,2025-12,95,95,95,15,28,43
1011,2025-12,96,96,96,11,20,31
1011,2025-12,97,97,97,7,16,23
1011,2025-12,98,98,98,5,8,13
1011,2025-12,99,99,99,7,7,14
1011,2025-12,100,100,100,6,11,17
1011,2025-12,101,,101+,25,23,48
1012,2025-12,0,0,0,148,121,269
1012,2025-12,1,1,1,169,162,331
1012,2025-12,2,2,2,208,181,389
1012,2025-12,3,3,3,186,224,410
1012,2025-12,4,4,4,241,202,443
1012,2025-12,5,5,5,242,256,498
1012,2025-12,6,6,6,287,255,542
1012,2025-12,7,7,7,254,249,503
1012,2025-12,8,8,8,281,274,555
1012,2025-12,9,9,9,273,279,552
1012,2025-12,10,10,10,307,285,592
1012,2025-12,11,11,11,339,301,640
1012,2025-12,12,12,12,310,313,623
1012,2025-12,13,13,13,340,344,684
1012,2025-12,14,14,14,334,311,645
1012,2025-12,15,15,15,356,285,641
1012,2025-12,16,16,16,343,321,664
1012,2025-12,17,17,17,309,328,637
1012,2025-12,18,18,18,349,360,709
1012,2025-12,19,19,19,348,342,690
1012,2025-12,20,20,20,336,338,674
1012,2025-12,21,21,21,363,366,729
1012,2025-12,22,22,22,353,332,685
1012,2025-12,23,23,23,361,374,735
1012,2025-12,24,24,24,359,359,718
1012,2025-12,25,25,25,419,349,768
1012,2025-12,26,26,26,329,391,720
1012,2025-12,27,27,27,408,388,796
1012,2025-12,28,28,28,432,444,876
1012,2025-12,29,29,29,485,487,972
1012,2025-12,30,30,30,501,487,988
1012,2025-12,31,31,31,429,434,863
1012,2025-12,32,32,32,439,451,890
1012,2025-12,33,33,33,422,461,883
1012,2025-12,34,34,34,442,479,921
1012,2025-12,35,35,35,463,511,974
1012,2025-12,36,36,36,448,498,946
1012,2025-12,37,37,37,462,516,978
1012,2025-12,38,38,38,452,447,899
1012,2025-12,39,39,39,468,541,1009
1012,2025-12,40,40,40,483,582,1065
1012,2025-12,41,41,41,529,626,1155
1012,2025-12,42,42,42,497,622,1119
1012,2025-12,43,43,43,536,631,1167
1012,2025-12,44,44,44,514,642,1156
1012,2025-12,45,45,45,542,638,1180
1012,2025-12,46,46,46,544,714,1258
1012,2025-12,47,47,47,495,640,1135
1012,2025-12,48,48,48,516,658,1174
1012,2025-12,49,49,49,543,671,1214
1012,2025-12,50,50,50,456,610,1066
1012,2025-12,51,51,51,481,629,1110
1012,2025-12,52,52,52,452,597,1049
1012,2025-12,53,53,53,479,595,1074
1012,2025-12,54,54,54,440,621,1061
1012,2025-12,55,55,55,477,584,1061
1012,2025-12,56,56,56,426,594,1020
1012,2025-12,57,57,57,440,617,1057
1012,2025-12,58,58,58,445,575,1020
1012,2025-12,59,59,59,419,560,979
1012,2025-12,60,60,60,410,572,982
1012,2025-12,61,61,61,456,613,1069
1012,2025-12,62,62,62,444,614,1058
1012,2025-12,63,63,63,409,589,998
1012,2025-12,64,64,64,368,547,915
1012,2025-12,65,65,65,407,610,1017
1012,2025-12,66,66,66,415,558,973
1012,2025-12,67,67,67,388,482,870
1012,2025-12,68,68,68,377,488,865
1012,2025-12,69,69,69,377,520,897
1012,2025-12,70,70,70,332,509,841
1012,2025-12,71,71,71,335,526,861
1012,2025-12,72,72,72,318,445,763
1012,2025-12,73,73,73,301,382,683
1012,2025-12,74,74,74,286,436,722
1012,2025-12,75,75,75,273,408,681
1012,2025-12,76,76,76,260,390,650
1012,2025-12,77,77,77,192,311,503
1012,2025-12,78,78,78,181,268,449
1012,2025-12,79,79,79,143,261,404
1012,2025-12,80,80,80,154,203,357
1012,2025-12,81,81,81,136,202,338
1012,2025-12,82,82,82,148,167,315
1012,2025-12,83,83,83,101,151,252
1012,2025-12,84,84,84,100,168,268
1012,2025-12,85,85,85,72,129,201
1012,2025-12,86,86,86,89,124,213
1012,2025-12,87,87,87,67,116,183
1012,2025-12,88,88,88,68,107,175
1012,2025-12,89,89,89,48,101,149
1012,2025-12,90,90,90,54,67,121
1012,2025-12,91,91,91,37,92,129
1012,2025-12,92,92,92,32,64,96
1012,2025-12,93,93,93,26,52,78
1012,2025-12,94,94,94,23,37,60
1012,2025-12,95,95,95,21,34,55
1012,2025-12,96,96,96,22,31,53
1012,2025-12,97,97,97,14,24,38
1012,2025-12,98,98,98,12,12,24
1012,2025-12,99,99,99,17,15,32
1012,2025-12,100,100,100,6,8,14
1012,2025-12,101,,101+,47,62,109
1013,2025-12,0,0,0,17,11,28
1013,2025-12,1,1,1,32,23,55
1013,2025-12,2,2,2,32,26,58
1013,2025-12,3,3,3,44,27,71
1013,2025-12,4,4,4,31,41,72
1013,2025-12,5,5,5,40,40,80
1013,2025-12,6,6,6,38,48,86
1013,2025-12,7,7,7,47,43,90
1013,2025-12,8,8,8,44,42,86
1013,2025-12,9,9,9,33,47,80
1013,2025-12,10,10,10,59,55,114
1013,2025-12,11,11,11,49,56,105
1013,2025-12,12,12,12,61,39,100
1013,2025-12,13,13,13,76,75,151
1013,2025-12,14,14,14,68,52,120
1013,2025-12,15,15,15,58,52,110
1013,2025-12,16,16,16,58,69,127
1013,2025-12,17,17,17,85,57,142
1013,2025-12,18,18,18,61,82,143
1013,2025-12,19,19,19,89,58,147
1013,2025-12,20,20,20,89,67,156
1013,2025-12,21,21,21,75,79,154
1013,2025-12,22,22,22,96,81,177
1013,2025-12,23,23,23,84,89,173
1013,2025-12,24,24,24,103,97,200
1013,2025-12,25,25,25,124,100,224
1013,2025-12,26,26,26,110,91,201
1013,2025-12,27,27,27,103,73,176
1013,2025-12,28,28,28,111,103,214
1013,2025-12,29,29,29,100,111,211
1013,2025-12,30,30,30,117,103,220
1013,2025-12,31,31,31,127,93,220
1013,2025-12,32,32,32,110,100,210
1013,2025-12,33,33,33,106,103,209
1013,2025-12,34,34,34,108,90,198
1013,2025-12,35,35,35,100,120,220
1013,2025-12,36,36,36,107,86,193
1013,2025-12,37,37,37,109,113,222
1013,2025-12,38,38,38,104,101,205
1013,2025-12,39,39,39,87,88,175
1013,2025-12,40,40,40,95,95,190
1013,2025-12,41,41,41,102,108,210
1013,2025-12,42,42,42,144,92,236
1013,2025-12,43,43,43,124,115,239
1013,2025-12,44,44,44,108,100,208
1013,2025-12,45,45,45,116,121,237
1013,2025-12,46,46,46,107,129,236
1013,2025-12,47,47,47,123,109,232
1013,2025-12,48,48,48,157,115,272
1013,2025-12,49,49,49,133,154,287
1013,2025-12,50,50,50,149,103,252
1013,2025-12,51,51,51,125,132,257
1013,2025-12,52,52,52,123,133,256
1013,2025-12,53,53,53,140,159,299
1013,2025-12,54,54,54,129,136,265
1013,2025-12,55,55,55,112,132,244
1013,2025-12,56,56,56,130,121,251
1013,2025-12,57,57,57,127,149,276
1013,2025-12,58,58,58,122,121,243
1013,2025-12,59,59,59,109,148,257
1013,2025-12,60,60,60,133,137,270
1013,2025-12,61,61,61,129,158,287
1013,2025-12,62,62,62,128,165,293
1013,2025-12,63,63,63,129,148,277
1013,2025-12,64,64,64,137,140,277
1013,2025-12,65,65,65,114,190,304
1013,2025-12,66,66,66,129,161,290
1013,2025-12,67,67,67,130,160,290
1013,2025-12,68,68,68,141,151,292
1013,2025-12,69,69,69,138,159,297
1013,2025-12,70,70,70,120,148,268
1013,2025-12,71,71,71,95,176,271
1013,2025-12,72,72,72,125,154,279
1013,2025-12,73,73,73,114,145,259
1013,2025-12,74,74,74,107,139,246
1013,2025-12,75,75,75,93,135,228
1013,2025-12,76,76,76,93,144,237
1013,2025-12,77,77,77,83,130,213
1013,2025-12,78,78,78,66,115,181
1013,2025-12,79,79,79,60,108,168
1013,2025-12,80,80,80,36,81,117
1013,2025-12,81,81,81,45,72,117
1013,2025-12,82,82,82,40,78,118
1013,2025-12,83,83,83,36,68,104
1013,2025-12,84,84,84,41,57,98
1013,2025-12,85,85,85,42,52,94
1013,2025-12,86,86,86,34,55,89
1013,2025-12,87,87,87,34,54,88
1013,2025-12,88,88,88,22,54,76
1013,2025-12,89,89,89,28,33,61
1013,2025-12,90,90,90,21,49,70
1013,2025-12,91,91,91,13,31,44
1013,2025-12,92,92,92,12,32,44
1013,2025-12,93,93,93,11,26,37
1013,2025-12,94,94,94,6,18,24
1013,2025-12,95,95,95,10,17,27
1013,2025-12,96,96,96,6,15,21
1013,2025-12,97,97,97,9,9,18
1013,2025-12,98,98,98,5,6,11
1013,2025-12,99,99,99,7,5,12
1013,2025-12,100,100,100,1,2,3
1013,2025-12,101,,101+,12,11,23
1014,2025-12,0,0,0,129,129,258
1014,2025-12,1,1,1,139,142,281
1014,2025-12,2,2,2,149,152,301
1014,2025-12,3,3,3,205,151,356
1014,2025-12,4,4,4,221,226,447
1014,2025-12,5,5,5,217,204,421
1014,2025-12,6,6,6,237,208,445
1014,2025-12,7,7,7,244,249,493
1014,2025-12,8,8,8,254,257,511
1014,2025-12,9,9,9,291,253,544
1014,2025-12,10,10,10,276,292,568
1014,2025-12,11,11,11,284,316,600
1014,2025-12,12,12,12,273,286,559
1014,2025-12,13,13,13,298,292,590
1014,2025-12,14,14,14,291,245,536
1014,2025-12,15,15,15,309,272,581
1014,2025-12,16,16,16,312,283,595
1014,2025-12,17,17,17,321,294,615
1014,2025-12,18,18,18,351,316,667
1014,2025-12,19,19,19,358,287,645
1014,2025-12,20,20,20,344,310,654
1014,2025-12,21,21,21,608,311,919
1014,2025-12,22,22,22,558,317,875
1014,2025-12,23,23,23,435,308,743
1014,2025-12,24,24,24,406,314,720
1014,2025-12,25,25,25,458,363,821
1014,2025-12,26,26,26,402,307,709
1014,2025-12,27,27,27,397,280,677
1014,2025-12,28,28,28,471,352,823
1014,2025-12,29,29,29,425,355,780
1014,2025-12,30,30,30,457,399,856
1014,2025-12,31,31,31,414,415,829
1014,2025-12,32,32,32,442,400,842
1014,2025-12,33,33,33,436,449,885
1014,2025-12,34,34,34,464,419,883
1014,2025-12,35,35,35,472,484,956
1014,2025-12,36,36,36,454,464,918
1014,2025-12,37,37,37,447,485,932
1014,2025-12,38,38,38,425,437,862
1014,2025-12,39,39,39,411,510,921
1014,2025-12,40,40,40,440,501,941
1014,2025-12,41,41,41,463,529,992
1014,2025-12,42,42,42,437,557,994
1014,2025-12,43,43,43,393,534,927
1014,2025-12,44,44,44,465,575,1040
1014,2025-12,45,45,45,437,578,1015
1014,2025-12,46,46,46,453,548,1001
1014,2025-12,47,47,47,427,553,980
1014,2025-12,48,48,48,436,520,956
1014,2025-12,49,49,49,398,549,947
1014,2025-12,50,50,50,408,518,926
1014,2025-12,51,51,51,433,526,959
1014,2025-12,52,52,52,439,506,945
1014,2025-12,53,53,53,450,496,946
1014,2025-12,54,54,54,397,513,910
1014,2025-12,55,55,55,420,496,916
1014,2025-12,56,56,56,412,499,911
1014,2025-12,57,57,57,385,485,870
1014,2025-12,58,58,58,415,469,884
1014,2025-12,59,59,59,328,416,744
1014,2025-12,60,60,60,331,450,781
1014,2025-12,61,61,61,353,444,797
1014,2025-12,62,62,62,299,447,746
1014,2025-12,63,63,63,267,404,671
1014,2025-12,64,64,64,292,422,714
1014,2025-12,65,65,65,306,417,723
1014,2025-12,66,66,66,249,381,630
1014,2025-12,67,67,67,295,382,677
1014,2025-12,68,68,68,225,370,595
1014,2025-12,69,69,69,248,360,608
1014,2025-12,70,70,70,230,405,635
1014,2025-12,71,71,71,250,357,607
1014,2025-12,72,72,72,199,313,512
1014,2025-12,73,73,73,189,322,511
1014,2025-12,74,74,74,195,304,499
1014,2025-12,75,75,75,182,341,523
1014,2025-12,76,76,76,209,276,485
1014,2025-12,77,77,77,152,250,402
1014,2025-12,78,78,78,135,231,366
1014,2025-12,79,79,79,107,221,328
1014,2025-12,80,80,80,125,200,325
1014,2025-12,81,81,81,98,172,270
1014,2025-12,82,82,82,95,186,281
1014,2025-12,83,83,83,93,160,253
1014,2025-12,84,84,84,84,166,250
1014,2025-12,85,85,85,70,114,184
1014,2025-12,86,86,86,87,120,207
1014,2025-12,87,87,87,58,117,175
1014,2025-12,88,88,88,45,129,174
1014,2025-12,89,89,89,56,119,175
1014,2025-12,90,90,90,33,76,109
1014,2025-12,91,91,91,40,73,113
1014,2025-12,92,92,92,28,69,97
1014,2025-12,93,93,93,30,49,79
1014,2025-12,94,94,94,24,44,68
1014,2025-12,95,95,95,14,40,54
1014,2025-12,96,96,96,11,30,41
1014,2025-12,97,97,97,4,30,34
1014,2025-12,98,98,98,8,21,29
1014,2025-12,99,99,99,4,14,18
1014,2025-12,100,100,100,7,10,17
1014,2025-12,101,,101+,20,35,55
1015,2025-12,0,0,0,185,141,326
1015,2025-12,1,1,1,200,184,384
1015,2025-12,2,2,2,238,183,421
1015,2025-12,3,3,3,199,185,384
1015,2025-12,4,4,4,247,225,472
1015,2025-12,5,5,5,269,241,510
1015,2025-12,6,6,6,270,248,518
1015,2025-12,7,7,7,278,300,578
1015,2025-12,8,8,8,314,321,635
1015,2025-12,9,9,9,311,330,641
1015,2025-12,10,10,10,332,311,643
1015,2025-12,11,11,11,315,322,637
1015,2025-12,12,12,12,385,394,779
1015,2025-12,13,13,13,388,403,791
1015,2025-12,14,14,14,414,422,836
1015,2025-12,15,15,15,420,425,845
1015,2025-12,16,16,16,416,416,832
1015,2025-12,17,17,17,429,427,856
1015,2025-12,18,18,18,442,475,917
1015,2025-12,19,19,19,443,482,925
1015,2025-12,20,20,20,489,533,1022
1015,2025-12,21,21,21,491,564,1055
1015,2025-12,22,22,22,485,510,995
1015,2025-12,23,23,23,473,491,964
1015,2025-12,24,24,24,456,517,973
1015,2025-12,25,25,25,563,573,1136
1015,2025-12,26,26,26,539,566,1105
1015,2025-12,27,27,27,622,571,1193
1015,2025-12,28,28,28,692,726,1418
1015,2025-12,29,29,29,657,746,1403
1015,2025-12,30,30,30,716,759,1475
1015,2025-12,31,31,31,704,754,1458
1015,2025-12,32,32,32,723,770,1493
1015,2025-12,33,33,33,689,797,1486
1015,2025-12,34,34,34,685,768,1453
1015,2025-12,35,35,35,680,726,1406
1015,2025-12,36,36,36,658,627,1285
1015,2025-12,37,37,37,638,675,1313
1015,2025-12,38,38,38,583,646,1229
1015,2025-12,39,39,39,641,666,1307
1015,2025-12,40,40,40,674,687,1361
1015,2025-12,41,41,41,700,721,1421
1015,2025-12,42,42,42,680,726,1406
1015,2025-12,43,43,43,695,756,1451
1015,2025-12,44,44,44,665,756,1421
1015,2025-12,45,45,45,766,769,1535
1015,2025-12,46,46,46,738,816,1554
1015,2025-12,47,47,47,674,723,1397
1015,2025-12,48,48,48,685,807,1492
1015,2025-12,49,49,49,705,783,1488
1015,2025-12,50,50,50,646,727,1373
1015,2025-12,51,51,51,631,739,1370
1015,2025-12,52,52,52,641,727,1368
1015,2025-12,53,53,53,618,726,1344
1015,2025-12,54,54,54,716,732,1448
1015,2025-12,55,55,55,630,762,1392
1015,2025-12,56,56,56,655,735,1390
1015,2025-12,57,57,57,645,807,1452
1015,2025-12,58,58,58,640,794,1434
1015,2025-12,59,59,59,641,740,1381
1015,2025-12,60,60,60,645,766,1411
1015,2025-12,61,61,61,652,769,1421
1015,2025-12,62,62,62,576,768,1344
1015,2025-12,63,63,63,596,771,1367
1015,2025-12,64,64,64,579,770,1349
1015,2025-12,65,65,65,578,810,1388
1015,2025-12,66,66,66,596,794,1390
1015,2025-12,67,67,67,586,738,1324
1015,2025-12,68,68,68,541,769,1310
1015,2025-12,69,69,69,527,719,1246
1015,2025-12,70,70,70,491,656,1147
1015,2025-12,71,71,71,475,694,1169
1015,2025-12,72,72,72,423,605,1028
1015,2025-12,73,73,73,407,589,996
1015,2025-12,74,74,74,395,541,936
1015,2025-12,75,75,75,346,545,891
1015,2025-12,76,76,76,315,494,809
1015,2025-12,77,77,77,272,427,699
1015,2025-12,78,78,78,255,401,656
1015,2025-12,79,79,79,201,325,526
1015,2025-12,80,80,80,196,311,507
1015,2025-12,81,81,81,188,286,474
1015,2025-12,82,82,82,133,283,416
1015,2025-12,83,83,83,148,262,410
1015,2025-12,84,84,84,140,229,369
1015,2025-12,85,85,85,129,204,333
1015,2025-12,86,86,86,105,225,330
1015,2025-12,87,87,87,105,190,295
1015,2025-12,88,88,88,89,154,243
1015,2025-12,89,89,89,85,159,244
1015,2025-12,90,90,90,69,134,203
1015,2025-12,91,91,91,80,103,183
1015,2025-12,92,92,92,57,71,128
1015,2025-12,93,93,93,48,97,145
1015,2025-12,94,94,94,31,62,93
1015,2025-12,95,95,95,25,53,78
1015,2025-12,96,96,96,26,35,61
1015,2025-12,97,97,97,21,26,47
1015,2025-12,98,98,98,12,27,39
1015,2025-12,99,99,99,9,13,22
1015,2025-12,100,100,100,18,12,30
1015,2025-12,101,,101+,58,77,135
1016,2025-12,0,0,0,104,80,184
1016,2025-12,1,1,1,113,104,217
1016,2025-12,2,2,2,123,121,244
1016,2025-12,3,3,3,127,105,232
1016,2025-12,4,4,4,143,163,306
1016,2025-12,5,5,5,144,142,286
1016,2025-12,6,6,6,173,167,340
1016,2025-12,7,7,7,183,165,348
1016,2025-12,8,8,8,190,159,349
1016,2025-12,9,9,9,183,164,347
1016,2025-12,10,10,10,207,212,419
1016,2025-12,11,11,11,192,234,426
1016,2025-12,12,12,12,206,201,407
1016,2025-12,13,13,13,274,250,524
1016,2025-12,14,14,14,235,237,472
1016,2025-12,15,15,15,246,223,469
1016,2025-12,16,16,16,228,219,447
1016,2025-12,17,17,17,256,280,536
1016,2025-12,18,18,18,256,271,527
1016,2025-12,19,19,19,279,307,586
1016,2025-12,20,20,20,266,273,539
1016,2025-12,21,21,21,326,241,567
1016,2025-12,22,22,22,301,317,618
1016,2025-12,23,23,23,319,308,627
1016,2025-12,24,24,24,328,311,639
1016,2025-12,25,25,25,363,323,686
1016,2025-12,26,26,26,330,338,668
1016,2025-12,27,27,27,351,353,704
1016,2025-12,28,28,28,432,407,839
1016,2025-12,29,29,29,453,408,861
1016,2025-12,30,30,30,481,478,959
1016,2025-12,31,31,31,458,431,889
1016,2025-12,32,32,32,455,469,924
1016,2025-12,33,33,33,447,439,886
1016,2025-12,34,34,34,441,435,876
1016,2025-12,35,35,35,426,431,857
1016,2025-12,36,36,36,372,402,774
1016,2025-12,37,37,37,423,394,817
1016,2025-12,38,38,38,378,380,758
1016,2025-12,39,39,39,384,416,800
1016,2025-12,40,40,40,384,443,827
1016,2025-12,41,41,41,398,432,830
1016,2025-12,42,42,42,392,441,833
1016,2025-12,43,43,43,368,448,816
1016,2025-12,44,44,44,368,423,791
1016,2025-12,45,45,45,432,472,904
1016,2025-12,46,46,46,479,455,934
1016,2025-12,47,47,47,412,479,891
1016,2025-12,48,48,48,435,453,888
1016,2025-12,49,49,49,428,523,951
1016,2025-12,50,50,50,392,478,870
1016,2025-12,51,51,51,441,435,876
1016,2025-12,52,52,52,381,442,823
1016,2025-12,53,53,53,427,474,901
1016,2025-12,54,54,54,427,444,871
1016,2025-12,55,55,55,372,473,845
1016,2025-12,56,56,56,350,470,820
1016,2025-12,57,57,57,380,464,844
1016,2025-12,58,58,58,380,441,821
1016,2025-12,59,59,59,355,491,846
1016,2025-12,60,60,60,419,512,931
1016,2025-12,61,61,61,388,543,931
1016,2025-12,62,62,62,364,518,882
1016,2025-12,63,63,63,383,491,874
1016,2025-12,64,64,64,375,442,817
1016,2025-12,65,65,65,389,527,916
1016,2025-12,66,66,66,389,509,898
1016,2025-12,67,67,67,338,486,824
1016,2025-12,68,68,68,292,473,765
1016,2025-12,69,69,69,337,459,796
1016,2025-12,70,70,70,317,435,752
1016,2025-12,71,71,71,317,451,768
1016,2025-12,72,72,72,278,438,716
1016,2025-12,73,73,73,269,394,663
1016,2025-12,74,74,74,249,418,667
1016,2025-12,75,75,75,252,349,601
1016,2025-12,76,76,76,218,361,579
1016,2025-12,77,77,77,208,331,539
1016,2025-12,78,78,78,167,261,428
1016,2025-12,79,79,79,148,231,379
1016,2025-12,80,80,80,121,222,343
1016,2025-12,81,81,81,111,211,322
1016,2025-12,82,82,82,105,185,290
1016,2025-12,83,83,83,84,167,251
1016,2025-12,84,84,84,105,181,286
1016,2025-12,85,85,85,80,139,219
1016,2025-12,86,86,86,83,147,230
1016,2025-12,87,87,87,86,123,209
1016,2025-12,88,88,88,63,115,178
1016,2025-12,89,89,89,53,91,144
1016,2025-12,90,90,90,50,76,126
1016,2025-12,91,91,91,44,68,112
1016,2025-12,92,92,92,25,55,80
1016,2025-12,93,93,93,38,50,88
1016,2025-12,94,94,94,17,38,55
1016,2025-12,95,95,95,13,32,45
1016,2025-12,96,96,96,8,20,28
1016,2025-12,97,97,97,5,10,15
1016,2025-12,98,98,98,7,10,17
1016,2025-12,99,99,99,4,11,15
1016,2025-12,100,100,100,4,8,12
1016,2025-12,101,,101+,23,20,43
1017,2025-12,0,0,0,154,159,313
1017,2025-12,1,1,1,238,206,444
1017,2025-12,2,2,2,252,195,447
1017,2025-12,3,3,3,237,230,467
1017,2025-12,4,4,4,269,243,512
1017,2025-12,5,5,5,300,260,560
1017,2025-12,6,6,6,315,295,610
1017,2025-12,7,7,7,282,282,564
1017,2025-12,8,8,8,335,317,652
1017,2025-12,9,9,9,327,318,645
1017,2025-12,10,10,10,307,279,586
1017,2025-12,11,11,11,314,344,658
1017,2025-12,12,12,12,350,320,670
1017,2025-12,13,13,13,343,346,689
1017,2025-12,14,14,14,320,349,669
1017,2025-12,15,15,15,329,324,653
1017,2025-12,16,16,16,322,330,652
1017,2025-12,17,17,17,321,346,667
1017,2025-12,18,18,18,335,348,683
1017,2025-12,19,19,19,353,345,698
1017,2025-12,20,20,20,366,370,736
1017,2025-12,21,21,21,368,390,758
1017,2025-12,22,22,22,321,385,706
1017,2025-12,23,23,23,355,382,737
1017,2025-12,24,24,24,336,357,693
1017,2025-12,25,25,25,403,464,867
1017,2025-12,26,26,26,372,476,848
1017,2025-12,27,27,27,430,466,896
1017,2025-12,28,28,28,500,598,1098
1017,2025-12,29,29,29,548,605,1153
1017,2025-12,30,30,30,599,694,1293
1017,2025-12,31,31,31,616,716,1332
1017,2025-12,32,32,32,678,777,1455
1017,2025-12,33,33,33,656,815,1471
1017,2025-12,34,34,34,661,800,1461
1017,2025-12,35,35,35,691,860,1551
1017,2025-12,36,36,36,654,918,1572
1017,2025-12,37,37,37,681,873,1554
1017,2025-12,38,38,38,630,788,1418
1017,2025-12,39,39,39,728,896,1624
1017,2025-12,40,40,40,703,918,1621
1017,2025-12,41,41,41,677,884,1561
1017,2025-12,42,42,42,707,994,1701
1017,2025-12,43,43,43,689,1037,1726
1017,2025-12,44,44,44,747,1018,1765
1017,2025-12,45,45,45,698,941,1639
1017,2025-12,46,46,46,724,915,1639
1017,2025-12,47,47,47,651,914,1565
1017,2025-12,48,48,48,606,849,1455
1017,2025-12,49,49,49,569,780,1349
1017,2025-12,50,50,50,565,761,1326
1017,2025-12,51,51,51,526,712,1238
1017,2025-12,52,52,52,539,691,1230
1017,2025-12,53,53,53,505,695,1200
1017,2025-12,54,54,54,524,671,1195
1017,2025-12,55,55,55,477,661,1138
1017,2025-12,56,56,56,456,587,1043
1017,2025-12,57,57,57,462,608,1070
1017,2025-12,58,58,58,413,612,1025
1017,2025-12,59,59,59,422,567,989
1017,2025-12,60,60,60,402,541,943
1017,2025-12,61,61,61,408,603,1011
1017,2025-12,62,62,62,423,537,960
1017,2025-12,63,63,63,380,528,908
1017,2025-12,64,64,64,358,560,918
1017,2025-12,65,65,65,364,501,865
1017,2025-12,66,66,66,354,496,850
1017,2025-12,67,67,67,335,490,825
1017,2025-12,68,68,68,301,502,803
1017,2025-12,69,69,69,303,464,767
1017,2025-12,70,70,70,289,454,743
1017,2025-12,71,71,71,290,473,763
1017,2025-12,72,72,72,293,407,700
1017,2025-12,73,73,73,282,455,737
1017,2025-12,74,74,74,243,425,668
1017,2025-12,75,75,75,234,377,611
1017,2025-12,76,76,76,243,386,629
1017,2025-12,77,77,77,200,310,510
1017,2025-12,78,78,78,186,300,486
1017,2025-12,79,79,79,173,225,398
1017,2025-12,80,80,80,145,198,343
1017,2025-12,81,81,81,130,209,339
1017,2025-12,82,82,82,124,201,325
1017,2025-12,83,83,83,119,178,297
1017,2025-12,84,84,84,104,178,282
1017,2025-12,85,85,85,78,128,206
1017,2025-12,86,86,86,82,123,205
1017,2025-12,87,87,87,58,120,178
1017,2025-12,88,88,88,60,105,165
1017,2025-12,89,89,89,57,105,162
1017,2025-12,90,90,90,35,70,105
1017,2025-12,91,91,91,45,67,112
1017,2025-12,92,92,92,25,50,75
1017,2025-12,93,93,93,26,52,78
1017,2025-12,94,94,94,13,40,53
1017,2025-12,95,95,95,19,29,48
1017,2025-12,96,96,96,14,21,35
1017,2025-12,97,97,97,13,12,25
1017,2025-12,98,98,98,11,14,25
1017,2025-12,99,99,99,12,13,25
1017,2025-12,100,100,100,5,4,9
1017,2025-12,101,,101+,31,48,79
1018,2025-12,0,0,0,89,91,180
1018,2025-12,1,1,1,105,105,210
1018,2025-12,2,2,2,126,120,246
1018,2025-12,3,3,3,135,122,257
1018,2025-12,4,4,4,124,158,282
1018,2025-12,5,5,5,163,160,323
1018,2025-12,6,6,6,166,163,329
1018,2025-12,7,7,7,175,157,332
1018,2025-12,8,8,8,188,189,377
1018,2025-12,9,9,9,203,185,388
1018,2025-12,10,10,10,190,218,408
1018,2025-12,11,11,11,218,220,438
1018,2025-12,12,12,12,241,251,492
1018,2025-12,13,13,13,256,263,519
1018,2025-12,14,14,14,230,246,476
1018,2025-12,15,15,15,246,243,489
1018,2025-12,16,16,16,230,232,462
1018,2025-12,17,17,17,273,277,550
1018,2025-12,18,18,18,283,282,565
1018,2025-12,19,19,19,264,281,545
1018,2025-12,20,20,20,284,274,558
1018,2025-12,21,21,21,273,297,570
1018,2025-12,22,22,22,273,277,550
1018,2025-12,23,23,23,270,294,564
1018,2025-12,24,24,24,276,296,572
1018,2025-12,25,25,25,370,356,726
1018,2025-12,26,26,26,308,349,657
1018,2025-12,27,27,27,337,369,706
1018,2025-12,28,28,28,377,419,796
1018,2025-12,29,29,29,367,438,805
1018,2025-12,30,30,30,440,427,867
1018,2025-12,31,31,31,399,434,833
1018,2025-12,32,32,32,377,394,771
1018,2025-12,33,33,33,404,439,843
1018,2025-12,34,34,34,377,407,784
1018,2025-12,35,35,35,390,376,766
1018,2025-12,36,36,36,381,388,769
1018,2025-12,37,37,37,357,459,816
1018,2025-12,38,38,38,345,427,772
1018,2025-12,39,39,39,379,395,774
1018,2025-12,40,40,40,378,432,810
1018,2025-12,41,41,41,410,418,828
1018,2025-12,42,42,42,450,470,920
1018,2025-12,43,43,43,382,459,841
1018,2025-12,44,44,44,411,494,905
1018,2025-12,45,45,45,442,510,952
1018,2025-12,46,46,46,445,520,965
1018,2025-12,47,47,47,411,495,906
1018,2025-12,48,48,48,424,467,891
1018,2025-12,49,49,49,446,478,924
1018,2025-12,50,50,50,397,438,835
1018,2025-12,51,51,51,377,446,823
1018,2025-12,52,52,52,428,464,892
1018,2025-12,53,53,53,380,483,863
1018,2025-12,54,54,54,410,508,918
1018,2025-12,55,55,55,401,469,870
1018,2025-12,56,56,56,374,478,852
1018,2025-12,57,57,57,368,516,884
1018,2025-12,58,58,58,386,484,870
1018,2025-12,59,59,59,358,495,853
1018,2025-12,60,60,60,402,521,923
1018,2025-12,61,61,61,407,531,938
1018,2025-12,62,62,62,373,524,897
1018,2025-12,63,63,63,363,503,866
1018,2025-12,64,64,64,379,506,885
1018,2025-12,65,65,65,406,524,930
1018,2025-12,66,66,66,347,565,912
1018,2025-12,67,67,67,349,520,869
1018,2025-12,68,68,68,384,478,862
1018,2025-12,69,69,69,345,481,826
1018,2025-12,70,70,70,308,443,751
1018,2025-12,71,71,71,315,476,791
1018,2025-12,72,72,72,300,463,763
1018,2025-12,73,73,73,293,432,725
1018,2025-12,74,74,74,272,424,696
1018,2025-12,75,75,75,261,384,645
1018,2025-12,76,76,76,258,386,644
1018,2025-12,77,77,77,213,341,554
1018,2025-12,78,78,78,201,286,487
1018,2025-12,79,79,79,139,248,387
1018,2025-12,80,80,80,128,230,358
1018,2025-12,81,81,81,115,215,330
1018,2025-12,82,82,82,111,169,280
1018,2025-12,83,83,83,105,160,265
1018,2025-12,84,84,84,85,162,247
1018,2025-12,85,85,85,86,135,221
1018,2025-12,86,86,86,74,155,229
1018,2025-12,87,87,87,72,112,184
1018,2025-12,88,88,88,62,96,158
1018,2025-12,89,89,89,51,119,170
1018,2025-12,90,90,90,41,89,130
1018,2025-12,91,91,91,33,72,105
1018,2025-12,92,92,92,31,58,89
1018,2025-12,93,93,93,25,40,65
1018,2025-12,94,94,94,27,45,72
1018,2025-12,95,95,95,23,20,43
1018,2025-12,96,96,96,16,34,50
1018,2025-12,97,97,97,10,17,27
1018,2025-12,98,98,98,14,15,29
1018,2025-12,99,99,99,6,7,13
1018,2025-12,100,100,100,7,7,14
1018,2025-12,101,,101+,41,33,74
1019,2025-12,0,0,0,227,194,421
1019,2025-12,1,1,1,280,215,495
1019,2025-12,2,2,2,263,252,515
1019,2025-12,3,3,3,266,248,514
1019,2025-12,4,4,4,309,279,588
1019,2025-12,5,5,5,350,307,657
1019,2025-12,6,6,6,374,341,715
1019,2025-12,7,7,7,326,349,675
1019,2025-12,8,8,8,391,380,771
1019,2025-12,9,9,9,375,342,717
1019,2025-12,10,10,10,421,408,829
1019,2025-12,11,11,11,462,412,874
1019,2025-12,12,12,12,435,381,816
1019,2025-12,13,13,13,509,474,983
1019,2025-12,14,14,14,512,450,962
1019,2025-12,15,15,15,498,452,950
1019,2025-12,16,16,16,492,479,971
1019,2025-12,17,17,17,517,484,1001
1019,2025-12,18,18,18,531,486,1017
1019,2025-12,19,19,19,480,512,992
1019,2025-12,20,20,20,511,506,1017
1019,2025-12,21,21,21,511,491,1002
1019,2025-12,22,22,22,507,519,1026
1019,2025-12,23,23,23,513,527,1040
1019,2025-12,24,24,24,517,533,1050
1019,2025-12,25,25,25,617,564,1181
1019,2025-12,26,26,26,541,547,1088
1019,2025-12,27,27,27,599,593,1192
1019,2025-12,28,28,28,681,678,1359
1019,2025-12,29,29,29,677,654,1331
1019,2025-12,30,30,30,734,742,1476
1019,2025-12,31,31,31,693,724,1417
1019,2025-12,32,32,32,671,633,1304
1019,2025-12,33,33,33,638,660,1298
1019,2025-12,34,34,34,637,653,1290
1019,2025-12,35,35,35,682,647,1329
1019,2025-12,36,36,36,600,629,1229
1019,2025-12,37,37,37,658,660,1318
1019,2025-12,38,38,38,601,625,1226
1019,2025-12,39,39,39,638,651,1289
1019,2025-12,40,40,40,646,696,1342
1019,2025-12,41,41,41,630,673,1303
1019,2025-12,42,42,42,656,793,1449
1019,2025-12,43,43,43,688,761,1449
1019,2025-12,44,44,44,755,776,1531
1019,2025-12,45,45,45,739,838,1577
1019,2025-12,46,46,46,736,888,1624
1019,2025-12,47,47,47,693,781,1474
1019,2025-12,48,48,48,734,826,1560
1019,2025-12,49,49,49,731,843,1574
1019,2025-12,50,50,50,688,802,1490
1019,2025-12,51,51,51,657,786,1443
1019,2025-12,52,52,52,639,761,1400
1019,2025-12,53,53,53,717,784,1501
1019,2025-12,54,54,54,667,854,1521
1019,2025-12,55,55,55,703,880,1583
1019,2025-12,56,56,56,651,838,1489
1019,2025-12,57,57,57,640,932,1572
1019,2025-12,58,58,58,706,889,1595
1019,2025-12,59,59,59,668,894,1562
1019,2025-12,60,60,60,705,918,1623
1019,2025-12,61,61,61,727,922,1649
1019,2025-12,62,62,62,662,927,1589
1019,2025-12,63,63,63,709,879,1588
1019,2025-12,64,64,64,622,860,1482
1019,2025-12,65,65,65,643,896,1539
1019,2025-12,66,66,66,606,880,1486
1019,2025-12,67,67,67,576,841,1417
1019,2025-12,68,68,68,556,773,1329
1019,2025-12,69,69,69,592,783,1375
1019,2025-12,70,70,70,547,764,1311
1019,2025-12,71,71,71,505,740,1245
1019,2025-12,72,72,72,479,665,1144
1019,2025-12,73,73,73,458,634,1092
1019,2025-12,74,74,74,384,628,1012
1019,2025-12,75,75,75,374,592,966
1019,2025-12,76,76,76,363,559,922
1019,2025-12,77,77,77,348,472,820
1019,2025-12,78,78,78,288,438,726
1019,2025-12,79,79,79,263,378,641
1019,2025-12,80,80,80,206,354,560
1019,2025-12,81,81,81,207,320,527
1019,2025-12,82,82,82,196,249,445
1019,2025-12,83,83,83,150,258,408
1019,2025-12,84,84,84,162,250,412
1019,2025-12,85,85,85,129,189,318
1019,2025-12,86,86,86,105,206,311
1019,2025-12,87,87,87,97,164,261
1019,2025-12,88,88,88,99,154,253
1019,2025-12,89,89,89,73,131,204
1019,2025-12,90,90,90,79,118,197
1019,2025-12,91,91,91,57,91,148
1019,2025-12,92,92,92,36,63,99
1019,2025-12,93,93,93,35,57,92
1019,2025-12,94,94,94,18,53,71
1019,2025-12,95,95,95,21,32,53
1019,2025-12,96,96,96,11,30,41
1019,2025-12,97,97,97,5,18,23
1019,2025-12,98,98,98,9,17,26
1019,2025-12,99,99,99,7,14,21
1019,2025-12,100,100,100,3,10,13
1019,2025-12,101,,101+,24,23,47
1020,2025-12,0,0,0,152,161,313
1020,2025-12,1,1,1,180,153,333
1020,2025-12,2,2,2,200,190,390
1020,2025-12,3,3,3,178,186,364
1020,2025-12,4,4,4,214,211,425
1020,2025-12,5,5,5,226,236,462
1020,2025-12,6,6,6,283,215,498
1020,2025-12,7,7,7,266,259,525
1020,2025-12,8,8,8,297,290,587
1020,2025-12,9,9,9,288,265,553
1020,2025-12,10,10,10,302,274,576
1020,2025-12,11,11,11,311,337,648
1020,2025-12,12,12,12,320,314,634
1020,2025-12,13,13,13,361,377,738
1020,2025-12,14,14,14,397,361,758
1020,2025-12,15,15,15,354,336,690
1020,2025-12,16,16,16,372,336,708
1020,2025-12,17,17,17,416,373,789
1020,2025-12,18,18,18,414,422,836
1020,2025-12,19,19,19,413,388,801
1020,2025-12,20,20,20,436,427,863
1020,2025-12,21,21,21,466,445,911
1020,2025-12,22,22,22,445,420,865
1020,2025-12,23,23,23,463,460,923
1020,2025-12,24,24,24,434,451,885
1020,2025-12,25,25,25,526,557,1083
1020,2025-12,26,26,26,529,507,1036
1020,2025-12,27,27,27,595,540,1135
1020,2025-12,28,28,28,645,617,1262
1020,2025-12,29,29,29,699,658,1357
1020,2025-12,30,30,30,692,712,1404
1020,2025-12,31,31,31,664,655,1319
1020,2025-12,32,32,32,664,647,1311
1020,2025-12,33,33,33,591,639,1230
1020,2025-12,34,34,34,638,662,1300
1020,2025-12,35,35,35,624,615,1239
1020,2025-12,36,36,36,596,637,1233
1020,2025-12,37,37,37,605,659,1264
1020,2025-12,38,38,38,585,602,1187
1020,2025-12,39,39,39,592,582,1174
1020,2025-12,40,40,40,592,612,1204
1020,2025-12,41,41,41,603,632,1235
1020,2025-12,42,42,42,607,632,1239
1020,2025-12,43,43,43,653,689,1342
1020,2025-12,44,44,44,661,721,1382
1020,2025-12,45,45,45,617,678,1295
1020,2025-12,46,46,46,629,740,1369
1020,2025-12,47,47,47,629,658,1287
1020,2025-12,48,48,48,598,719,1317
1020,2025-12,49,49,49,625,738,1363
1020,2025-12,50,50,50,651,709,1360
1020,2025-12,51,51,51,601,752,1353
1020,2025-12,52,52,52,576,709,1285
1020,2025-12,53,53,53,656,718,1374
1020,2025-12,54,54,54,654,800,1454
1020,2025-12,55,55,55,602,746,1348
1020,2025-12,56,56,56,539,744,1283
1020,2025-12,57,57,57,671,802,1473
1020,2025-12,58,58,58,615,803,1418
1020,2025-12,59,59,59,581,755,1336
1020,2025-12,60,60,60,637,833,1470
1020,2025-12,61,61,61,647,878,1525
1020,2025-12,62,62,62,650,863,1513
1020,2025-12,63,63,63,609,884,1493
1020,2025-12,64,64,64,627,849,1476
1020,2025-12,65,65,65,625,811,1436
1020,2025-12,66,66,66,624,827,1451
1020,2025-12,67,67,67,592,847,1439
1020,2025-12,68,68,68,590,807,1397
1020,2025-12,69,69,69,591,851,1442
1020,2025-12,70,70,70,564,778,1342
1020,2025-12,71,71,71,505,755,1260
1020,2025-12,72,72,72,447,767,1214
1020,2025-12,73,73,73,429,733,1162
1020,2025-12,74,74,74,419,629,1048
1020,2025-12,75,75,75,407,570,977
1020,2025-12,76,76,76,384,577,961
1020,2025-12,77,77,77,331,502,833
1020,2025-12,78,78,78,295,486,781
1020,2025-12,79,79,79,263,403,666
1020,2025-12,80,80,80,231,355,586
1020,2025-12,81,81,81,220,332,552
1020,2025-12,82,82,82,200,311,511
1020,2025-12,83,83,83,145,298,443
1020,2025-12,84,84,84,157,298,455
1020,2025-12,85,85,85,128,241,369
1020,2025-12,86,86,86,127,275,402
1020,2025-12,87,87,87,131,245,376
1020,2025-12,88,88,88,123,198,321
1020,2025-12,89,89,89,109,189,298
1020,2025-12,90,90,90,99,165,264
1020,2025-12,91,91,91,96,127,223
1020,2025-12,92,92,92,85,109,194
1020,2025-12,93,93,93,67,91,158
1020,2025-12,94,94,94,56,85,141
1020,2025-12,95,95,95,43,68,111
1020,2025-12,96,96,96,36,43,79
1020,2025-12,97,97,97,19,43,62
1020,2025-12,98,98,98,34,35,69
1020,2025-12,99,99,99,35,32,67
1020,2025-12,100,100,100,22,20,42
1020,2025-12,101,,101+,119,110,229
1021,2025-12,0,0,0,468,427,895
1021,2025-12,1,1,1,591,521,1112
1021,2025-12,2,2,2,612,620,1232
1021,2025-12,3,3,3,662,619,1281
1021,2025-12,4,4,4,734,670,1404
1021,2025-12,5,5,5,775,799,1574
1021,2025-12,6,6,6,878,801,1679
1021,2025-12,7,7,7,960,892,1852
1021,2025-12,8,8,8,934,925,1859
1021,2025-12,9,9,9,997,998,1995
1021,2025-12,10,10,10,1069,1008,2077
1021,2025-12,11,11,11,1137,1058,2195
1021,2025-12,12,12,12,1139,1122,2261
1021,2025-12,13,13,13,1294,1209,2503
1021,2025-12,14,14,14,1152,1125,2277
1021,2025-12,15,15,15,1123,1060,2183
1021,2025-12,16,16,16,1203,1105,2308
1021,2025-12,17,17,17,1186,1082,2268
1021,2025-12,18,18,18,1192,1172,2364
1021,2025-12,19,19,19,1221,1115,2336
1021,2025-12,20,20,20,1144,1158,2302
1021,2025-12,21,21,21,1195,1148,2343
1021,2025-12,22,22,22,1111,1199,2310
1021,2025-12,23,23,23,1159,1203,2362
1021,2025-12,24,24,24,1090,1129,2219
1021,2025-12,25,25,25,1195,1274,2469
1021,2025-12,26,26,26,1124,1163,2287
1021,2025-12,27,27,27,1102,1218,2320
1021,2025-12,28,28,28,1361,1447,2808
1021,2025-12,29,29,29,1347,1402,2749
1021,2025-12,30,30,30,1327,1317,2644
1021,2025-12,31,31,31,1277,1286,2563
1021,2025-12,32,32,32,1267,1338,2605
1021,2025-12,33,33,33,1212,1372,2584
1021,2025-12,34,34,34,1243,1324,2567
1021,2025-12,35,35,35,1174,1327,2501
1021,2025-12,36,36,36,1096,1273,2369
1021,2025-12,37,37,37,1189,1340,2529
1021,2025-12,38,38,38,1066,1273,2339
1021,2025-12,39,39,39,1141,1340,2481
1021,2025-12,40,40,40,1272,1480,2752
1021,2025-12,41,41,41,1267,1571,2838
1021,2025-12,42,42,42,1285,1557,2842
1021,2025-12,43,43,43,1367,1709,3076
1021,2025-12,44,44,44,1469,1671,3140
1021,2025-12,45,45,45,1495,1725,3220
1021,2025-12,46,46,46,1448,1741,3189
1021,2025-12,47,47,47,1429,1657,3086
1021,2025-12,48,48,48,1404,1803,3207
1021,2025-12,49,49,49,1528,1668,3196
1021,2025-12,50,50,50,1364,1608,2972
1021,2025-12,51,51,51,1329,1625,2954
1021,2025-12,52,52,52,1311,1584,2895
1021,2025-12,53,53,53,1303,1586,2889
1021,2025-12,54,54,54,1271,1634,2905
1021,2025-12,55,55,55,1325,1531,2856
1021,2025-12,56,56,56,1210,1515,2725
1021,2025-12,57,57,57,1257,1509,2766
1021,2025-12,58,58,58,1226,1477,2703
1021,2025-12,59,59,59,1202,1473,2675
1021,2025-12,60,60,60,1214,1492,2706
1021,2025-12,61,61,61,1134,1508,2642
1021,2025-12,62,62,62,1081,1328,2409
1021,2025-12,63,63,63,1018,1366,2384
1021,2025-12,64,64,64,913,1245,2158
1021,2025-12,65,65,65,933,1222,2155
1021,2025-12,66,66,66,883,1164,2047
1021,2025-12,67,67,67,811,1040,1851
1021,2025-12,68,68,68,722,1012,1734
1021,2025-12,69,69,69,682,927,1609
1021,2025-12,70,70,70,619,896,1515
1021,2025-12,71,71,71,608,867,1475
1021,2025-12,72,72,72,603,802,1405
1021,2025-12,73,73,73,492,719,1211
1021,2025-12,74,74,74,441,663,1104
1021,2025-12,75,75,75,434,626,1060
1021,2025-12,76,76,76,383,552,935
1021,2025-12,77,77,77,321,487,808
1021,2025-12,78,78,78,260,379,639
1021,2025-12,79,79,79,225,329,554
1021,2025-12,80,80,80,220,332,552
1021,2025-12,81,81,81,208,305,513
1021,2025-12,82,82,82,152,249,401
1021,2025-12,83,83,83,145,227,372
1021,2025-12,84,84,84,131,230,361
1021,2025-12,85,85,85,96,164,260
1021,2025-12,86,86,86,100,186,286
1021,2025-12,87,87,87,87,172,259
1021,2025-12,88,88,88,59,150,209
1021,2025-12,89,89,89,61,133,194
1021,2025-12,90,90,90,60,79,139
1021,2025-12,91,91,91,24,67,91
1021,2025-12,92,92,92,36,65,101
1021,2025-12,93,93,93,26,52,78
1021,2025-12,94,94,94,23,45,68
1021,2025-12,95,95,95,13,26,39
1021,2025-12,96,96,96,11,29,40
1021,2025-12,97,97,97,7,16,23
1021,2025-12,98,98,98,16,23,39
1021,2025-12,99,99,99,7,14,21
1021,2025-12,100,100,100,5,7,12
1021,2025-12,101,,101+,44,37,81
1022,2025-12,0,0,0,217,224,441
1022,2025-12,1,1,1,290,283,573
1022,2025-12,2,2,2,311,304,615
1022,2025-12,3,3,3,330,290,620
1022,2025-12,4,4,4,353,350,703
1022,2025-12,5,5,5,384,341,725
1022,2025-12,6,6,6,394,397,791
1022,2025-12,7,7,7,438,395,833
1022,2025-12,8,8,8,438,406,844
1022,2025-12,9,9,9,517,423,940
1022,2025-12,10,10,10,500,446,946
1022,2025-12,11,11,11,538,472,1010
1022,2025-12,12,12,12,534,514,1048
1022,2025-12,13,13,13,562,557,1119
1022,2025-12,14,14,14,560,555,1115
1022,2025-12,15,15,15,574,526,1100
1022,2025-12,16,16,16,548,517,1065
1022,2025-12,17,17,17,560,580,1140
1022,2025-12,18,18,18,632,575,1207
1022,2025-12,19,19,19,639,573,1212
1022,2025-12,20,20,20,593,603,1196
1022,2025-12,21,21,21,612,668,1280
1022,2025-12,22,22,22,588,629,1217
1022,2025-12,23,23,23,592,670,1262
1022,2025-12,24,24,24,606,632,1238
1022,2025-12,25,25,25,717,733,1450
1022,2025-12,26,26,26,677,703,1380
1022,2025-12,27,27,27,741,794,1535
1022,2025-12,28,28,28,823,947,1770
1022,2025-12,29,29,29,917,1011,1928
1022,2025-12,30,30,30,953,1114,2067
1022,2025-12,31,31,31,952,1024,1976
1022,2025-12,32,32,32,963,976,1939
1022,2025-12,33,33,33,911,1001,1912
1022,2025-12,34,34,34,931,1005,1936
1022,2025-12,35,35,35,896,952,1848
1022,2025-12,36,36,36,832,935,1767
1022,2025-12,37,37,37,820,1006,1826
1022,2025-12,38,38,38,813,841,1654
1022,2025-12,39,39,39,748,927,1675
1022,2025-12,40,40,40,834,983,1817
1022,2025-12,41,41,41,832,940,1772
1022,2025-12,42,42,42,869,974,1843
1022,2025-12,43,43,43,864,944,1808
1022,2025-12,44,44,44,895,1003,1898
1022,2025-12,45,45,45,977,1058,2035
1022,2025-12,46,46,46,941,1049,1990
1022,2025-12,47,47,47,860,1100,1960
1022,2025-12,48,48,48,867,1025,1892
1022,2025-12,49,49,49,838,1024,1862
1022,2025-12,50,50,50,850,1068,1918
1022,2025-12,51,51,51,867,989,1856
1022,2025-12,52,52,52,789,942,1731
1022,2025-12,53,53,53,787,1005,1792
1022,2025-12,54,54,54,845,987,1832
1022,2025-12,55,55,55,815,983,1798
1022,2025-12,56,56,56,735,968,1703
1022,2025-12,57,57,57,769,1029,1798
1022,2025-12,58,58,58,762,993,1755
1022,2025-12,59,59,59,823,1010,1833
1022,2025-12,60,60,60,785,1068,1853
1022,2025-12,61,61,61,785,1033,1818
1022,2025-12,62,62,62,731,1032,1763
1022,2025-12,63,63,63,744,964,1708
1022,2025-12,64,64,64,719,961,1680
1022,2025-12,65,65,65,693,1005,1698
1022,2025-12,66,66,66,691,936,1627
1022,2025-12,67,67,67,620,918,1538
1022,2025-12,68,68,68,598,905,1503
1022,2025-12,69,69,69,588,865,1453
1022,2025-12,70,70,70,520,753,1273
1022,2025-12,71,71,71,533,741,1274
1022,2025-12,72,72,72,510,765,1275
1022,2025-12,73,73,73,450,696,1146
1022,2025-12,74,74,74,452,625,1077
1022,2025-12,75,75,75,391,599,990
1022,2025-12,76,76,76,369,581,950
1022,2025-12,77,77,77,293,464,757
1022,2025-12,78,78,78,276,412,688
1022,2025-12,79,79,79,239,364,603
1022,2025-12,80,80,80,213,350,563
1022,2025-12,81,81,81,213,351,564
1022,2025-12,82,82,82,208,311,519
1022,2025-12,83,83,83,167,254,421
1022,2025-12,84,84,84,161,282,443
1022,2025-12,85,85,85,135,248,383
1022,2025-12,86,86,86,123,218,341
1022,2025-12,87,87,87,108,186,294
1022,2025-12,88,88,88,98,183,281
1022,2025-12,89,89,89,76,154,230
1022,2025-12,90,90,90,58,127,185
1022,2025-12,91,91,91,50,98,148
1022,2025-12,92,92,92,36,69,105
1022,2025-12,93,93,93,33,72,105
1022,2025-12,94,94,94,18,50,68
1022,2025-12,95,95,95,16,37,53
1022,2025-12,96,96,96,18,26,44
1022,2025-12,97,97,97,9,21,30
1022,2025-12,98,98,98,3,13,16
1022,2025-12,99,99,99,6,10,16
1022,2025-12,100,100,100,3,11,14
1022,2025-12,101,,101+,24,20,44
1023,2025-12,0,0,0,364,380,744
1023,2025-12,1,1,1,458,394,852
1023,2025-12,2,2,2,536,455,991
1023,2025-12,3,3,3,495,446,941
1023,2025-12,4,4,4,555,493,1048
1023,2025-12,5,5,5,629,515,1144
1023,2025-12,6,6,6,576,581,1157
1023,2025-12,7,7,7,655,596,1251
1023,2025-12,8,8,8,666,632,1298
1023,2025-12,9,9,9,659,663,1322
1023,2025-12,10,10,10,731,715,1446
1023,2025-12,11,11,11,753,719,1472
1023,2025-12,12,12,12,874,812,1686
1023,2025-12,13,13,13,899,855,1754
1023,2025-12,14,14,14,863,834,1697
1023,2025-12,15,15,15,885,815,1700
1023,2025-12,16,16,16,873,880,1753
1023,2025-12,17,17,17,931,854,1785
1023,2025-12,18,18,18,931,956,1887
1023,2025-12,19,19,19,897,915,1812
1023,2025-12,20,20,20,902,964,1866
1023,2025-12,21,21,21,906,943,1849
1023,2025-12,22,22,22,955,937,1892
1023,2025-12,23,23,23,906,952,1858
1023,2025-12,24,24,24,871,985,1856
1023,2025-12,25,25,25,951,1083,2034
1023,2025-12,26,26,26,900,1045,1945
1023,2025-12,27,27,27,1007,1087,2094
1023,2025-12,28,28,28,1184,1241,2425
1023,2025-12,29,29,29,1156,1280,2436
1023,2025-12,30,30,30,1226,1305,2531
1023,2025-12,31,31,31,1125,1211,2336
1023,2025-12,32,32,32,1164,1137,2301
1023,2025-12,33,33,33,1087,1166,2253
1023,2025-12,34,34,34,1144,1214,2358
1023,2025-12,35,35,35,1021,1131,2152
1023,2025-12,36,36,36,1004,1063,2067
1023,2025-12,37,37,37,1009,1031,2040
1023,2025-12,38,38,38,937,1011,1948
1023,2025-12,39,39,39,896,1044,1940
1023,2025-12,40,40,40,1021,1124,2145
1023,2025-12,41,41,41,1074,1119,2193
1023,2025-12,42,42,42,1018,1249,2267
1023,2025-12,43,43,43,1072,1285,2357
1023,2025-12,44,44,44,1108,1284,2392
1023,2025-12,45,45,45,1163,1361,2524
1023,2025-12,46,46,46,1177,1382,2559
1023,2025-12,47,47,47,1134,1347,2481
1023,2025-12,48,48,48,1202,1395,2597
1023,2025-12,49,49,49,1129,1401,2530
1023,2025-12,50,50,50,1067,1383,2450
1023,2025-12,51,51,51,1134,1366,2500
1023,2025-12,52,52,52,1017,1361,2378
1023,2025-12,53,53,53,1150,1419,2569
1023,2025-12,54,54,54,1146,1394,2540
1023,2025-12,55,55,55,1103,1383,2486
1023,2025-12,56,56,56,991,1304,2295
1023,2025-12,57,57,57,1098,1426,2524
1023,2025-12,58,58,58,1065,1348,2413
1023,2025-12,59,59,59,1012,1251,2263
1023,2025-12,60,60,60,1048,1374,2422
1023,2025-12,61,61,61,1056,1393,2449
1023,2025-12,62,62,62,1013,1258,2271
1023,2025-12,63,63,63,940,1238,2178
1023,2025-12,64,64,64,888,1220,2108
1023,2025-12,65,65,65,858,1183,2041
1023,2025-12,66,66,66,825,1141,1966
1023,2025-12,67,67,67,727,1002,1729
1023,2025-12,68,68,68,660,943,1603
1023,2025-12,69,69,69,632,928,1560
1023,2025-12,70,70,70,581,797,1378
1023,2025-12,71,71,71,585,780,1365
1023,2025-12,72,72,72,518,714,1232
1023,2025-12,73,73,73,425,740,1165
1023,2025-12,74,74,74,434,643,1077
1023,2025-12,75,75,75,407,588,995
1023,2025-12,76,76,76,347,559,906
1023,2025-12,77,77,77,274,497,771
1023,2025-12,78,78,78,256,410,666
1023,2025-12,79,79,79,212,341,553
1023,2025-12,80,80,80,215,351,566
1023,2025-12,81,81,81,190,289,479
1023,2025-12,82,82,82,164,285,449
1023,2025-12,83,83,83,111,222,333
1023,2025-12,84,84,84,124,230,354
1023,2025-12,85,85,85,95,219,314
1023,2025-12,86,86,86,106,195,301
1023,2025-12,87,87,87,88,164,252
1023,2025-12,88,88,88,69,124,193
1023,2025-12,89,89,89,66,124,190
1023,2025-12,90,90,90,36,81,117
1023,2025-12,91,91,91,39,86,125
1023,2025-12,92,92,92,24,61,85
1023,2025-12,93,93,93,26,52,78
1023,2025-12,94,94,94,9,41,50
1023,2025-12,95,95,95,13,22,35
1023,2025-12,96,96,96,7,24,31
1023,2025-12,97,97,97,5,18,23
1023,2025-12,98,98,98,3,12,15
1023,2025-12,99,99,99,4,6,10
1023,2025-12,100,100,100,3,3,6
1023,2025-12,101,,101+,8,9,17
1024,2025-12,0,0,0,137,142,279
1024,2025-12,1,1,1,191,163,354
1024,2025-12,2,2,2,195,194,389
1024,2025-12,3,3,3,179,175,354
1024,2025-12,4,4,4,232,230,462
1024,2025-12,5,5,5,251,250,501
1024,2025-12,6,6,6,296,236,532
1024,2025-12,7,7,7,262,263,525
1024,2025-12,8,8,8,315,317,632
1024,2025-12,9,9,9,329,312,641
1024,2025-12,10,10,10,343,299,642
1024,2025-12,11,11,11,363,294,657
1024,2025-12,12,12,12,376,354,730
1024,2025-12,13,13,13,403,350,753
1024,2025-12,14,14,14,376,390,766
1024,2025-12,15,15,15,365,359,724
1024,2025-12,16,16,16,353,349,702
1024,2025-12,17,17,17,349,391,740
1024,2025-12,18,18,18,400,401,801
1024,2025-12,19,19,19,377,371,748
1024,2025-12,20,20,20,396,409,805
1024,2025-12,21,21,21,420,425,845
1024,2025-12,22,22,22,441,446,887
1024,2025-12,23,23,23,441,462,903
1024,2025-12,24,24,24,449,421,870
1024,2025-12,25,25,25,467,450,917
1024,2025-12,26,26,26,465,461,926
1024,2025-12,27,27,27,489,494,983
1024,2025-12,28,28,28,563,558,1121
1024,2025-12,29,29,29,593,562,1155
1024,2025-12,30,30,30,551,524,1075
1024,2025-12,31,31,31,595,512,1107
1024,2025-12,32,32,32,539,519,1058
1024,2025-12,33,33,33,570,559,1129
1024,2025-12,34,34,34,497,510,1007
1024,2025-12,35,35,35,547,579,1126
1024,2025-12,36,36,36,465,495,960
1024,2025-12,37,37,37,469,495,964
1024,2025-12,38,38,38,453,447,900
1024,2025-12,39,39,39,439,509,948
1024,2025-12,40,40,40,483,503,986
1024,2025-12,41,41,41,497,551,1048
1024,2025-12,42,42,42,526,577,1103
1024,2025-12,43,43,43,496,558,1054
1024,2025-12,44,44,44,558,559,1117
1024,2025-12,45,45,45,523,635,1158
1024,2025-12,46,46,46,559,595,1154
1024,2025-12,47,47,47,514,608,1122
1024,2025-12,48,48,48,580,622,1202
1024,2025-12,49,49,49,579,604,1183
1024,2025-12,50,50,50,568,578,1146
1024,2025-12,51,51,51,559,594,1153
1024,2025-12,52,52,52,456,544,1000
1024,2025-12,53,53,53,586,589,1175
1024,2025-12,54,54,54,531,626,1157
1024,2025-12,55,55,55,555,589,1144
1024,2025-12,56,56,56,558,560,1118
1024,2025-12,57,57,57,560,564,1124
1024,2025-12,58,58,58,507,582,1089
1024,2025-12,59,59,59,493,539,1032
1024,2025-12,60,60,60,540,605,1145
1024,2025-12,61,61,61,468,607,1075
1024,2025-12,62,62,62,455,583,1038
1024,2025-12,63,63,63,444,562,1006
1024,2025-12,64,64,64,426,521,947
1024,2025-12,65,65,65,418,583,1001
1024,2025-12,66,66,66,383,561,944
1024,2025-12,67,67,67,373,537,910
1024,2025-12,68,68,68,321,513,834
1024,2025-12,69,69,69,319,495,814
1024,2025-12,70,70,70,268,449,717
1024,2025-12,71,71,71,343,477,820
1024,2025-12,72,72,72,329,414,743
1024,2025-12,73,73,73,259,413,672
1024,2025-12,74,74,74,274,407,681
1024,2025-12,75,75,75,243,365,608
1024,2025-12,76,76,76,223,356,579
1024,2025-12,77,77,77,189,286,475
1024,2025-12,78,78,78,168,244,412
1024,2025-12,79,79,79,143,238,381
1024,2025-12,80,80,80,136,222,358
1024,2025-12,81,81,81,116,200,316
1024,2025-12,82,82,82,98,160,258
1024,2025-12,83,83,83,111,150,261
1024,2025-12,84,84,84,96,165,261
1024,2025-12,85,85,85,61,117,178
1024,2025-12,86,86,86,78,126,204
1024,2025-12,87,87,87,69,123,192
1024,2025-12,88,88,88,60,88,148
1024,2025-12,89,89,89,49,81,130
1024,2025-12,90,90,90,40,71,111
1024,2025-12,91,91,91,34,69,103
1024,2025-12,92,92,92,26,38,64
1024,2025-12,93,93,93,26,38,64
1024,2025-12,94,94,94,16,36,52
1024,2025-12,95,95,95,16,32,48
1024,2025-12,96,96,96,15,11,26
1024,2025-12,97,97,97,17,17,34
1024,2025-12,98,98,98,5,10,15
1024,2025-12,99,99,99,9,9,18
1024,2025-12,100,100,100,3,3,6
1024,2025-12,101,,101+,35,33,68
1025,2025-12,0,0,0,148,152,300
1025,2025-12,1,1,1,181,159,340
1025,2025-12,2,2,2,179,163,342
1025,2025-12,3,3,3,189,161,350
1025,2025-12,4,4,4,229,178,407
1025,2025-12,5,5,5,216,217,433
1025,2025-12,6,6,6,251,236,487
1025,2025-12,7,7,7,244,269,513
1025,2025-12,8,8,8,278,247,525
1025,2025-12,9,9,9,278,266,544
1025,2025-12,10,10,10,253,274,527
1025,2025-12,11,11,11,315,300,615
1025,2025-12,12,12,12,371,305,676
1025,2025-12,13,13,13,334,344,678
1025,2025-12,14,14,14,331,310,641
1025,2025-12,15,15,15,313,301,614
1025,2025-12,16,16,16,322,326,648
1025,2025-12,17,17,17,337,311,648
1025,2025-12,18,18,18,364,336,700
1025,2025-12,19,19,19,382,341,723
1025,2025-12,20,20,20,387,360,747
1025,2025-12,21,21,21,361,370,731
1025,2025-12,22,22,22,388,380,768
1025,2025-12,23,23,23,412,392,804
1025,2025-12,24,24,24,410,428,838
1025,2025-12,25,25,25,463,516,979
1025,2025-12,26,26,26,487,459,946
1025,2025-12,27,27,27,517,523,1040
1025,2025-12,28,28,28,588,635,1223
1025,2025-12,29,29,29,643,718,1361
1025,2025-12,30,30,30,651,790,1441
1025,2025-12,31,31,31,639,699,1338
1025,2025-12,32,32,32,571,688,1259
1025,2025-12,33,33,33,598,697,1295
1025,2025-12,34,34,34,642,706,1348
1025,2025-12,35,35,35,592,729,1321
1025,2025-12,36,36,36,607,661,1268
1025,2025-12,37,37,37,596,613,1209
1025,2025-12,38,38,38,534,609,1143
1025,2025-12,39,39,39,552,625,1177
1025,2025-12,40,40,40,607,645,1252
1025,2025-12,41,41,41,573,705,1278
1025,2025-12,42,42,42,604,706,1310
1025,2025-12,43,43,43,603,717,1320
1025,2025-12,44,44,44,615,742,1357
1025,2025-12,45,45,45,596,769,1365
1025,2025-12,46,46,46,605,714,1319
1025,2025-12,47,47,47,628,713,1341
1025,2025-12,48,48,48,635,774,1409
1025,2025-12,49,49,49,616,791,1407
1025,2025-12,50,50,50,592,712,1304
1025,2025-12,51,51,51,584,698,1282
1025,2025-12,52,52,52,560,643,1203
1025,2025-12,53,53,53,541,716,1257
1025,2025-12,54,54,54,583,702,1285
1025,2025-12,55,55,55,534,733,1267
1025,2025-12,56,56,56,591,720,1311
1025,2025-12,57,57,57,578,726,1304
1025,2025-12,58,58,58,555,695,1250
1025,2025-12,59,59,59,498,708,1206
1025,2025-12,60,60,60,549,809,1358
1025,2025-12,61,61,61,594,772,1366
1025,2025-12,62,62,62,552,707,1259
1025,2025-12,63,63,63,505,750,1255
1025,2025-12,64,64,64,522,721,1243
1025,2025-12,65,65,65,482,691,1173
1025,2025-12,66,66,66,500,752,1252
1025,2025-12,67,67,67,475,656,1131
1025,2025-12,68,68,68,454,663,1117
1025,2025-12,69,69,69,468,677,1145
1025,2025-12,70,70,70,421,663,1084
1025,2025-12,71,71,71,407,651,1058
1025,2025-12,72,72,72,382,593,975
1025,2025-12,73,73,73,407,530,937
1025,2025-12,74,74,74,327,605,932
1025,2025-12,75,75,75,325,557,882
1025,2025-12,76,76,76,306,464,770
1025,2025-12,77,77,77,244,486,730
1025,2025-12,78,78,78,273,376,649
1025,2025-12,79,79,79,208,372,580
1025,2025-12,80,80,80,196,338,534
1025,2025-12,81,81,81,219,328,547
1025,2025-12,82,82,82,167,288,455
1025,2025-12,83,83,83,170,256,426
1025,2025-12,84,84,84,156,259,415
1025,2025-12,85,85,85,112,215,327
1025,2025-12,86,86,86,121,236,357
1025,2025-12,87,87,87,114,209,323
1025,2025-12,88,88,88,74,175,249
1025,2025-12,89,89,89,94,145,239
1025,2025-12,90,90,90,62,129,191
1025,2025-12,91,91,91,34,95,129
1025,2025-12,92,92,92,41,89,130
1025,2025-12,93,93,93,32,69,101
1025,2025-12,94,94,94,33,55,88
1025,2025-12,95,95,95,15,40,55
1025,2025-12,96,96,96,13,39,52
1025,2025-12,97,97,97,20,24,44
1025,2025-12,98,98,98,13,18,31
1025,2025-12,99,99,99,12,16,28
1025,2025-12,100,100,100,7,8,15
1025,2025-12,101,,101+,44,53,97
1026,2025-12,0,0,0,176,179,355
1026,2025-12,1,1,1,235,211,446
1026,2025-12,2,2,2,250,237,487
1026,2025-12,3,3,3,234,225,459
1026,2025-12,4,4,4,291,249,540
1026,2025-12,5,5,5,286,291,577
1026,2025-12,6,6,6,347,330,677
1026,2025-12,7,7,7,363,338,701
1026,2025-12,8,8,8,379,351,730
1026,2025-12,9,9,9,369,365,734
1026,2025-12,10,10,10,372,422,794
1026,2025-12,11,11,11,460,433,893
1026,2025-12,12,12,12,467,442,909
1026,2025-12,13,13,13,489,487,976
1026,2025-12,14,14,14,475,493,968
1026,2025-12,15,15,15,483,472,955
1026,2025-12,16,16,16,465,475,940
1026,2025-12,17,17,17,503,499,1002
1026,2025-12,18,18,18,549,540,1089
1026,2025-12,19,19,19,524,579,1103
1026,2025-12,20,20,20,543,519,1062
1026,2025-12,21,21,21,527,543,1070
1026,2025-12,22,22,22,601,568,1169
1026,2025-12,23,23,23,555,572,1127
1026,2025-12,24,24,24,573,502,1075
1026,2025-12,25,25,25,625,656,1281
1026,2025-12,26,26,26,647,663,1310
1026,2025-12,27,27,27,649,657,1306
1026,2025-12,28,28,28,677,790,1467
1026,2025-12,29,29,29,791,760,1551
1026,2025-12,30,30,30,868,843,1711
1026,2025-12,31,31,31,751,836,1587
1026,2025-12,32,32,32,740,792,1532
1026,2025-12,33,33,33,742,821,1563
1026,2025-12,34,34,34,685,753,1438
1026,2025-12,35,35,35,780,758,1538
1026,2025-12,36,36,36,682,674,1356
1026,2025-12,37,37,37,699,753,1452
1026,2025-12,38,38,38,679,675,1354
1026,2025-12,39,39,39,662,711,1373
1026,2025-12,40,40,40,710,812,1522
1026,2025-12,41,41,41,711,792,1503
1026,2025-12,42,42,42,732,805,1537
1026,2025-12,43,43,43,764,824,1588
1026,2025-12,44,44,44,743,838,1581
1026,2025-12,45,45,45,784,891,1675
1026,2025-12,46,46,46,786,870,1656
1026,2025-12,47,47,47,725,875,1600
1026,2025-12,48,48,48,741,863,1604
1026,2025-12,49,49,49,694,961,1655
1026,2025-12,50,50,50,735,854,1589
1026,2025-12,51,51,51,695,898,1593
1026,2025-12,52,52,52,665,835,1500
1026,2025-12,53,53,53,693,911,1604
1026,2025-12,54,54,54,740,920,1660
1026,2025-12,55,55,55,706,864,1570
1026,2025-12,56,56,56,719,905,1624
1026,2025-12,57,57,57,765,935,1700
1026,2025-12,58,58,58,667,912,1579
1026,2025-12,59,59,59,700,895,1595
1026,2025-12,60,60,60,696,947,1643
1026,2025-12,61,61,61,691,871,1562
1026,2025-12,62,62,62,678,927,1605
1026,2025-12,63,63,63,667,917,1584
1026,2025-12,64,64,64,617,909,1526
1026,2025-12,65,65,65,590,928,1518
1026,2025-12,66,66,66,633,875,1508
1026,2025-12,67,67,67,579,793,1372
1026,2025-12,68,68,68,513,863,1376
1026,2025-12,69,69,69,503,830,1333
1026,2025-12,70,70,70,498,758,1256
1026,2025-12,71,71,71,507,774,1281
1026,2025-12,72,72,72,484,697,1181
1026,2025-12,73,73,73,430,637,1067
1026,2025-12,74,74,74,434,658,1092
1026,2025-12,75,75,75,389,620,1009
1026,2025-12,76,76,76,342,561,903
1026,2025-12,77,77,77,297,526,823
1026,2025-12,78,78,78,286,443,729
1026,2025-12,79,79,79,229,403,632
1026,2025-12,80,80,80,222,381,603
1026,2025-12,81,81,81,201,342,543
1026,2025-12,82,82,82,196,339,535
1026,2025-12,83,83,83,147,283,430
1026,2025-12,84,84,84,141,292,433
1026,2025-12,85,85,85,132,233,365
1026,2025-12,86,86,86,103,230,333
1026,2025-12,87,87,87,89,193,282
1026,2025-12,88,88,88,105,175,280
1026,2025-12,89,89,89,79,155,234
1026,2025-12,90,90,90,67,122,189
1026,2025-12,91,91,91,55,114,169
1026,2025-12,92,92,92,38,90,128
1026,2025-12,93,93,93,36,82,118
1026,2025-12,94,94,94,32,54,86
1026,2025-12,95,95,95,19,39,58
1026,2025-12,96,96,96,12,33,45
1026,2025-12,97,97,97,19,32,51
1026,2025-12,98,98,98,13,19,32
1026,2025-12,99,99,99,10,16,26
1026,2025-12,100,100,100,8,16,24
1026,2025-12,101,,101+,54,39,93
1027,2025-12,0,0,0,230,270,500
1027,2025-12,1,1,1,314,297,611
1027,2025-12,2,2,2,358,309,667
1027,2025-12,3,3,3,355,316,671
1027,2025-12,4,4,4,389,405,794
1027,2025-12,5,5,5,424,469,893
1027,2025-12,6,6,6,484,420,904
1027,2025-12,7,7,7,492,513,1005
1027,2025-12,8,8,8,536,552,1088
1027,2025-12,9,9,9,568,533,1101
1027,2025-12,10,10,10,613,645,1258
1027,2025-12,11,11,11,700,627,1327
1027,2025-12,12,12,12,691,621,1312
1027,2025-12,13,13,13,674,718,1392
1027,2025-12,14,14,14,669,656,1325
1027,2025-12,15,15,15,638,629,1267
1027,2025-12,16,16,16,691,709,1400
1027,2025-12,17,17,17,711,729,1440
1027,2025-12,18,18,18,730,731,1461
1027,2025-12,19,19,19,731,718,1449
1027,2025-12,20,20,20,729,714,1443
1027,2025-12,21,21,21,757,783,1540
1027,2025-12,22,22,22,697,761,1458
1027,2025-12,23,23,23,716,710,1426
1027,2025-12,24,24,24,742,738,1480
1027,2025-12,25,25,25,808,834,1642
1027,2025-12,26,26,26,763,745,1508
1027,2025-12,27,27,27,781,898,1679
1027,2025-12,28,28,28,901,928,1829
1027,2025-12,29,29,29,961,1029,1990
1027,2025-12,30,30,30,946,998,1944
1027,2025-12,31,31,31,939,908,1847
1027,2025-12,32,32,32,869,1001,1870
1027,2025-12,33,33,33,883,1001,1884
1027,2025-12,34,34,34,892,986,1878
1027,2025-12,35,35,35,813,955,1768
1027,2025-12,36,36,36,864,920,1784
1027,2025-12,37,37,37,814,933,1747
1027,2025-12,38,38,38,804,869,1673
1027,2025-12,39,39,39,847,956,1803
1027,2025-12,40,40,40,893,1093,1986
1027,2025-12,41,41,41,892,1076,1968
1027,2025-12,42,42,42,925,1155,2080
1027,2025-12,43,43,43,986,1233,2219
1027,2025-12,44,44,44,960,1236,2196
1027,2025-12,45,45,45,1031,1240,2271
1027,2025-12,46,46,46,1019,1288,2307
1027,2025-12,47,47,47,975,1228,2203
1027,2025-12,48,48,48,1088,1219,2307
1027,2025-12,49,49,49,1003,1240,2243
1027,2025-12,50,50,50,1006,1254,2260
1027,2025-12,51,51,51,1026,1227,2253
1027,2025-12,52,52,52,939,1183,2122
1027,2025-12,53,53,53,1029,1251,2280
1027,2025-12,54,54,54,1044,1306,2350
1027,2025-12,55,55,55,970,1252,2222
1027,2025-12,56,56,56,895,1179,2074
1027,2025-12,57,57,57,959,1229,2188
1027,2025-12,58,58,58,872,1122,1994
1027,2025-12,59,59,59,893,1150,2043
1027,2025-12,60,60,60,926,1186,2112
1027,2025-12,61,61,61,860,1141,2001
1027,2025-12,62,62,62,828,1197,2025
1027,2025-12,63,63,63,804,1145,1949
1027,2025-12,64,64,64,756,1119,1875
1027,2025-12,65,65,65,712,1095,1807
1027,2025-12,66,66,66,730,1070,1800
1027,2025-12,67,67,67,641,1031,1672
1027,2025-12,68,68,68,609,859,1468
1027,2025-12,69,69,69,639,871,1510
1027,2025-12,70,70,70,568,845,1413
1027,2025-12,71,71,71,547,816,1363
1027,2025-12,72,72,72,499,794,1293
1027,2025-12,73,73,73,491,717,1208
1027,2025-12,74,74,74,446,735,1181
1027,2025-12,75,75,75,420,606,1026
1027,2025-12,76,76,76,362,587,949
1027,2025-12,77,77,77,321,530,851
1027,2025-12,78,78,78,275,448,723
1027,2025-12,79,79,79,257,427,684
1027,2025-12,80,80,80,223,393,616
1027,2025-12,81,81,81,219,342,561
1027,2025-12,82,82,82,175,303,478
1027,2025-12,83,83,83,167,275,442
1027,2025-12,84,84,84,136,284,420
1027,2025-12,85,85,85,110,193,303
1027,2025-12,86,86,86,112,217,329
1027,2025-12,87,87,87,85,180,265
1027,2025-12,88,88,88,78,168,246
1027,2025-12,89,89,89,56,154,210
1027,2025-12,90,90,90,40,106,146
1027,2025-12,91,91,91,38,90,128
1027,2025-12,92,92,92,33,62,95
1027,2025-12,93,93,93,26,56,82
1027,2025-12,94,94,94,16,44,60
1027,2025-12,95,95,95,13,37,50
1027,2025-12,96,96,96,11,28,39
1027,2025-12,97,97,97,6,22,28
1027,2025-12,98,98,98,3,22,25
1027,2025-12,99,99,99,3,10,13
1027,2025-12,100,100,100,2,9,11
1027,2025-12,101,,101+,17,17,34
1028,2025-12,0,0,0,104,104,208
1028,2025-12,1,1,1,154,145,299
1028,2025-12,2,2,2,150,123,273
1028,2025-12,3,3,3,159,145,304
1028,2025-12,4,4,4,170,176,346
1028,2025-12,5,5,5,190,179,369
1028,2025-12,6,6,6,240,205,445
1028,2025-12,7,7,7,216,203,419
1028,2025-12,8,8,8,220,223,443
1028,2025-12,9,9,9,244,225,469
1028,2025-12,10,10,10,284,241,525
1028,2025-12,11,11,11,274,262,536
1028,2025-12,12,12,12,287,263,550
1028,2025-12,13,13,13,314,299,613
1028,2025-12,14,14,14,278,239,517
1028,2025-12,15,15,15,305,261,566
1028,2025-12,16,16,16,286,286,572
1028,2025-12,17,17,17,318,280,598
1028,2025-12,18,18,18,382,295,677
1028,2025-12,19,19,19,312,324,636
1028,2025-12,20,20,20,346,332,678
1028,2025-12,21,21,21,381,341,722
1028,2025-12,22,22,22,387,355,742
1028,2025-12,23,23,23,384,320,704
1028,2025-12,24,24,24,369,319,688
1028,2025-12,25,25,25,429,376,805
1028,2025-12,26,26,26,362,351,713
1028,2025-12,27,27,27,421,339,760
1028,2025-12,28,28,28,436,399,835
1028,2025-12,29,29,29,446,404,850
1028,2025-12,30,30,30,479,424,903
1028,2025-12,31,31,31,419,414,833
1028,2025-12,32,32,32,423,408,831
1028,2025-12,33,33,33,431,393,824
1028,2025-12,34,34,34,450,406,856
1028,2025-12,35,35,35,443,438,881
1028,2025-12,36,36,36,419,436,855
1028,2025-12,37,37,37,485,456,941
1028,2025-12,38,38,38,381,428,809
1028,2025-12,39,39,39,398,404,802
1028,2025-12,40,40,40,447,491,938
1028,2025-12,41,41,41,444,505,949
1028,2025-12,42,42,42,441,473,914
1028,2025-12,43,43,43,478,523,1001
1028,2025-12,44,44,44,494,564,1058
1028,2025-12,45,45,45,505,531,1036
1028,2025-12,46,46,46,519,488,1007
1028,2025-12,47,47,47,446,543,989
1028,2025-12,48,48,48,480,551,1031
1028,2025-12,49,49,49,454,561,1015
1028,2025-12,50,50,50,409,524,933
1028,2025-12,51,51,51,444,522,966
1028,2025-12,52,52,52,433,533,966
1028,2025-12,53,53,53,419,540,959
1028,2025-12,54,54,54,463,537,1000
1028,2025-12,55,55,55,436,554,990
1028,2025-12,56,56,56,425,504,929
1028,2025-12,57,57,57,448,529,977
1028,2025-12,58,58,58,453,538,991
1028,2025-12,59,59,59,394,540,934
1028,2025-12,60,60,60,405,517,922
1028,2025-12,61,61,61,440,576,1016
1028,2025-12,62,62,62,414,584,998
1028,2025-12,63,63,63,427,561,988
1028,2025-12,64,64,64,409,555,964
1028,2025-12,65,65,65,447,602,1049
1028,2025-12,66,66,66,416,530,946
1028,2025-12,67,67,67,367,551,918
1028,2025-12,68,68,68,386,564,950
1028,2025-12,69,69,69,373,554,927
1028,2025-12,70,70,70,367,536,903
1028,2025-12,71,71,71,366,518,884
1028,2025-12,72,72,72,363,525,888
1028,2025-12,73,73,73,320,453,773
1028,2025-12,74,74,74,309,507,816
1028,2025-12,75,75,75,289,401,690
1028,2025-12,76,76,76,302,438,740
1028,2025-12,77,77,77,267,405,672
1028,2025-12,78,78,78,208,314,522
1028,2025-12,79,79,79,160,272,432
1028,2025-12,80,80,80,142,214,356
1028,2025-12,81,81,81,118,230,348
1028,2025-12,82,82,82,139,221,360
1028,2025-12,83,83,83,135,207,342
1028,2025-12,84,84,84,101,179,280
1028,2025-12,85,85,85,92,160,252
1028,2025-12,86,86,86,92,181,273
1028,2025-12,87,87,87,85,153,238
1028,2025-12,88,88,88,103,140,243
1028,2025-12,89,89,89,56,124,180
1028,2025-12,90,90,90,60,122,182
1028,2025-12,91,91,91,47,96,143
1028,2025-12,92,92,92,42,95,137
1028,2025-12,93,93,93,38,68,106
1028,2025-12,94,94,94,40,40,80
1028,2025-12,95,95,95,28,37,65
1028,2025-12,96,96,96,18,39,57
1028,2025-12,97,97,97,17,36,53
1028,2025-12,98,98,98,13,34,47
1028,2025-12,99,99,99,14,21,35
1028,2025-12,100,100,100,11,17,28
1028,2025-12,101,,101+,91,84,175
1029,2025-12,0,0,0,214,201,415
1029,2025-12,1,1,1,248,262,510
1029,2025-12,2,2,2,263,255,518
1029,2025-12,3,3,3,257,284,541
1029,2025-12,4,4,4,308,344,652
1029,2025-12,5,5,5,348,309,657
1029,2025-12,6,6,6,391,351,742
1029,2025-12,7,7,7,345,367,712
1029,2025-12,8,8,8,367,364,731
1029,2025-12,9,9,9,373,382,755
1029,2025-12,10,10,10,376,384,760
1029,2025-12,11,11,11,435,433,868
1029,2025-12,12,12,12,472,461,933
1029,2025-12,13,13,13,477,501,978
1029,2025-12,14,14,14,475,467,942
1029,2025-12,15,15,15,485,442,927
1029,2025-12,16,16,16,509,499,1008
1029,2025-12,17,17,17,534,479,1013
1029,2025-12,18,18,18,504,520,1024
1029,2025-12,19,19,19,524,527,1051
1029,2025-12,20,20,20,527,503,1030
1029,2025-12,21,21,21,556,533,1089
1029,2025-12,22,22,22,544,560,1104
1029,2025-12,23,23,23,562,583,1145
1029,2025-12,24,24,24,554,549,1103
1029,2025-12,25,25,25,612,616,1228
1029,2025-12,26,26,26,611,603,1214
1029,2025-12,27,27,27,638,668,1306
1029,2025-12,28,28,28,771,789,1560
1029,2025-12,29,29,29,731,888,1619
1029,2025-12,30,30,30,860,928,1788
1029,2025-12,31,31,31,854,915,1769
1029,2025-12,32,32,32,916,950,1866
1029,2025-12,33,33,33,945,991,1936
1029,2025-12,34,34,34,925,1065,1990
1029,2025-12,35,35,35,921,986,1907
1029,2025-12,36,36,36,871,1013,1884
1029,2025-12,37,37,37,785,942,1727
1029,2025-12,38,38,38,839,970,1809
1029,2025-12,39,39,39,781,929,1710
1029,2025-12,40,40,40,841,957,1798
1029,2025-12,41,41,41,884,944,1828
1029,2025-12,42,42,42,886,902,1788
1029,2025-12,43,43,43,881,967,1848
1029,2025-12,44,44,44,827,964,1791
1029,2025-12,45,45,45,834,977,1811
1029,2025-12,46,46,46,809,999,1808
1029,2025-12,47,47,47,812,903,1715
1029,2025-12,48,48,48,842,926,1768
1029,2025-12,49,49,49,766,914,1680
1029,2025-12,50,50,50,762,899,1661
1029,2025-12,51,51,51,736,845,1581
1029,2025-12,52,52,52,725,884,1609
1029,2025-12,53,53,53,758,891,1649
1029,2025-12,54,54,54,806,965,1771
1029,2025-12,55,55,55,740,902,1642
1029,2025-12,56,56,56,722,880,1602
1029,2025-12,57,57,57,746,920,1666
1029,2025-12,58,58,58,688,883,1571
1029,2025-12,59,59,59,711,876,1587
1029,2025-12,60,60,60,732,918,1650
1029,2025-12,61,61,61,782,963,1745
1029,2025-12,62,62,62,679,943,1622
1029,2025-12,63,63,63,706,981,1687
1029,2025-12,64,64,64,643,977,1620
1029,2025-12,65,65,65,724,925,1649
1029,2025-12,66,66,66,738,947,1685
1029,2025-12,67,67,67,681,917,1598
1029,2025-12,68,68,68,649,871,1520
1029,2025-12,69,69,69,602,837,1439
1029,2025-12,70,70,70,526,862,1388
1029,2025-12,71,71,71,580,809,1389
1029,2025-12,72,72,72,518,863,1381
1029,2025-12,73,73,73,470,743,1213
1029,2025-12,74,74,74,468,757,1225
1029,2025-12,75,75,75,450,650,1100
1029,2025-12,76,76,76,394,689,1083
1029,2025-12,77,77,77,332,545,877
1029,2025-12,78,78,78,329,522,851
1029,2025-12,79,79,79,288,442,730
1029,2025-12,80,80,80,240,395,635
1029,2025-12,81,81,81,263,374,637
1029,2025-12,82,82,82,221,379,600
1029,2025-12,83,83,83,196,329,525
1029,2025-12,84,84,84,198,325,523
1029,2025-12,85,85,85,167,233,400
1029,2025-12,86,86,86,187,292,479
1029,2025-12,87,87,87,153,220,373
1029,2025-12,88,88,88,151,238,389
1029,2025-12,89,89,89,120,207,327
1029,2025-12,90,90,90,98,174,272
1029,2025-12,91,91,91,92,139,231
1029,2025-12,92,92,92,81,130,211
1029,2025-12,93,93,93,74,92,166
1029,2025-12,94,94,94,57,72,129
1029,2025-12,95,95,95,42,62,104
1029,2025-12,96,96,96,35,66,101
1029,2025-12,97,97,97,32,36,68
1029,2025-12,98,98,98,37,26,63
1029,2025-12,99,99,99,34,36,70
1029,2025-12,100,100,100,18,23,41
1029,2025-12,101,,101+,142,130,272
1030,2025-12,0,0,0,277,256,533
1030,2025-12,1,1,1,354,316,670
1030,2025-12,2,2,2,390,330,720
1030,2025-12,3,3,3,389,333,722
1030,2025-12,4,4,4,404,398,802
1030,2025-12,5,5,5,470,421,891
1030,2025-12,6,6,6,503,495,998
1030,2025-12,7,7,7,541,569,1110
1030,2025-12,8,8,8,558,536,1094
1030,2025-12,9,9,9,592,575,1167
1030,2025-12,10,10,10,635,595,1230
1030,2025-12,11,11,11,709,687,1396
1030,2025-12,12,12,12,681,629,1310
1030,2025-12,13,13,13,668,659,1327
1030,2025-12,14,14,14,631,623,1254
1030,2025-12,15,15,15,623,596,1219
1030,2025-12,16,16,16,699,640,1339
1030,2025-12,17,17,17,784,597,1381
1030,2025-12,18,18,18,808,651,1459
1030,2025-12,19,19,19,730,679,1409
1030,2025-12,20,20,20,677,666,1343
1030,2025-12,21,21,21,685,704,1389
1030,2025-12,22,22,22,691,668,1359
1030,2025-12,23,23,23,693,673,1366
1030,2025-12,24,24,24,720,746,1466
1030,2025-12,25,25,25,793,863,1656
1030,2025-12,26,26,26,784,853,1637
1030,2025-12,27,27,27,889,893,1782
1030,2025-12,28,28,28,1019,1091,2110
1030,2025-12,29,29,29,1183,1258,2441
1030,2025-12,30,30,30,1167,1295,2462
1030,2025-12,31,31,31,1179,1300,2479
1030,2025-12,32,32,32,1161,1309,2470
1030,2025-12,33,33,33,1253,1373,2626
1030,2025-12,34,34,34,1212,1349,2561
1030,2025-12,35,35,35,1188,1303,2491
1030,2025-12,36,36,36,1196,1328,2524
1030,2025-12,37,37,37,1199,1438,2637
1030,2025-12,38,38,38,1073,1331,2404
1030,2025-12,39,39,39,1145,1465,2610
1030,2025-12,40,40,40,1180,1518,2698
1030,2025-12,41,41,41,1189,1461,2650
1030,2025-12,42,42,42,1216,1533,2749
1030,2025-12,43,43,43,1248,1539,2787
1030,2025-12,44,44,44,1172,1584,2756
1030,2025-12,45,45,45,1290,1535,2825
1030,2025-12,46,46,46,1298,1495,2793
1030,2025-12,47,47,47,1194,1470,2664
1030,2025-12,48,48,48,1162,1432,2594
1030,2025-12,49,49,49,1168,1330,2498
1030,2025-12,50,50,50,1089,1287,2376
1030,2025-12,51,51,51,976,1259,2235
1030,2025-12,52,52,52,995,1267,2262
1030,2025-12,53,53,53,1046,1211,2257
1030,2025-12,54,54,54,1020,1313,2333
1030,2025-12,55,55,55,1054,1236,2290
1030,2025-12,56,56,56,1034,1210,2244
1030,2025-12,57,57,57,963,1233,2196
1030,2025-12,58,58,58,902,1164,2066
1030,2025-12,59,59,59,903,1107,2010
1030,2025-12,60,60,60,835,1088,1923
1030,2025-12,61,61,61,783,1157,1940
1030,2025-12,62,62,62,806,1140,1946
1030,2025-12,63,63,63,761,1061,1822
1030,2025-12,64,64,64,705,1043,1748
1030,2025-12,65,65,65,689,1048,1737
1030,2025-12,66,66,66,705,1065,1770
1030,2025-12,67,67,67,687,997,1684
1030,2025-12,68,68,68,687,990,1677
1030,2025-12,69,69,69,679,980,1659
1030,2025-12,70,70,70,596,989,1585
1030,2025-12,71,71,71,669,947,1616
1030,2025-12,72,72,72,598,847,1445
1030,2025-12,73,73,73,571,874,1445
1030,2025-12,74,74,74,550,792,1342
1030,2025-12,75,75,75,534,737,1271
1030,2025-12,76,76,76,492,715,1207
1030,2025-12,77,77,77,428,624,1052
1030,2025-12,78,78,78,401,621,1022
1030,2025-12,79,79,79,346,572,918
1030,2025-12,80,80,80,305,538,843
1030,2025-12,81,81,81,239,456,695
1030,2025-12,82,82,82,262,471,733
1030,2025-12,83,83,83,231,429,660
1030,2025-12,84,84,84,240,424,664
1030,2025-12,85,85,85,188,314,502
1030,2025-12,86,86,86,221,345,566
1030,2025-12,87,87,87,207,317,524
1030,2025-12,88,88,88,185,273,458
1030,2025-12,89,89,89,180,248,428
1030,2025-12,90,90,90,148,211,359
1030,2025-12,91,91,91,145,211,356
1030,2025-12,92,92,92,96,141,237
1030,2025-12,93,93,93,82,141,223
1030,2025-12,94,94,94,56,104,160
1030,2025-12,95,95,95,43,75,118
1030,2025-12,96,96,96,37,66,103
1030,2025-12,97,97,97,32,59,91
1030,2025-12,98,98,98,27,51,78
1030,2025-12,99,99,99,21,27,48
1030,2025-12,100,100,100,8,20,28
1030,2025-12,101,,101+,99,108,207
1031,2025-12,0,0,0,125,111,236
1031,2025-12,1,1,1,171,146,317
1031,2025-12,2,2,2,184,168,352
1031,2025-12,3,3,3,159,168,327
1031,2025-12,4,4,4,247,213,460
1031,2025-12,5,5,5,223,223,446
1031,2025-12,6,6,6,237,234,471
1031,2025-12,7,7,7,260,232,492
1031,2025-12,8,8,8,279,252,531
1031,2025-12,9,9,9,266,275,541
1031,2025-12,10,10,10,304,314,618
1031,2025-12,11,11,11,320,295,615
1031,2025-12,12,12,12,347,309,656
1031,2025-12,13,13,13,396,357,753
1031,2025-12,14,14,14,390,332,722
1031,2025-12,15,15,15,392,345,737
1031,2025-12,16,16,16,364,357,721
1031,2025-12,17,17,17,410,363,773
1031,2025-12,18,18,18,410,380,790
1031,2025-12,19,19,19,398,351,749
1031,2025-12,20,20,20,429,393,822
1031,2025-12,21,21,21,398,392,790
1031,2025-12,22,22,22,393,375,768
1031,2025-12,23,23,23,393,396,789
1031,2025-12,24,24,24,384,396,780
1031,2025-12,25,25,25,424,427,851
1031,2025-12,26,26,26,420,454,874
1031,2025-12,27,27,27,414,451,865
1031,2025-12,28,28,28,508,491,999
1031,2025-12,29,29,29,520,472,992
1031,2025-12,30,30,30,528,477,1005
1031,2025-12,31,31,31,490,516,1006
1031,2025-12,32,32,32,530,484,1014
1031,2025-12,33,33,33,497,479,976
1031,2025-12,34,34,34,444,464,908
1031,2025-12,35,35,35,476,531,1007
1031,2025-12,36,36,36,442,414,856
1031,2025-12,37,37,37,473,455,928
1031,2025-12,38,38,38,409,484,893
1031,2025-12,39,39,39,398,468,866
1031,2025-12,40,40,40,455,511,966
1031,2025-12,41,41,41,470,492,962
1031,2025-12,42,42,42,511,524,1035
1031,2025-12,43,43,43,506,575,1081
1031,2025-12,44,44,44,532,519,1051
1031,2025-12,45,45,45,546,590,1136
1031,2025-12,46,46,46,511,532,1043
1031,2025-12,47,47,47,541,544,1085
1031,2025-12,48,48,48,478,566,1044
1031,2025-12,49,49,49,504,576,1080
1031,2025-12,50,50,50,487,568,1055
1031,2025-12,51,51,51,487,584,1071
1031,2025-12,52,52,52,475,534,1009
1031,2025-12,53,53,53,504,518,1022
1031,2025-12,54,54,54,520,572,1092
1031,2025-12,55,55,55,455,558,1013
1031,2025-12,56,56,56,486,539,1025
1031,2025-12,57,57,57,434,573,1007
1031,2025-12,58,58,58,444,537,981
1031,2025-12,59,59,59,438,631,1069
1031,2025-12,60,60,60,486,616,1102
1031,2025-12,61,61,61,536,643,1179
1031,2025-12,62,62,62,499,621,1120
1031,2025-12,63,63,63,471,634,1105
1031,2025-12,64,64,64,471,612,1083
1031,2025-12,65,65,65,460,671,1131
1031,2025-12,66,66,66,474,603,1077
1031,2025-12,67,67,67,455,620,1075
1031,2025-12,68,68,68,450,607,1057
1031,2025-12,69,69,69,445,596,1041
1031,2025-12,70,70,70,417,548,965
1031,2025-12,71,71,71,433,591,1024
1031,2025-12,72,72,72,347,544,891
1031,2025-12,73,73,73,366,498,864
1031,2025-12,74,74,74,307,488,795
1031,2025-12,75,75,75,332,499,831
1031,2025-12,76,76,76,293,409,702
1031,2025-12,77,77,77,268,370,638
1031,2025-12,78,78,78,195,307,502
1031,2025-12,79,79,79,201,268,469
1031,2025-12,80,80,80,176,248,424
1031,2025-12,81,81,81,126,251,377
1031,2025-12,82,82,82,130,215,345
1031,2025-12,83,83,83,106,185,291
1031,2025-12,84,84,84,94,206,300
1031,2025-12,85,85,85,72,157,229
1031,2025-12,86,86,86,86,188,274
1031,2025-12,87,87,87,78,140,218
1031,2025-12,88,88,88,80,125,205
1031,2025-12,89,89,89,69,125,194
1031,2025-12,90,90,90,59,94,153
1031,2025-12,91,91,91,42,85,127
1031,2025-12,92,92,92,23,61,84
1031,2025-12,93,93,93,20,45,65
1031,2025-12,94,94,94,21,47,68
1031,2025-12,95,95,95,22,41,63
1031,2025-12,96,96,96,23,33,56
1031,2025-12,97,97,97,9,21,30
1031,2025-12,98,98,98,10,12,22
1031,2025-12,99,99,99,11,16,27
1031,2025-12,100,100,100,7,13,20
1031,2025-12,101,,101+,50,38,88
1032,2025-12,0,0,0,496,465,961
1032,2025-12,1,1,1,643,562,1205
1032,2025-12,2,2,2,654,655,1309
1032,2025-12,3,3,3,717,639,1356
1032,2025-12,4,4,4,815,725,1540
1032,2025-12,5,5,5,831,774,1605
1032,2025-12,6,6,6,922,872,1794
1032,2025-12,7,7,7,1003,923,1926
1032,2025-12,8,8,8,1051,958,2009
1032,2025-12,9,9,9,998,920,1918
1032,2025-12,10,10,10,1001,1011,2012
1032,2025-12,11,11,11,1057,1007,2064
1032,2025-12,12,12,12,1036,964,2000
1032,2025-12,13,13,13,1182,1033,2215
1032,2025-12,14,14,14,1064,1092,2156
1032,2025-12,15,15,15,989,960,1949
1032,2025-12,16,16,16,1133,1061,2194
1032,2025-12,17,17,17,1004,1125,2129
1032,2025-12,18,18,18,1081,1092,2173
1032,2025-12,19,19,19,1057,1001,2058
1032,2025-12,20,20,20,1053,1084,2137
1032,2025-12,21,21,21,1059,1084,2143
1032,2025-12,22,22,22,1006,1052,2058
1032,2025-12,23,23,23,1113,984,2097
1032,2025-12,24,24,24,1030,1031,2061
1032,2025-12,25,25,25,1155,1114,2269
1032,2025-12,26,26,26,998,1050,2048
1032,2025-12,27,27,27,1060,1175,2235
1032,2025-12,28,28,28,1274,1241,2515
1032,2025-12,29,29,29,1244,1334,2578
1032,2025-12,30,30,30,1322,1360,2682
1032,2025-12,31,31,31,1241,1299,2540
1032,2025-12,32,32,32,1218,1317,2535
1032,2025-12,33,33,33,1264,1360,2624
1032,2025-12,34,34,34,1251,1390,2641
1032,2025-12,35,35,35,1220,1518,2738
1032,2025-12,36,36,36,1184,1372,2556
1032,2025-12,37,37,37,1252,1449,2701
1032,2025-12,38,38,38,1150,1328,2478
1032,2025-12,39,39,39,1143,1447,2590
1032,2025-12,40,40,40,1308,1522,2830
1032,2025-12,41,41,41,1345,1550,2895
1032,2025-12,42,42,42,1429,1639,3068
1032,2025-12,43,43,43,1394,1776,3170
1032,2025-12,44,44,44,1423,1801,3224
1032,2025-12,45,45,45,1561,1783,3344
1032,2025-12,46,46,46,1602,1826,3428
1032,2025-12,47,47,47,1506,1683,3189
1032,2025-12,48,48,48,1447,1739,3186
1032,2025-12,49,49,49,1444,1694,3138
1032,2025-12,50,50,50,1341,1675,3016
1032,2025-12,51,51,51,1295,1649,2944
1032,2025-12,52,52,52,1274,1507,2781
1032,2025-12,53,53,53,1299,1573,2872
1032,2025-12,54,54,54,1305,1517,2822
1032,2025-12,55,55,55,1286,1474,2760
1032,2025-12,56,56,56,1231,1465,2696
1032,2025-12,57,57,57,1189,1512,2701
1032,2025-12,58,58,58,1139,1376,2515
1032,2025-12,59,59,59,1014,1285,2299
1032,2025-12,60,60,60,1040,1353,2393
1032,2025-12,61,61,61,1013,1330,2343
1032,2025-12,62,62,62,910,1225,2135
1032,2025-12,63,63,63,867,1253,2120
1032,2025-12,64,64,64,830,1156,1986
1032,2025-12,65,65,65,854,1135,1989
1032,2025-12,66,66,66,742,1089,1831
1032,2025-12,67,67,67,643,936,1579
1032,2025-12,68,68,68,645,994,1639
1032,2025-12,69,69,69,662,899,1561
1032,2025-12,70,70,70,586,825,1411
1032,2025-12,71,71,71,581,826,1407
1032,2025-12,72,72,72,523,791,1314
1032,2025-12,73,73,73,493,833,1326
1032,2025-12,74,74,74,474,758,1232
1032,2025-12,75,75,75,453,700,1153
1032,2025-12,76,76,76,412,634,1046
1032,2025-12,77,77,77,368,525,893
1032,2025-12,78,78,78,295,496,791
1032,2025-12,79,79,79,275,456,731
1032,2025-12,80,80,80,219,386,605
1032,2025-12,81,81,81,216,341,557
1032,2025-12,82,82,82,202,336,538
1032,2025-12,83,83,83,168,291,459
1032,2025-12,84,84,84,167,274,441
1032,2025-12,85,85,85,119,228,347
1032,2025-12,86,86,86,140,201,341
1032,2025-12,87,87,87,111,185,296
1032,2025-12,88,88,88,87,180,267
1032,2025-12,89,89,89,71,120,191
1032,2025-12,90,90,90,59,123,182
1032,2025-12,91,91,91,42,90,132
1032,2025-12,92,92,92,34,70,104
1032,2025-12,93,93,93,35,75,110
1032,2025-12,94,94,94,30,55,85
1032,2025-12,95,95,95,20,41,61
1032,2025-12,96,96,96,10,24,34
1032,2025-12,97,97,97,13,19,32
1032,2025-12,98,98,98,5,20,25
1032,2025-12,99,99,99,5,13,18
1032,2025-12,100,100,100,12,8,20
1032,2025-12,101,,101+,51,43,94
1033,2025-12,0,0,0,206,139,345
1033,2025-12,1,1,1,224,258,482
1033,2025-12,2,2,2,232,207,439
1033,2025-12,3,3,3,249,230,479
1033,2025-12,4,4,4,254,239,493
1033,2025-12,5,5,5,284,308,592
1033,2025-12,6,6,6,314,293,607
1033,2025-12,7,7,7,351,300,651
1033,2025-12,8,8,8,337,314,651
1033,2025-12,9,9,9,372,320,692
1033,2025-12,10,10,10,342,362,704
1033,2025-12,11,11,11,368,355,723
1033,2025-12,12,12,12,371,351,722
1033,2025-12,13,13,13,481,419,900
1033,2025-12,14,14,14,382,405,787
1033,2025-12,15,15,15,416,427,843
1033,2025-12,16,16,16,426,430,856
1033,2025-12,17,17,17,425,434,859
1033,2025-12,18,18,18,420,457,877
1033,2025-12,19,19,19,419,413,832
1033,2025-12,20,20,20,439,442,881
1033,2025-12,21,21,21,419,456,875
1033,2025-12,22,22,22,457,455,912
1033,2025-12,23,23,23,464,439,903
1033,2025-12,24,24,24,487,483,970
1033,2025-12,25,25,25,505,538,1043
1033,2025-12,26,26,26,497,462,959
1033,2025-12,27,27,27,508,483,991
1033,2025-12,28,28,28,602,590,1192
1033,2025-12,29,29,29,638,658,1296
1033,2025-12,30,30,30,657,651,1308
1033,2025-12,31,31,31,641,693,1334
1033,2025-12,32,32,32,693,675,1368
1033,2025-12,33,33,33,657,667,1324
1033,2025-12,34,34,34,619,675,1294
1033,2025-12,35,35,35,651,732,1383
1033,2025-12,36,36,36,688,682,1370
1033,2025-12,37,37,37,674,653,1327
1033,2025-12,38,38,38,602,639,1241
1033,2025-12,39,39,39,650,735,1385
1033,2025-12,40,40,40,669,719,1388
1033,2025-12,41,41,41,716,742,1458
1033,2025-12,42,42,42,634,759,1393
1033,2025-12,43,43,43,694,775,1469
1033,2025-12,44,44,44,732,806,1538
1033,2025-12,45,45,45,731,796,1527
1033,2025-12,46,46,46,725,741,1466
1033,2025-12,47,47,47,679,776,1455
1033,2025-12,48,48,48,582,792,1374
1033,2025-12,49,49,49,675,749,1424
1033,2025-12,50,50,50,588,695,1283
1033,2025-12,51,51,51,563,669,1232
1033,2025-12,52,52,52,522,695,1217
1033,2025-12,53,53,53,563,714,1277
1033,2025-12,54,54,54,530,758,1288
1033,2025-12,55,55,55,586,652,1238
1033,2025-12,56,56,56,533,669,1202
1033,2025-12,57,57,57,581,692,1273
1033,2025-12,58,58,58,553,682,1235
1033,2025-12,59,59,59,539,650,1189
1033,2025-12,60,60,60,529,689,1218
1033,2025-12,61,61,61,524,662,1186
1033,2025-12,62,62,62,500,689,1189
1033,2025-12,63,63,63,501,669,1170
1033,2025-12,64,64,64,467,683,1150
1033,2025-12,65,65,65,457,624,1081
1033,2025-12,66,66,66,449,610,1059
1033,2025-12,67,67,67,454,558,1012
1033,2025-12,68,68,68,392,548,940
1033,2025-12,69,69,69,363,515,878
1033,2025-12,70,70,70,342,490,832
1033,2025-12,71,71,71,337,454,791
1033,2025-12,72,72,72,341,425,766
1033,2025-12,73,73,73,299,433,732
1033,2025-12,74,74,74,274,419,693
1033,2025-12,75,75,75,253,369,622
1033,2025-12,76,76,76,274,377,651
1033,2025-12,77,77,77,222,355,577
1033,2025-12,78,78,78,180,296,476
1033,2025-12,79,79,79,163,253,416
1033,2025-12,80,80,80,142,210,352
1033,2025-12,81,81,81,132,208,340
1033,2025-12,82,82,82,106,229,335
1033,2025-12,83,83,83,100,173,273
1033,2025-12,84,84,84,86,136,222
1033,2025-12,85,85,85,88,121,209
1033,2025-12,86,86,86,67,135,202
1033,2025-12,87,87,87,80,145,225
1033,2025-12,88,88,88,69,120,189
1033,2025-12,89,89,89,50,102,152
1033,2025-12,90,90,90,50,90,140
1033,2025-12,91,91,91,47,84,131
1033,2025-12,92,92,92,31,67,98
1033,2025-12,93,93,93,31,63,94
1033,2025-12,94,94,94,22,43,65
1033,2025-12,95,95,95,10,36,46
1033,2025-12,96,96,96,20,27,47
1033,2025-12,97,97,97,16,20,36
1033,2025-12,98,98,98,9,20,29
1033,2025-12,99,99,99,8,15,23
1033,2025-12,100,100,100,10,7,17
1033,2025-12,101,,101+,41,50,91
1034,2025-12,0,0,0,280,300,580
1034,2025-12,1,1,1,356,364,720
1034,2025-12,2,2,2,394,341,735
1034,2025-12,3,3,3,406,364,770
1034,2025-12,4,4,4,426,420,846
1034,2025-12,5,5,5,478,472,950
1034,2025-12,6,6,6,555,473,1028
1034,2025-12,7,7,7,601,457,1058
1034,2025-12,8,8,8,558,566,1124
1034,2025-12,9,9,9,631,649,1280
1034,2025-12,10,10,10,608,652,1260
1034,2025-12,11,11,11,665,677,1342
1034,2025-12,12,12,12,636,603,1239
1034,2025-12,13,13,13,671,696,1367
1034,2025-12,14,14,14,623,613,1236
1034,2025-12,15,15,15,604,610,1214
1034,2025-12,16,16,16,651,611,1262
1034,2025-12,17,17,17,609,611,1220
1034,2025-12,18,18,18,647,637,1284
1034,2025-12,19,19,19,625,629,1254
1034,2025-12,20,20,20,647,654,1301
1034,2025-12,21,21,21,630,638,1268
1034,2025-12,22,22,22,596,648,1244
1034,2025-12,23,23,23,611,686,1297
1034,2025-12,24,24,24,629,676,1305
1034,2025-12,25,25,25,732,759,1491
1034,2025-12,26,26,26,618,736,1354
1034,2025-12,27,27,27,731,754,1485
1034,2025-12,28,28,28,867,893,1760
1034,2025-12,29,29,29,855,965,1820
1034,2025-12,30,30,30,881,979,1860
1034,2025-12,31,31,31,869,984,1853
1034,2025-12,32,32,32,860,926,1786
1034,2025-12,33,33,33,911,1051,1962
1034,2025-12,34,34,34,864,998,1862
1034,2025-12,35,35,35,857,1021,1878
1034,2025-12,36,36,36,791,1011,1802
1034,2025-12,37,37,37,849,1000,1849
1034,2025-12,38,38,38,798,1011,1809
1034,2025-12,39,39,39,882,978,1860
1034,2025-12,40,40,40,892,1147,2039
1034,2025-12,41,41,41,852,1185,2037
1034,2025-12,42,42,42,946,1238,2184
1034,2025-12,43,43,43,909,1225,2134
1034,2025-12,44,44,44,1016,1225,2241
1034,2025-12,45,45,45,983,1280,2263
1034,2025-12,46,46,46,1036,1290,2326
1034,2025-12,47,47,47,874,1202,2076
1034,2025-12,48,48,48,939,1168,2107
1034,2025-12,49,49,49,882,1145,2027
1034,2025-12,50,50,50,830,1076,1906
1034,2025-12,51,51,51,894,1034,1928
1034,2025-12,52,52,52,785,959,1744
1034,2025-12,53,53,53,846,997,1843
1034,2025-12,54,54,54,732,1054,1786
1034,2025-12,55,55,55,812,1013,1825
1034,2025-12,56,56,56,712,1002,1714
1034,2025-12,57,57,57,712,949,1661
1034,2025-12,58,58,58,699,898,1597
1034,2025-12,59,59,59,600,917,1517
1034,2025-12,60,60,60,684,917,1601
1034,2025-12,61,61,61,659,808,1467
1034,2025-12,62,62,62,627,842,1469
1034,2025-12,63,63,63,607,857,1464
1034,2025-12,64,64,64,548,759,1307
1034,2025-12,65,65,65,587,760,1347
1034,2025-12,66,66,66,530,750,1280
1034,2025-12,67,67,67,499,711,1210
1034,2025-12,68,68,68,457,699,1156
1034,2025-12,69,69,69,440,655,1095
1034,2025-12,70,70,70,416,657,1073
1034,2025-12,71,71,71,399,698,1097
1034,2025-12,72,72,72,384,645,1029
1034,2025-12,73,73,73,383,573,956
1034,2025-12,74,74,74,360,547,907
1034,2025-12,75,75,75,352,541,893
1034,2025-12,76,76,76,316,488,804
1034,2025-12,77,77,77,276,488,764
1034,2025-12,78,78,78,259,444,703
1034,2025-12,79,79,79,233,363,596
1034,2025-12,80,80,80,199,289,488
1034,2025-12,81,81,81,189,303,492
1034,2025-12,82,82,82,178,239,417
1034,2025-12,83,83,83,149,253,402
1034,2025-12,84,84,84,141,233,374
1034,2025-12,85,85,85,114,181,295
1034,2025-12,86,86,86,130,211,341
1034,2025-12,87,87,87,85,163,248
1034,2025-12,88,88,88,79,140,219
1034,2025-12,89,89,89,61,110,171
1034,2025-12,90,90,90,57,115,172
1034,2025-12,91,91,91,43,81,124
1034,2025-12,92,92,92,43,67,110
1034,2025-12,93,93,93,31,59,90
1034,2025-12,94,94,94,18,47,65
1034,2025-12,95,95,95,11,35,46
1034,2025-12,96,96,96,9,28,37
1034,2025-12,97,97,97,11,21,32
1034,2025-12,98,98,98,8,17,25
1034,2025-12,99,99,99,1,10,11
1034,2025-12,100,100,100,7,5,12
1034,2025-12,101,,101+,21,28,49
1035,2025-12,0,0,0,257,259,516
1035,2025-12,1,1,1,330,308,638
1035,2025-12,2,2,2,385,307,692
1035,2025-12,3,3,3,328,325,653
1035,2025-12,4,4,4,424,424,848
1035,2025-12,5,5,5,498,426,924
1035,2025-12,6,6,6,460,507,967
1035,2025-12,7,7,7,525,490,1015
1035,2025-12,8,8,8,538,499,1037
1035,2025-12,9,9,9,544,489,1033
1035,2025-12,10,10,10,544,526,1070
1035,2025-12,11,11,11,579,558,1137
1035,2025-12,12,12,12,673,576,1249
1035,2025-12,13,13,13,713,612,1325
1035,2025-12,14,14,14,641,630,1271
1035,2025-12,15,15,15,676,614,1290
1035,2025-12,16,16,16,692,588,1280
1035,2025-12,17,17,17,695,698,1393
1035,2025-12,18,18,18,724,740,1464
1035,2025-12,19,19,19,711,681,1392
1035,2025-12,20,20,20,690,756,1446
1035,2025-12,21,21,21,700,764,1464
1035,2025-12,22,22,22,673,736,1409
1035,2025-12,23,23,23,763,724,1487
1035,2025-12,24,24,24,750,765,1515
1035,2025-12,25,25,25,851,864,1715
1035,2025-12,26,26,26,792,826,1618
1035,2025-12,27,27,27,858,855,1713
1035,2025-12,28,28,28,1014,1007,2021
1035,2025-12,29,29,29,1007,1015,2022
1035,2025-12,30,30,30,1004,1059,2063
1035,2025-12,31,31,31,947,1038,1985
1035,2025-12,32,32,32,998,1037,2035
1035,2025-12,33,33,33,947,1061,2008
1035,2025-12,34,34,34,1031,1022,2053
1035,2025-12,35,35,35,913,1029,1942
1035,2025-12,36,36,36,927,987,1914
1035,2025-12,37,37,37,984,957,1941
1035,2025-12,38,38,38,860,1004,1864
1035,2025-12,39,39,39,874,907,1781
1035,2025-12,40,40,40,1003,1050,2053
1035,2025-12,41,41,41,972,1084,2056
1035,2025-12,42,42,42,982,1038,2020
1035,2025-12,43,43,43,996,1053,2049
1035,2025-12,44,44,44,977,1028,2005
1035,2025-12,45,45,45,1027,1093,2120
1035,2025-12,46,46,46,997,1047,2044
1035,2025-12,47,47,47,957,1078,2035
1035,2025-12,48,48,48,965,1066,2031
1035,2025-12,49,49,49,995,1095,2090
1035,2025-12,50,50,50,904,1071,1975
1035,2025-12,51,51,51,874,1059,1933
1035,2025-12,52,52,52,955,989,1944
1035,2025-12,53,53,53,895,1089,1984
1035,2025-12,54,54,54,981,1098,2079
1035,2025-12,55,55,55,972,1109,2081
1035,2025-12,56,56,56,891,1074,1965
1035,2025-12,57,57,57,972,1113,2085
1035,2025-12,58,58,58,929,1084,2013
1035,2025-12,59,59,59,846,1037,1883
1035,2025-12,60,60,60,915,1117,2032
1035,2025-12,61,61,61,912,1187,2099
1035,2025-12,62,62,62,919,1239,2158
1035,2025-12,63,63,63,887,1200,2087
1035,2025-12,64,64,64,906,1066,1972
1035,2025-12,65,65,65,869,1156,2025
1035,2025-12,66,66,66,866,1149,2015
1035,2025-12,67,67,67,757,1004,1761
1035,2025-12,68,68,68,775,1029,1804
1035,2025-12,69,69,69,710,956,1666
1035,2025-12,70,70,70,617,896,1513
1035,2025-12,71,71,71,639,889,1528
1035,2025-12,72,72,72,564,836,1400
1035,2025-12,73,73,73,582,833,1415
1035,2025-12,74,74,74,514,785,1299
1035,2025-12,75,75,75,456,691,1147
1035,2025-12,76,76,76,461,699,1160
1035,2025-12,77,77,77,371,574,945
1035,2025-12,78,78,78,337,465,802
1035,2025-12,79,79,79,270,401,671
1035,2025-12,80,80,80,259,360,619
1035,2025-12,81,81,81,225,380,605
1035,2025-12,82,82,82,202,342,544
1035,2025-12,83,83,83,174,324,498
1035,2025-12,84,84,84,161,282,443
1035,2025-12,85,85,85,147,235,382
1035,2025-12,86,86,86,163,272,435
1035,2025-12,87,87,87,120,235,355
1035,2025-12,88,88,88,106,209,315
1035,2025-12,89,89,89,113,184,297
1035,2025-12,90,90,90,80,128,208
1035,2025-12,91,91,91,72,104,176
1035,2025-12,92,92,92,46,97,143
1035,2025-12,93,93,93,48,77,125
1035,2025-12,94,94,94,44,59,103
1035,2025-12,95,95,95,36,50,86
1035,2025-12,96,96,96,30,31,61
1035,2025-12,97,97,97,14,33,47
1035,2025-12,98,98,98,15,35,50
1035,2025-12,99,99,99,18,22,40
1035,2025-12,100,100,100,9,15,24
1035,2025-12,101,,101+,61,86,147
1036,2025-12,0,0,0,333,315,648
1036,2025-12,1,1,1,421,369,790
1036,2025-12,2,2,2,443,446,889
1036,2025-12,3,3,3,482,462,944
1036,2025-12,4,4,4,540,501,1041
1036,2025-12,5,5,5,601,570,1171
1036,2025-12,6,6,6,676,659,1335
1036,2025-12,7,7,7,669,637,1306
1036,2025-12,8,8,8,685,653,1338
1036,2025-12,9,9,9,700,677,1377
1036,2025-12,10,10,10,686,664,1350
1036,2025-12,11,11,11,727,713,1440
1036,2025-12,12,12,12,814,722,1536
1036,2025-12,13,13,13,863,833,1696
1036,2025-12,14,14,14,821,806,1627
1036,2025-12,15,15,15,816,735,1551
1036,2025-12,16,16,16,826,805,1631
1036,2025-12,17,17,17,869,813,1682
1036,2025-12,18,18,18,975,793,1768
1036,2025-12,19,19,19,1267,858,2125
1036,2025-12,20,20,20,1110,831,1941
1036,2025-12,21,21,21,2447,856,3303
1036,2025-12,22,22,22,2620,866,3486
1036,2025-12,23,23,23,1884,837,2721
1036,2025-12,24,24,24,1420,878,2298
1036,2025-12,25,25,25,1395,980,2375
1036,2025-12,26,26,26,1323,918,2241
1036,2025-12,27,27,27,1324,1039,2363
1036,2025-12,28,28,28,1342,1173,2515
1036,2025-12,29,29,29,1445,1195,2640
1036,2025-12,30,30,30,1309,1261,2570
1036,2025-12,31,31,31,1306,1179,2485
1036,2025-12,32,32,32,1225,1204,2429
1036,2025-12,33,33,33,1325,1257,2582
1036,2025-12,34,34,34,1277,1275,2552
1036,2025-12,35,35,35,1278,1212,2490
1036,2025-12,36,36,36,1254,1205,2459
1036,2025-12,37,37,37,1109,1200,2309
1036,2025-12,38,38,38,1158,1149,2307
1036,2025-12,39,39,39,1196,1205,2401
1036,2025-12,40,40,40,1222,1309,2531
1036,2025-12,41,41,41,1247,1246,2493
1036,2025-12,42,42,42,1265,1346,2611
1036,2025-12,43,43,43,1287,1358,2645
1036,2025-12,44,44,44,1282,1387,2669
1036,2025-12,45,45,45,1260,1417,2677
1036,2025-12,46,46,46,1210,1450,2660
1036,2025-12,47,47,47,1126,1281,2407
1036,2025-12,48,48,48,1160,1411,2571
1036,2025-12,49,49,49,1161,1355,2516
1036,2025-12,50,50,50,1167,1319,2486
1036,2025-12,51,51,51,1107,1291,2398
1036,2025-12,52,52,52,1068,1282,2350
1036,2025-12,53,53,53,1039,1373,2412
1036,2025-12,54,54,54,1140,1364,2504
1036,2025-12,55,55,55,1128,1377,2505
1036,2025-12,56,56,56,1096,1348,2444
1036,2025-12,57,57,57,1166,1419,2585
1036,2025-12,58,58,58,1160,1289,2449
1036,2025-12,59,59,59,993,1295,2288
1036,2025-12,60,60,60,987,1305,2292
1036,2025-12,61,61,61,1038,1353,2391
1036,2025-12,62,62,62,910,1283,2193
1036,2025-12,63,63,63,923,1261,2184
1036,2025-12,64,64,64,863,1161,2024
1036,2025-12,65,65,65,836,1223,2059
1036,2025-12,66,66,66,729,1150,1879
1036,2025-12,67,67,67,749,1005,1754
1036,2025-12,68,68,68,660,898,1558
1036,2025-12,69,69,69,629,923,1552
1036,2025-12,70,70,70,610,852,1462
1036,2025-12,71,71,71,574,791,1365
1036,2025-12,72,72,72,510,768,1278
1036,2025-12,73,73,73,474,743,1217
1036,2025-12,74,74,74,462,688,1150
1036,2025-12,75,75,75,403,613,1016
1036,2025-12,76,76,76,338,560,898
1036,2025-12,77,77,77,333,500,833
1036,2025-12,78,78,78,281,369,650
1036,2025-12,79,79,79,267,376,643
1036,2025-12,80,80,80,215,341,556
1036,2025-12,81,81,81,231,326,557
1036,2025-12,82,82,82,201,273,474
1036,2025-12,83,83,83,156,233,389
1036,2025-12,84,84,84,135,232,367
1036,2025-12,85,85,85,109,180,289
1036,2025-12,86,86,86,129,187,316
1036,2025-12,87,87,87,89,189,278
1036,2025-12,88,88,88,81,122,203
1036,2025-12,89,89,89,59,129,188
1036,2025-12,90,90,90,47,111,158
1036,2025-12,91,91,91,45,73,118
1036,2025-12,92,92,92,33,46,79
1036,2025-12,93,93,93,28,47,75
1036,2025-12,94,94,94,21,39,60
1036,2025-12,95,95,95,17,17,34
1036,2025-12,96,96,96,15,32,47
1036,2025-12,97,97,97,9,11,20
1036,2025-12,98,98,98,12,7,19
1036,2025-12,99,99,99,2,8,10
1036,2025-12,100,100,100,3,6,9
1036,2025-12,101,,101+,6,11,17
1037,2025-12,0,0,0,100,79,179
1037,2025-12,1,1,1,129,125,254
1037,2025-12,2,2,2,137,132,269
1037,2025-12,3,3,3,169,143,312
1037,2025-12,4,4,4,168,135,303
1037,2025-12,5,5,5,194,147,341
1037,2025-12,6,6,6,168,184,352
1037,2025-12,7,7,7,169,201,370
1037,2025-12,8,8,8,198,215,413
1037,2025-12,9,9,9,204,200,404
1037,2025-12,10,10,10,172,239,411
1037,2025-12,11,11,11,188,252,440
1037,2025-12,12,12,12,218,244,462
1037,2025-12,13,13,13,231,250,481
1037,2025-12,14,14,14,216,236,452
1037,2025-12,15,15,15,207,240,447
1037,2025-12,16,16,16,261,244,505
1037,2025-12,17,17,17,234,274,508
1037,2025-12,18,18,18,244,281,525
1037,2025-12,19,19,19,293,402,695
1037,2025-12,20,20,20,315,453,768
1037,2025-12,21,21,21,529,546,1075
1037,2025-12,22,22,22,501,492,993
1037,2025-12,23,23,23,313,445,758
1037,2025-12,24,24,24,342,376,718
1037,2025-12,25,25,25,337,419,756
1037,2025-12,26,26,26,335,402,737
1037,2025-12,27,27,27,387,393,780
1037,2025-12,28,28,28,427,439,866
1037,2025-12,29,29,29,431,455,886
1037,2025-12,30,30,30,459,474,933
1037,2025-12,31,31,31,420,440,860
1037,2025-12,32,32,32,459,460,919
1037,2025-12,33,33,33,431,401,832
1037,2025-12,34,34,34,459,440,899
1037,2025-12,35,35,35,425,437,862
1037,2025-12,36,36,36,395,424,819
1037,2025-12,37,37,37,427,501,928
1037,2025-12,38,38,38,351,386,737
1037,2025-12,39,39,39,333,372,705
1037,2025-12,40,40,40,370,378,748
1037,2025-12,41,41,41,371,395,766
1037,2025-12,42,42,42,362,397,759
1037,2025-12,43,43,43,374,427,801
1037,2025-12,44,44,44,379,399,778
1037,2025-12,45,45,45,385,417,802
1037,2025-12,46,46,46,414,397,811
1037,2025-12,47,47,47,403,434,837
1037,2025-12,48,48,48,362,431,793
1037,2025-12,49,49,49,415,420,835
1037,2025-12,50,50,50,351,377,728
1037,2025-12,51,51,51,391,364,755
1037,2025-12,52,52,52,326,400,726
1037,2025-12,53,53,53,343,421,764
1037,2025-12,54,54,54,384,426,810
1037,2025-12,55,55,55,353,390,743
1037,2025-12,56,56,56,359,419,778
1037,2025-12,57,57,57,351,417,768
1037,2025-12,58,58,58,385,409,794
1037,2025-12,59,59,59,370,401,771
1037,2025-12,60,60,60,323,425,748
1037,2025-12,61,61,61,316,409,725
1037,2025-12,62,62,62,328,394,722
1037,2025-12,63,63,63,323,394,717
1037,2025-12,64,64,64,301,396,697
1037,2025-12,65,65,65,304,402,706
1037,2025-12,66,66,66,318,415,733
1037,2025-12,67,67,67,279,371,650
1037,2025-12,68,68,68,293,348,641
1037,2025-12,69,69,69,253,342,595
1037,2025-12,70,70,70,254,359,613
1037,2025-12,71,71,71,263,335,598
1037,2025-12,72,72,72,237,309,546
1037,2025-12,73,73,73,229,317,546
1037,2025-12,74,74,74,235,276,511
1037,2025-12,75,75,75,199,294,493
1037,2025-12,76,76,76,178,271,449
1037,2025-12,77,77,77,172,259,431
1037,2025-12,78,78,78,141,213,354
1037,2025-12,79,79,79,130,212,342
1037,2025-12,80,80,80,112,154,266
1037,2025-12,81,81,81,100,149,249
1037,2025-12,82,82,82,114,123,237
1037,2025-12,83,83,83,83,143,226
1037,2025-12,84,84,84,89,147,236
1037,2025-12,85,85,85,80,114,194
1037,2025-12,86,86,86,71,137,208
1037,2025-12,87,87,87,78,117,195
1037,2025-12,88,88,88,86,102,188
1037,2025-12,89,89,89,73,99,172
1037,2025-12,90,90,90,65,97,162
1037,2025-12,91,91,91,55,84,139
1037,2025-12,92,92,92,40,83,123
1037,2025-12,93,93,93,54,67,121
1037,2025-12,94,94,94,47,53,100
1037,2025-12,95,95,95,52,47,99
1037,2025-12,96,96,96,29,39,68
1037,2025-12,97,97,97,24,31,55
1037,2025-12,98,98,98,29,26,55
1037,2025-12,99,99,99,23,28,51
1037,2025-12,100,100,100,26,22,48
1037,2025-12,101,,101+,157,130,287
1038,2025-12,0,0,0,196,152,348
1038,2025-12,1,1,1,227,237,464
1038,2025-12,2,2,2,277,255,532
1038,2025-12,3,3,3,252,234,486
1038,2025-12,4,4,4,317,315,632
1038,2025-12,5,5,5,327,318,645
1038,2025-12,6,6,6,388,358,746
1038,2025-12,7,7,7,413,404,817
1038,2025-12,8,8,8,416,462,878
1038,2025-12,9,9,9,459,451,910
1038,2025-12,10,10,10,458,494,952
1038,2025-12,11,11,11,589,506,1095
1038,2025-12,12,12,12,563,514,1077
1038,2025-12,13,13,13,553,581,1134
1038,2025-12,14,14,14,506,541,1047
1038,2025-12,15,15,15,546,523,1069
1038,2025-12,16,16,16,504,577,1081
1038,2025-12,17,17,17,565,549,1114
1038,2025-12,18,18,18,542,583,1125
1038,2025-12,19,19,19,554,542,1096
1038,2025-12,20,20,20,570,564,1134
1038,2025-12,21,21,21,546,568,1114
1038,2025-12,22,22,22,550,606,1156
1038,2025-12,23,23,23,543,579,1122
1038,2025-12,24,24,24,541,560,1101
1038,2025-12,25,25,25,656,616,1272
1038,2025-12,26,26,26,553,584,1137
1038,2025-12,27,27,27,590,598,1188
1038,2025-12,28,28,28,660,712,1372
1038,2025-12,29,29,29,701,810,1511
1038,2025-12,30,30,30,756,797,1553
1038,2025-12,31,31,31,664,728,1392
1038,2025-12,32,32,32,674,702,1376
1038,2025-12,33,33,33,700,720,1420
1038,2025-12,34,34,34,701,774,1475
1038,2025-12,35,35,35,675,756,1431
1038,2025-12,36,36,36,630,728,1358
1038,2025-12,37,37,37,665,730,1395
1038,2025-12,38,38,38,712,763,1475
1038,2025-12,39,39,39,693,836,1529
1038,2025-12,40,40,40,774,810,1584
1038,2025-12,41,41,41,760,934,1694
1038,2025-12,42,42,42,781,983,1764
1038,2025-12,43,43,43,814,1065,1879
1038,2025-12,44,44,44,863,1086,1949
1038,2025-12,45,45,45,946,1049,1995
1038,2025-12,46,46,46,978,1065,2043
1038,2025-12,47,47,47,894,1106,2000
1038,2025-12,48,48,48,885,1016,1901
1038,2025-12,49,49,49,871,1066,1937
1038,2025-12,50,50,50,792,948,1740
1038,2025-12,51,51,51,793,973,1766
1038,2025-12,52,52,52,762,974,1736
1038,2025-12,53,53,53,799,958,1757
1038,2025-12,54,54,54,799,960,1759
1038,2025-12,55,55,55,747,969,1716
1038,2025-12,56,56,56,756,964,1720
1038,2025-12,57,57,57,742,908,1650
1038,2025-12,58,58,58,673,893,1566
1038,2025-12,59,59,59,663,880,1543
1038,2025-12,60,60,60,664,874,1538
1038,2025-12,61,61,61,630,904,1534
1038,2025-12,62,62,62,643,874,1517
1038,2025-12,63,63,63,566,865,1431
1038,2025-12,64,64,64,603,888,1491
1038,2025-12,65,65,65,610,893,1503
1038,2025-12,66,66,66,571,833,1404
1038,2025-12,67,67,67,519,798,1317
1038,2025-12,68,68,68,501,840,1341
1038,2025-12,69,69,69,510,790,1300
1038,2025-12,70,70,70,519,759,1278
1038,2025-12,71,71,71,488,773,1261
1038,2025-12,72,72,72,496,729,1225
1038,2025-12,73,73,73,452,731,1183
1038,2025-12,74,74,74,423,687,1110
1038,2025-12,75,75,75,433,673,1106
1038,2025-12,76,76,76,403,645,1048
1038,2025-12,77,77,77,335,535,870
1038,2025-12,78,78,78,288,499,787
1038,2025-12,79,79,79,285,463,748
1038,2025-12,80,80,80,224,441,665
1038,2025-12,81,81,81,213,353,566
1038,2025-12,82,82,82,199,318,517
1038,2025-12,83,83,83,179,268,447
1038,2025-12,84,84,84,161,269,430
1038,2025-12,85,85,85,141,194,335
1038,2025-12,86,86,86,142,224,366
1038,2025-12,87,87,87,112,188,300
1038,2025-12,88,88,88,84,173,257
1038,2025-12,89,89,89,79,131,210
1038,2025-12,90,90,90,62,100,162
1038,2025-12,91,91,91,36,98,134
1038,2025-12,92,92,92,36,72,108
1038,2025-12,93,93,93,31,45,76
1038,2025-12,94,94,94,16,53,69
1038,2025-12,95,95,95,14,47,61
1038,2025-12,96,96,96,10,21,31
1038,2025-12,97,97,97,12,22,34
1038,2025-12,98,98,98,9,17,26
1038,2025-12,99,99,99,7,13,20
1038,2025-12,100,100,100,0,7,7
1038,2025-12,101,,101+,13,17,30
1039,2025-12,0,0,0,149,142,291
1039,2025-12,1,1,1,185,144,329
1039,2025-12,2,2,2,199,181,380
1039,2025-12,3,3,3,212,160,372
1039,2025-12,4,4,4,199,204,403
1039,2025-12,5,5,5,233,217,450
1039,2025-12,6,6,6,239,256,495
1039,2025-12,7,7,7,237,237,474
1039,2025-12,8,8,8,264,225,489
1039,2025-12,9,9,9,287,278,565
1039,2025-12,10,10,10,279,261,540
1039,2025-12,11,11,11,291,263,554
1039,2025-12,12,12,12,283,284,567
1039,2025-12,13,13,13,279,322,601
1039,2025-12,14,14,14,300,264,564
1039,2025-12,15,15,15,272,273,545
1039,2025-12,16,16,16,313,303,616
1039,2025-12,17,17,17,324,318,642
1039,2025-12,18,18,18,311,299,610
1039,2025-12,19,19,19,324,324,648
1039,2025-12,20,20,20,290,346,636
1039,2025-12,21,21,21,315,318,633
1039,2025-12,22,22,22,339,338,677
1039,2025-12,23,23,23,322,312,634
1039,2025-12,24,24,24,314,386,700
1039,2025-12,25,25,25,349,366,715
1039,2025-12,26,26,26,330,339,669
1039,2025-12,27,27,27,306,384,690
1039,2025-12,28,28,28,404,433,837
1039,2025-12,29,29,29,374,450,824
1039,2025-12,30,30,30,435,453,888
1039,2025-12,31,31,31,393,465,858
1039,2025-12,32,32,32,431,500,931
1039,2025-12,33,33,33,430,475,905
1039,2025-12,34,34,34,456,498,954
1039,2025-12,35,35,35,423,489,912
1039,2025-12,36,36,36,417,495,912
1039,2025-12,37,37,37,434,523,957
1039,2025-12,38,38,38,414,503,917
1039,2025-12,39,39,39,446,513,959
1039,2025-12,40,40,40,436,574,1010
1039,2025-12,41,41,41,464,561,1025
1039,2025-12,42,42,42,449,609,1058
1039,2025-12,43,43,43,436,598,1034
1039,2025-12,44,44,44,477,609,1086
1039,2025-12,45,45,45,458,670,1128
1039,2025-12,46,46,46,455,624,1079
1039,2025-12,47,47,47,483,654,1137
1039,2025-12,48,48,48,467,604,1071
1039,2025-12,49,49,49,428,540,968
1039,2025-12,50,50,50,435,548,983
1039,2025-12,51,51,51,389,563,952
1039,2025-12,52,52,52,404,539,943
1039,2025-12,53,53,53,424,566,990
1039,2025-12,54,54,54,457,586,1043
1039,2025-12,55,55,55,438,561,999
1039,2025-12,56,56,56,417,564,981
1039,2025-12,57,57,57,430,533,963
1039,2025-12,58,58,58,391,500,891
1039,2025-12,59,59,59,373,476,849
1039,2025-12,60,60,60,372,489,861
1039,2025-12,61,61,61,346,477,823
1039,2025-12,62,62,62,346,482,828
1039,2025-12,63,63,63,321,468,789
1039,2025-12,64,64,64,348,496,844
1039,2025-12,65,65,65,316,496,812
1039,2025-12,66,66,66,352,465,817
1039,2025-12,67,67,67,314,460,774
1039,2025-12,68,68,68,331,425,756
1039,2025-12,69,69,69,307,462,769
1039,2025-12,70,70,70,297,405,702
1039,2025-12,71,71,71,270,469,739
1039,2025-12,72,72,72,315,422,737
1039,2025-12,73,73,73,274,407,681
1039,2025-12,74,74,74,302,351,653
1039,2025-12,75,75,75,242,381,623
1039,2025-12,76,76,76,255,375,630
1039,2025-12,77,77,77,239,327,566
1039,2025-12,78,78,78,178,327,505
1039,2025-12,79,79,79,196,277,473
1039,2025-12,80,80,80,175,249,424
1039,2025-12,81,81,81,157,224,381
1039,2025-12,82,82,82,147,254,401
1039,2025-12,83,83,83,142,197,339
1039,2025-12,84,84,84,121,192,313
1039,2025-12,85,85,85,113,195,308
1039,2025-12,86,86,86,120,171,291
1039,2025-12,87,87,87,116,165,281
1039,2025-12,88,88,88,106,142,248
1039,2025-12,89,89,89,96,151,247
1039,2025-12,90,90,90,69,137,206
1039,2025-12,91,91,91,73,116,189
1039,2025-12,92,92,92,80,98,178
1039,2025-12,93,93,93,55,87,142
1039,2025-12,94,94,94,55,60,115
1039,2025-12,95,95,95,54,65,119
1039,2025-12,96,96,96,48,56,104
1039,2025-12,97,97,97,42,66,108
1039,2025-12,98,98,98,27,39,66
1039,2025-12,99,99,99,23,49,72
1039,2025-12,100,100,100,19,24,43
1039,2025-12,101,,101+,164,181,345
1040,2025-12,0,0,0,379,396,775
1040,2025-12,1,1,1,500,498,998
1040,2025-12,2,2,2,566,512,1078
1040,2025-12,3,3,3,547,564,1111
1040,2025-12,4,4,4,619,569,1188
1040,2025-12,5,5,5,662,614,1276
1040,2025-12,6,6,6,730,688,1418
1040,2025-12,7,7,7,731,729,1460
1040,2025-12,8,8,8,770,730,1500
1040,2025-12,9,9,9,758,696,1454
1040,2025-12,10,10,10,811,756,1567
1040,2025-12,11,11,11,801,794,1595
1040,2025-12,12,12,12,860,878,1738
1040,2025-12,13,13,13,923,898,1821
1040,2025-12,14,14,14,863,865,1728
1040,2025-12,15,15,15,854,837,1691
1040,2025-12,16,16,16,969,886,1855
1040,2025-12,17,17,17,998,884,1882
1040,2025-12,18,18,18,993,965,1958
1040,2025-12,19,19,19,1022,984,2006
1040,2025-12,20,20,20,1037,1012,2049
1040,2025-12,21,21,21,1078,1050,2128
1040,2025-12,22,22,22,1027,1018,2045
1040,2025-12,23,23,23,1049,1033,2082
1040,2025-12,24,24,24,1075,1025,2100
1040,2025-12,25,25,25,1207,1166,2373
1040,2025-12,26,26,26,1105,1181,2286
1040,2025-12,27,27,27,1245,1243,2488
1040,2025-12,28,28,28,1460,1500,2960
1040,2025-12,29,29,29,1455,1571,3026
1040,2025-12,30,30,30,1611,1574,3185
1040,2025-12,31,31,31,1432,1526,2958
1040,2025-12,32,32,32,1392,1573,2965
1040,2025-12,33,33,33,1408,1540,2948
1040,2025-12,34,34,34,1363,1465,2828
1040,2025-12,35,35,35,1373,1517,2890
1040,2025-12,36,36,36,1324,1390,2714
1040,2025-12,37,37,37,1276,1337,2613
1040,2025-12,38,38,38,1213,1299,2512
1040,2025-12,39,39,39,1252,1312,2564
1040,2025-12,40,40,40,1275,1458,2733
1040,2025-12,41,41,41,1268,1473,2741
1040,2025-12,42,42,42,1344,1516,2860
1040,2025-12,43,43,43,1340,1498,2838
1040,2025-12,44,44,44,1421,1536,2957
1040,2025-12,45,45,45,1320,1591,2911
1040,2025-12,46,46,46,1403,1580,2983
1040,2025-12,47,47,47,1327,1580,2907
1040,2025-12,48,48,48,1331,1557,2888
1040,2025-12,49,49,49,1393,1645,3038
1040,2025-12,50,50,50,1254,1484,2738
1040,2025-12,51,51,51,1235,1617,2852
1040,2025-12,52,52,52,1227,1571,2798
1040,2025-12,53,53,53,1316,1598,2914
1040,2025-12,54,54,54,1329,1623,2952
1040,2025-12,55,55,55,1287,1609,2896
1040,2025-12,56,56,56,1279,1680,2959
1040,2025-12,57,57,57,1306,1782,3088
1040,2025-12,58,58,58,1283,1699,2982
1040,2025-12,59,59,59,1292,1762,3054
1040,2025-12,60,60,60,1319,1766,3085
1040,2025-12,61,61,61,1327,1675,3002
1040,2025-12,62,62,62,1278,1724,3002
1040,2025-12,63,63,63,1280,1674,2954
1040,2025-12,64,64,64,1176,1627,2803
1040,2025-12,65,65,65,1188,1620,2808
1040,2025-12,66,66,66,1116,1556,2672
1040,2025-12,67,67,67,1049,1419,2468
1040,2025-12,68,68,68,977,1371,2348
1040,2025-12,69,69,69,929,1351,2280
1040,2025-12,70,70,70,846,1203,2049
1040,2025-12,71,71,71,815,1228,2043
1040,2025-12,72,72,72,709,1128,1837
1040,2025-12,73,73,73,644,1059,1703
1040,2025-12,74,74,74,642,984,1626
1040,2025-12,75,75,75,586,892,1478
1040,2025-12,76,76,76,540,859,1399
1040,2025-12,77,77,77,440,694,1134
1040,2025-12,78,78,78,417,617,1034
1040,2025-12,79,79,79,317,584,901
1040,2025-12,80,80,80,318,519,837
1040,2025-12,81,81,81,266,429,695
1040,2025-12,82,82,82,260,404,664
1040,2025-12,83,83,83,222,379,601
1040,2025-12,84,84,84,218,376,594
1040,2025-12,85,85,85,161,268,429
1040,2025-12,86,86,86,156,322,478
1040,2025-12,87,87,87,156,280,436
1040,2025-12,88,88,88,118,268,386
1040,2025-12,89,89,89,96,184,280
1040,2025-12,90,90,90,82,157,239
1040,2025-12,91,91,91,57,121,178
1040,2025-12,92,92,92,41,111,152
1040,2025-12,93,93,93,30,99,129
1040,2025-12,94,94,94,29,69,98
1040,2025-12,95,95,95,16,49,65
1040,2025-12,96,96,96,13,39,52
1040,2025-12,97,97,97,9,34,43
1040,2025-12,98,98,98,9,23,32
1040,2025-12,99,99,99,0,18,18
1040,2025-12,100,100,100,5,13,18
1040,2025-12,101,,101+,32,34,66
1041,2025-12,0,0,0,180,166,346
1041,2025-12,1,1,1,238,210,448
1041,2025-12,2,2,2,229,242,471
1041,2025-12,3,3,3,241,217,458
1041,2025-12,4,4,4,270,267,537
1041,2025-12,5,5,5,334,300,634
1041,2025-12,6,6,6,302,328,630
1041,2025-12,7,7,7,329,317,646
1041,2025-12,8,8,8,337,306,643
1041,2025-12,9,9,9,345,327,672
1041,2025-12,10,10,10,321,351,672
1041,2025-12,11,11,11,382,382,764
1041,2025-12,12,12,12,370,385,755
1041,2025-12,13,13,13,423,420,843
1041,2025-12,14,14,14,435,363,798
1041,2025-12,15,15,15,382,415,797
1041,2025-12,16,16,16,414,386,800
1041,2025-12,17,17,17,414,427,841
1041,2025-12,18,18,18,481,475,956
1041,2025-12,19,19,19,558,502,1060
1041,2025-12,20,20,20,588,482,1070
1041,2025-12,21,21,21,1317,502,1819
1041,2025-12,22,22,22,1340,487,1827
1041,2025-12,23,23,23,738,466,1204
1041,2025-12,24,24,24,654,495,1149
1041,2025-12,25,25,25,621,523,1144
1041,2025-12,26,26,26,601,541,1142
1041,2025-12,27,27,27,608,547,1155
1041,2025-12,28,28,28,678,662,1340
1041,2025-12,29,29,29,737,653,1390
1041,2025-12,30,30,30,697,703,1400
1041,2025-12,31,31,31,697,643,1340
1041,2025-12,32,32,32,658,642,1300
1041,2025-12,33,33,33,693,666,1359
1041,2025-12,34,34,34,687,668,1355
1041,2025-12,35,35,35,652,714,1366
1041,2025-12,36,36,36,605,637,1242
1041,2025-12,37,37,37,618,686,1304
1041,2025-12,38,38,38,591,665,1256
1041,2025-12,39,39,39,624,713,1337
1041,2025-12,40,40,40,657,706,1363
1041,2025-12,41,41,41,641,728,1369
1041,2025-12,42,42,42,649,747,1396
1041,2025-12,43,43,43,697,769,1466
1041,2025-12,44,44,44,737,789,1526
1041,2025-12,45,45,45,717,816,1533
1041,2025-12,46,46,46,711,795,1506
1041,2025-12,47,47,47,664,811,1475
1041,2025-12,48,48,48,711,819,1530
1041,2025-12,49,49,49,745,859,1604
1041,2025-12,50,50,50,707,852,1559
1041,2025-12,51,51,51,697,805,1502
1041,2025-12,52,52,52,693,774,1467
1041,2025-12,53,53,53,653,784,1437
1041,2025-12,54,54,54,670,774,1444
1041,2025-12,55,55,55,683,823,1506
1041,2025-12,56,56,56,639,801,1440
1041,2025-12,57,57,57,618,796,1414
1041,2025-12,58,58,58,579,790,1369
1041,2025-12,59,59,59,567,758,1325
1041,2025-12,60,60,60,545,768,1313
1041,2025-12,61,61,61,586,800,1386
1041,2025-12,62,62,62,541,817,1358
1041,2025-12,63,63,63,551,797,1348
1041,2025-12,64,64,64,532,756,1288
1041,2025-12,65,65,65,520,783,1303
1041,2025-12,66,66,66,534,772,1306
1041,2025-12,67,67,67,502,759,1261
1041,2025-12,68,68,68,435,687,1122
1041,2025-12,69,69,69,438,707,1145
1041,2025-12,70,70,70,431,644,1075
1041,2025-12,71,71,71,423,658,1081
1041,2025-12,72,72,72,400,622,1022
1041,2025-12,73,73,73,364,570,934
1041,2025-12,74,74,74,372,574,946
1041,2025-12,75,75,75,358,529,887
1041,2025-12,76,76,76,313,549,862
1041,2025-12,77,77,77,310,434,744
1041,2025-12,78,78,78,251,407,658
1041,2025-12,79,79,79,226,393,619
1041,2025-12,80,80,80,232,303,535
1041,2025-12,81,81,81,189,311,500
1041,2025-12,82,82,82,198,298,496
1041,2025-12,83,83,83,166,259,425
1041,2025-12,84,84,84,152,256,408
1041,2025-12,85,85,85,129,191,320
1041,2025-12,86,86,86,116,203,319
1041,2025-12,87,87,87,101,193,294
1041,2025-12,88,88,88,88,144,232
1041,2025-12,89,89,89,63,133,196
1041,2025-12,90,90,90,66,98,164
1041,2025-12,91,91,91,56,69,125
1041,2025-12,92,92,92,34,62,96
1041,2025-12,93,93,93,34,63,97
1041,2025-12,94,94,94,22,41,63
1041,2025-12,95,95,95,21,33,54
1041,2025-12,96,96,96,12,30,42
1041,2025-12,97,97,97,10,23,33
1041,2025-12,98,98,98,9,12,21
1041,2025-12,99,99,99,5,11,16
1041,2025-12,100,100,100,8,9,17
1041,2025-12,101,,101+,24,35,59
1042,2025-12,0,0,0,544,512,1056
1042,2025-12,1,1,1,634,634,1268
1042,2025-12,2,2,2,727,688,1415
1042,2025-12,3,3,3,785,664,1449
1042,2025-12,4,4,4,813,762,1575
1042,2025-12,5,5,5,943,880,1823
1042,2025-12,6,6,6,972,917,1889
1042,2025-12,7,7,7,1084,1043,2127
1042,2025-12,8,8,8,1103,1022,2125
1042,2025-12,9,9,9,1109,1004,2113
1042,2025-12,10,10,10,1055,1088,2143
1042,2025-12,11,11,11,1178,1139,2317
1042,2025-12,12,12,12,1123,1051,2174
1042,2025-12,13,13,13,1205,1256,2461
1042,2025-12,14,14,14,1183,1102,2285
1042,2025-12,15,15,15,1118,1111,2229
1042,2025-12,16,16,16,1055,1124,2179
1042,2025-12,17,17,17,1139,1107,2246
1042,2025-12,18,18,18,1119,1135,2254
1042,2025-12,19,19,19,1089,1124,2213
1042,2025-12,20,20,20,1080,1162,2242
1042,2025-12,21,21,21,1254,1262,2516
1042,2025-12,22,22,22,1264,1167,2431
1042,2025-12,23,23,23,1177,1219,2396
1042,2025-12,24,24,24,1184,1177,2361
1042,2025-12,25,25,25,1318,1227,2545
1042,2025-12,26,26,26,1257,1259,2516
1042,2025-12,27,27,27,1381,1415,2796
1042,2025-12,28,28,28,1550,1629,3179
1042,2025-12,29,29,29,1689,1749,3438
1042,2025-12,30,30,30,1709,1773,3482
1042,2025-12,31,31,31,1548,1712,3260
1042,2025-12,32,32,32,1544,1759,3303
1042,2025-12,33,33,33,1604,1715,3319
1042,2025-12,34,34,34,1567,1699,3266
1042,2025-12,35,35,35,1520,1665,3185
1042,2025-12,36,36,36,1429,1580,3009
1042,2025-12,37,37,37,1380,1623,3003
1042,2025-12,38,38,38,1361,1547,2908
1042,2025-12,39,39,39,1438,1726,3164
1042,2025-12,40,40,40,1443,1686,3129
1042,2025-12,41,41,41,1457,1748,3205
1042,2025-12,42,42,42,1554,1787,3341
1042,2025-12,43,43,43,1539,1872,3411
1042,2025-12,44,44,44,1546,1887,3433
1042,2025-12,45,45,45,1731,1978,3709
1042,2025-12,46,46,46,1632,1876,3508
1042,2025-12,47,47,47,1439,1903,3342
1042,2025-12,48,48,48,1494,1832,3326
1042,2025-12,49,49,49,1481,1718,3199
1042,2025-12,50,50,50,1472,1716,3188
1042,2025-12,51,51,51,1483,1786,3269
1042,2025-12,52,52,52,1471,1767,3238
1042,2025-12,53,53,53,1554,1805,3359
1042,2025-12,54,54,54,1558,1839,3397
1042,2025-12,55,55,55,1499,1881,3380
1042,2025-12,56,56,56,1413,1920,3333
1042,2025-12,57,57,57,1539,1966,3505
1042,2025-12,58,58,58,1415,1780,3195
1042,2025-12,59,59,59,1474,1805,3279
1042,2025-12,60,60,60,1506,1878,3384
1042,2025-12,61,61,61,1420,1808,3228
1042,2025-12,62,62,62,1317,1638,2955
1042,2025-12,63,63,63,1244,1602,2846
1042,2025-12,64,64,64,1148,1538,2686
1042,2025-12,65,65,65,1117,1546,2663
1042,2025-12,66,66,66,985,1460,2445
1042,2025-12,67,67,67,896,1206,2102
1042,2025-12,68,68,68,838,1189,2027
1042,2025-12,69,69,69,822,1117,1939
1042,2025-12,70,70,70,699,1043,1742
1042,2025-12,71,71,71,678,1042,1720
1042,2025-12,72,72,72,569,891,1460
1042,2025-12,73,73,73,569,869,1438
1042,2025-12,74,74,74,525,810,1335
1042,2025-12,75,75,75,474,722,1196
1042,2025-12,76,76,76,466,658,1124
1042,2025-12,77,77,77,388,566,954
1042,2025-12,78,78,78,366,506,872
1042,2025-12,79,79,79,306,488,794
1042,2025-12,80,80,80,286,428,714
1042,2025-12,81,81,81,251,408,659
1042,2025-12,82,82,82,217,371,588
1042,2025-12,83,83,83,205,364,569
1042,2025-12,84,84,84,174,346,520
1042,2025-12,85,85,85,162,234,396
1042,2025-12,86,86,86,146,287,433
1042,2025-12,87,87,87,121,235,356
1042,2025-12,88,88,88,97,211,308
1042,2025-12,89,89,89,88,168,256
1042,2025-12,90,90,90,67,146,213
1042,2025-12,91,91,91,67,119,186
1042,2025-12,92,92,92,51,86,137
1042,2025-12,93,93,93,33,67,100
1042,2025-12,94,94,94,23,50,73
1042,2025-12,95,95,95,26,32,58
1042,2025-12,96,96,96,14,32,46
1042,2025-12,97,97,97,15,24,39
1042,2025-12,98,98,98,17,18,35
1042,2025-12,99,99,99,15,20,35
1042,2025-12,100,100,100,7,10,17
1042,2025-12,101,,101+,32,44,76
1043,2025-12,0,0,0,205,179,384
1043,2025-12,1,1,1,235,199,434
1043,2025-12,2,2,2,260,253,513
1043,2025-12,3,3,3,256,234,490
1043,2025-12,4,4,4,289,262,551
1043,2025-12,5,5,5,316,276,592
1043,2025-12,6,6,6,316,328,644
1043,2025-12,7,7,7,357,343,700
1043,2025-12,8,8,8,364,361,725
1043,2025-12,9,9,9,398,342,740
1043,2025-12,10,10,10,399,376,775
1043,2025-12,11,11,11,433,402,835
1043,2025-12,12,12,12,414,372,786
1043,2025-12,13,13,13,445,470,915
1043,2025-12,14,14,14,440,432,872
1043,2025-12,15,15,15,473,476,949
1043,2025-12,16,16,16,493,432,925
1043,2025-12,17,17,17,459,474,933
1043,2025-12,18,18,18,468,488,956
1043,2025-12,19,19,19,462,495,957
1043,2025-12,20,20,20,507,468,975
1043,2025-12,21,21,21,470,490,960
1043,2025-12,22,22,22,432,483,915
1043,2025-12,23,23,23,476,494,970
1043,2025-12,24,24,24,526,533,1059
1043,2025-12,25,25,25,554,514,1068
1043,2025-12,26,26,26,492,521,1013
1043,2025-12,27,27,27,518,565,1083
1043,2025-12,28,28,28,611,665,1276
1043,2025-12,29,29,29,643,651,1294
1043,2025-12,30,30,30,646,678,1324
1043,2025-12,31,31,31,608,678,1286
1043,2025-12,32,32,32,572,686,1258
1043,2025-12,33,33,33,572,636,1208
1043,2025-12,34,34,34,574,655,1229
1043,2025-12,35,35,35,574,653,1227
1043,2025-12,36,36,36,552,600,1152
1043,2025-12,37,37,37,567,626,1193
1043,2025-12,38,38,38,542,590,1132
1043,2025-12,39,39,39,565,618,1183
1043,2025-12,40,40,40,575,642,1217
1043,2025-12,41,41,41,605,719,1324
1043,2025-12,42,42,42,570,783,1353
1043,2025-12,43,43,43,603,743,1346
1043,2025-12,44,44,44,643,737,1380
1043,2025-12,45,45,45,642,825,1467
1043,2025-12,46,46,46,672,793,1465
1043,2025-12,47,47,47,621,755,1376
1043,2025-12,48,48,48,639,773,1412
1043,2025-12,49,49,49,608,740,1348
1043,2025-12,50,50,50,622,729,1351
1043,2025-12,51,51,51,611,731,1342
1043,2025-12,52,52,52,584,695,1279
1043,2025-12,53,53,53,590,830,1420
1043,2025-12,54,54,54,631,825,1456
1043,2025-12,55,55,55,577,775,1352
1043,2025-12,56,56,56,620,777,1397
1043,2025-12,57,57,57,628,799,1427
1043,2025-12,58,58,58,601,730,1331
1043,2025-12,59,59,59,551,754,1305
1043,2025-12,60,60,60,551,729,1280
1043,2025-12,61,61,61,545,765,1310
1043,2025-12,62,62,62,514,737,1251
1043,2025-12,63,63,63,565,710,1275
1043,2025-12,64,64,64,499,656,1155
1043,2025-12,65,65,65,477,720,1197
1043,2025-12,66,66,66,423,618,1041
1043,2025-12,67,67,67,410,591,1001
1043,2025-12,68,68,68,393,533,926
1043,2025-12,69,69,69,378,527,905
1043,2025-12,70,70,70,334,516,850
1043,2025-12,71,71,71,351,473,824
1043,2025-12,72,72,72,302,470,772
1043,2025-12,73,73,73,296,426,722
1043,2025-12,74,74,74,286,411,697
1043,2025-12,75,75,75,240,370,610
1043,2025-12,76,76,76,206,373,579
1043,2025-12,77,77,77,208,294,502
1043,2025-12,78,78,78,161,232,393
1043,2025-12,79,79,79,147,223,370
1043,2025-12,80,80,80,160,196,356
1043,2025-12,81,81,81,126,212,338
1043,2025-12,82,82,82,110,176,286
1043,2025-12,83,83,83,105,149,254
1043,2025-12,84,84,84,69,158,227
1043,2025-12,85,85,85,72,136,208
1043,2025-12,86,86,86,82,126,208
1043,2025-12,87,87,87,62,121,183
1043,2025-12,88,88,88,49,85,134
1043,2025-12,89,89,89,41,101,142
1043,2025-12,90,90,90,17,68,85
1043,2025-12,91,91,91,42,73,115
1043,2025-12,92,92,92,21,47,68
1043,2025-12,93,93,93,19,31,50
1043,2025-12,94,94,94,14,27,41
1043,2025-12,95,95,95,10,26,36
1043,2025-12,96,96,96,9,19,28
1043,2025-12,97,97,97,7,18,25
1043,2025-12,98,98,98,6,8,14
1043,2025-12,99,99,99,5,6,11
1043,2025-12,100,100,100,2,6,8
1043,2025-12,101,,101+,9,17,26
1044,2025-12,0,0,0,241,252,493
1044,2025-12,1,1,1,326,293,619
1044,2025-12,2,2,2,338,308,646
1044,2025-12,3,3,3,367,328,695
1044,2025-12,4,4,4,392,368,760
1044,2025-12,5,5,5,412,403,815
1044,2025-12,6,6,6,444,373,817
1044,2025-12,7,7,7,462,450,912
1044,2025-12,8,8,8,473,520,993
1044,2025-12,9,9,9,506,500,1006
1044,2025-12,10,10,10,556,539,1095
1044,2025-12,11,11,11,551,523,1074
1044,2025-12,12,12,12,524,523,1047
1044,2025-12,13,13,13,581,568,1149
1044,2025-12,14,14,14,532,530,1062
1044,2025-12,15,15,15,537,511,1048
1044,2025-12,16,16,16,531,533,1064
1044,2025-12,17,17,17,498,524,1022
1044,2025-12,18,18,18,582,534,1116
1044,2025-12,19,19,19,550,519,1069
1044,2025-12,20,20,20,573,581,1154
1044,2025-12,21,21,21,555,555,1110
1044,2025-12,22,22,22,536,523,1059
1044,2025-12,23,23,23,509,540,1049
1044,2025-12,24,24,24,502,577,1079
1044,2025-12,25,25,25,566,638,1204
1044,2025-12,26,26,26,513,564,1077
1044,2025-12,27,27,27,569,584,1153
1044,2025-12,28,28,28,706,731,1437
1044,2025-12,29,29,29,703,711,1414
1044,2025-12,30,30,30,691,835,1526
1044,2025-12,31,31,31,653,780,1433
1044,2025-12,32,32,32,678,785,1463
1044,2025-12,33,33,33,616,745,1361
1044,2025-12,34,34,34,672,767,1439
1044,2025-12,35,35,35,658,777,1435
1044,2025-12,36,36,36,622,721,1343
1044,2025-12,37,37,37,614,759,1373
1044,2025-12,38,38,38,591,683,1274
1044,2025-12,39,39,39,662,717,1379
1044,2025-12,40,40,40,652,782,1434
1044,2025-12,41,41,41,656,833,1489
1044,2025-12,42,42,42,702,811,1513
1044,2025-12,43,43,43,722,902,1624
1044,2025-12,44,44,44,754,931,1685
1044,2025-12,45,45,45,773,939,1712
1044,2025-12,46,46,46,733,935,1668
1044,2025-12,47,47,47,705,853,1558
1044,2025-12,48,48,48,730,819,1549
1044,2025-12,49,49,49,685,796,1481
1044,2025-12,50,50,50,634,779,1413
1044,2025-12,51,51,51,678,751,1429
1044,2025-12,52,52,52,629,760,1389
1044,2025-12,53,53,53,627,796,1423
1044,2025-12,54,54,54,646,835,1481
1044,2025-12,55,55,55,619,806,1425
1044,2025-12,56,56,56,595,808,1403
1044,2025-12,57,57,57,662,825,1487
1044,2025-12,58,58,58,618,819,1437
1044,2025-12,59,59,59,536,805,1341
1044,2025-12,60,60,60,586,733,1319
1044,2025-12,61,61,61,576,823,1399
1044,2025-12,62,62,62,533,800,1333
1044,2025-12,63,63,63,567,735,1302
1044,2025-12,64,64,64,524,706,1230
1044,2025-12,65,65,65,544,805,1349
1044,2025-12,66,66,66,467,763,1230
1044,2025-12,67,67,67,470,644,1114
1044,2025-12,68,68,68,432,671,1103
1044,2025-12,69,69,69,447,574,1021
1044,2025-12,70,70,70,389,594,983
1044,2025-12,71,71,71,384,566,950
1044,2025-12,72,72,72,374,514,888
1044,2025-12,73,73,73,354,499,853
1044,2025-12,74,74,74,308,467,775
1044,2025-12,75,75,75,302,417,719
1044,2025-12,76,76,76,269,390,659
1044,2025-12,77,77,77,241,323,564
1044,2025-12,78,78,78,208,301,509
1044,2025-12,79,79,79,168,270,438
1044,2025-12,80,80,80,131,232,363
1044,2025-12,81,81,81,122,201,323
1044,2025-12,82,82,82,112,190,302
1044,2025-12,83,83,83,91,186,277
1044,2025-12,84,84,84,101,157,258
1044,2025-12,85,85,85,59,120,179
1044,2025-12,86,86,86,64,117,181
1044,2025-12,87,87,87,71,110,181
1044,2025-12,88,88,88,48,87,135
1044,2025-12,89,89,89,48,78,126
1044,2025-12,90,90,90,32,64,96
1044,2025-12,91,91,91,19,70,89
1044,2025-12,92,92,92,18,50,68
1044,2025-12,93,93,93,15,44,59
1044,2025-12,94,94,94,9,39,48
1044,2025-12,95,95,95,4,22,26
1044,2025-12,96,96,96,10,15,25
1044,2025-12,97,97,97,4,11,15
1044,2025-12,98,98,98,3,15,18
1044,2025-12,99,99,99,1,12,13
1044,2025-12,100,100,100,1,1,2
1044,2025-12,101,,101+,9,10,19
1045,2025-12,0,0,0,165,171,336
1045,2025-12,1,1,1,228,229,457
1045,2025-12,2,2,2,240,237,477
1045,2025-12,3,3,3,248,240,488
1045,2025-12,4,4,4,330,304,634
1045,2025-12,5,5,5,302,304,606
1045,2025-12,6,6,6,357,352,709
1045,2025-12,7,7,7,383,383,766
1045,2025-12,8,8,8,412,470,882
1045,2025-12,9,9,9,497,468,965
1045,2025-12,10,10,10,553,524,1077
1045,2025-12,11,11,11,572,592,1164
1045,2025-12,12,12,12,530,583,1113
1045,2025-12,13,13,13,619,577,1196
1045,2025-12,14,14,14,548,570,1118
1045,2025-12,15,15,15,535,542,1077
1045,2025-12,16,16,16,512,558,1070
1045,2025-12,17,17,17,563,500,1063
1045,2025-12,18,18,18,574,569,1143
1045,2025-12,19,19,19,563,573,1136
1045,2025-12,20,20,20,543,540,1083
1045,2025-12,21,21,21,560,540,1100
1045,2025-12,22,22,22,522,557,1079
1045,2025-12,23,23,23,554,524,1078
1045,2025-12,24,24,24,523,580,1103
1045,2025-12,25,25,25,608,609,1217
1045,2025-12,26,26,26,556,587,1143
1045,2025-12,27,27,27,569,616,1185
1045,2025-12,28,28,28,663,736,1399
1045,2025-12,29,29,29,723,746,1469
1045,2025-12,30,30,30,707,812,1519
1045,2025-12,31,31,31,714,695,1409
1045,2025-12,32,32,32,690,749,1439
1045,2025-12,33,33,33,677,732,1409
1045,2025-12,34,34,34,675,755,1430
1045,2025-12,35,35,35,680,709,1389
1045,2025-12,36,36,36,613,725,1338
1045,2025-12,37,37,37,594,705,1299
1045,2025-12,38,38,38,591,683,1274
1045,2025-12,39,39,39,627,695,1322
1045,2025-12,40,40,40,660,747,1407
1045,2025-12,41,41,41,637,830,1467
1045,2025-12,42,42,42,719,908,1627
1045,2025-12,43,43,43,720,938,1658
1045,2025-12,44,44,44,729,986,1715
1045,2025-12,45,45,45,759,1044,1803
1045,2025-12,46,46,46,745,999,1744
1045,2025-12,47,47,47,739,995,1734
1045,2025-12,48,48,48,768,982,1750
1045,2025-12,49,49,49,745,952,1697
1045,2025-12,50,50,50,693,898,1591
1045,2025-12,51,51,51,693,933,1626
1045,2025-12,52,52,52,699,860,1559
1045,2025-12,53,53,53,720,923,1643
1045,2025-12,54,54,54,761,938,1699
1045,2025-12,55,55,55,727,928,1655
1045,2025-12,56,56,56,656,882,1538
1045,2025-12,57,57,57,724,887,1611
1045,2025-12,58,58,58,623,858,1481
1045,2025-12,59,59,59,603,810,1413
1045,2025-12,60,60,60,614,823,1437
1045,2025-12,61,61,61,644,847,1491
1045,2025-12,62,62,62,612,843,1455
1045,2025-12,63,63,63,602,790,1392
1045,2025-12,64,64,64,523,747,1270
1045,2025-12,65,65,65,551,767,1318
1045,2025-12,66,66,66,514,714,1228
1045,2025-12,67,67,67,509,690,1199
1045,2025-12,68,68,68,431,663,1094
1045,2025-12,69,69,69,456,602,1058
1045,2025-12,70,70,70,394,645,1039
1045,2025-12,71,71,71,412,619,1031
1045,2025-12,72,72,72,357,551,908
1045,2025-12,73,73,73,388,523,911
1045,2025-12,74,74,74,313,564,877
1045,2025-12,75,75,75,320,471,791
1045,2025-12,76,76,76,309,430,739
1045,2025-12,77,77,77,250,421,671
1045,2025-12,78,78,78,230,361,591
1045,2025-12,79,79,79,188,359,547
1045,2025-12,80,80,80,183,285,468
1045,2025-12,81,81,81,183,298,481
1045,2025-12,82,82,82,162,265,427
1045,2025-12,83,83,83,128,241,369
1045,2025-12,84,84,84,140,216,356
1045,2025-12,85,85,85,87,167,254
1045,2025-12,86,86,86,114,195,309
1045,2025-12,87,87,87,92,153,245
1045,2025-12,88,88,88,87,155,242
1045,2025-12,89,89,89,72,126,198
1045,2025-12,90,90,90,53,105,158
1045,2025-12,91,91,91,49,98,147
1045,2025-12,92,92,92,38,78,116
1045,2025-12,93,93,93,26,67,93
1045,2025-12,94,94,94,31,52,83
1045,2025-12,95,95,95,11,33,44
1045,2025-12,96,96,96,11,23,34
1045,2025-12,97,97,97,6,20,26
1045,2025-12,98,98,98,12,17,29
1045,2025-12,99,99,99,9,12,21
1045,2025-12,100,100,100,7,8,15
1045,2025-12,101,,101+,23,29,52
1046,2025-12,0,0,0,616,550,1166
1046,2025-12,1,1,1,742,653,1395
1046,2025-12,2,2,2,786,857,1643
1046,2025-12,3,3,3,784,774,1558
1046,2025-12,4,4,4,956,835,1791
1046,2025-12,5,5,5,928,964,1892
1046,2025-12,6,6,6,1034,994,2028
1046,2025-12,7,7,7,1108,1071,2179
1046,2025-12,8,8,8,1125,1112,2237
1046,2025-12,9,9,9,1130,1130,2260
1046,2025-12,10,10,10,1233,1145,2378
1046,2025-12,11,11,11,1252,1169,2421
1046,2025-12,12,12,12,1246,1214,2460
1046,2025-12,13,13,13,1396,1367,2763
1046,2025-12,14,14,14,1388,1283,2671
1046,2025-12,15,15,15,1222,1248,2470
1046,2025-12,16,16,16,1292,1338,2630
1046,2025-12,17,17,17,1311,1353,2664
1046,2025-12,18,18,18,1378,1310,2688
1046,2025-12,19,19,19,1414,1344,2758
1046,2025-12,20,20,20,1343,1327,2670
1046,2025-12,21,21,21,1383,1386,2769
1046,2025-12,22,22,22,1375,1320,2695
1046,2025-12,23,23,23,1247,1371,2618
1046,2025-12,24,24,24,1290,1395,2685
1046,2025-12,25,25,25,1479,1522,3001
1046,2025-12,26,26,26,1417,1417,2834
1046,2025-12,27,27,27,1465,1569,3034
1046,2025-12,28,28,28,1568,1717,3285
1046,2025-12,29,29,29,1651,1794,3445
1046,2025-12,30,30,30,1617,1792,3409
1046,2025-12,31,31,31,1504,1743,3247
1046,2025-12,32,32,32,1472,1768,3240
1046,2025-12,33,33,33,1509,1783,3292
1046,2025-12,34,34,34,1486,1747,3233
1046,2025-12,35,35,35,1462,1718,3180
1046,2025-12,36,36,36,1354,1670,3024
1046,2025-12,37,37,37,1338,1643,2981
1046,2025-12,38,38,38,1366,1571,2937
1046,2025-12,39,39,39,1453,1745,3198
1046,2025-12,40,40,40,1549,1838,3387
1046,2025-12,41,41,41,1450,1810,3260
1046,2025-12,42,42,42,1571,1870,3441
1046,2025-12,43,43,43,1602,2001,3603
1046,2025-12,44,44,44,1690,2035,3725
1046,2025-12,45,45,45,1731,2046,3777
1046,2025-12,46,46,46,1730,2022,3752
1046,2025-12,47,47,47,1621,2003,3624
1046,2025-12,48,48,48,1675,1970,3645
1046,2025-12,49,49,49,1639,1991,3630
1046,2025-12,50,50,50,1625,1924,3549
1046,2025-12,51,51,51,1639,1945,3584
1046,2025-12,52,52,52,1543,1849,3392
1046,2025-12,53,53,53,1659,1960,3619
1046,2025-12,54,54,54,1603,2079,3682
1046,2025-12,55,55,55,1766,2016,3782
1046,2025-12,56,56,56,1700,1937,3637
1046,2025-12,57,57,57,1709,1987,3696
1046,2025-12,58,58,58,1605,1854,3459
1046,2025-12,59,59,59,1499,1811,3310
1046,2025-12,60,60,60,1462,1854,3316
1046,2025-12,61,61,61,1390,1656,3046
1046,2025-12,62,62,62,1306,1502,2808
1046,2025-12,63,63,63,1178,1483,2661
1046,2025-12,64,64,64,1148,1333,2481
1046,2025-12,65,65,65,1044,1313,2357
1046,2025-12,66,66,66,921,1240,2161
1046,2025-12,67,67,67,787,987,1774
1046,2025-12,68,68,68,788,930,1718
1046,2025-12,69,69,69,693,894,1587
1046,2025-12,70,70,70,607,824,1431
1046,2025-12,71,71,71,587,735,1322
1046,2025-12,72,72,72,487,682,1169
1046,2025-12,73,73,73,433,631,1064
1046,2025-12,74,74,74,387,579,966
1046,2025-12,75,75,75,352,532,884
1046,2025-12,76,76,76,318,484,802
1046,2025-12,77,77,77,257,422,679
1046,2025-12,78,78,78,249,385,634
1046,2025-12,79,79,79,202,323,525
1046,2025-12,80,80,80,178,289,467
1046,2025-12,81,81,81,154,270,424
1046,2025-12,82,82,82,139,228,367
1046,2025-12,83,83,83,133,220,353
1046,2025-12,84,84,84,121,221,342
1046,2025-12,85,85,85,83,169,252
1046,2025-12,86,86,86,93,165,258
1046,2025-12,87,87,87,60,136,196
1046,2025-12,88,88,88,58,110,168
1046,2025-12,89,89,89,40,112,152
1046,2025-12,90,90,90,39,94,133
1046,2025-12,91,91,91,30,56,86
1046,2025-12,92,92,92,24,48,72
1046,2025-12,93,93,93,21,62,83
1046,2025-12,94,94,94,16,34,50
1046,2025-12,95,95,95,12,25,37
1046,2025-12,96,96,96,8,13,21
1046,2025-12,97,97,97,4,14,18
1046,2025-12,98,98,98,1,11,12
1046,2025-12,99,99,99,3,5,8
1046,2025-12,100,100,100,4,8,12
1046,2025-12,101,,101+,5,14,19
1047,2025-12,0,0,0,169,149,318
1047,2025-12,1,1,1,174,164,338
1047,2025-12,2,2,2,215,170,385
1047,2025-12,3,3,3,209,195,404
1047,2025-12,4,4,4,215,193,408
1047,2025-12,5,5,5,244,233,477
1047,2025-12,6,6,6,262,231,493
1047,2025-12,7,7,7,256,247,503
1047,2025-12,8,8,8,275,303,578
1047,2025-12,9,9,9,276,271,547
1047,2025-12,10,10,10,294,275,569
1047,2025-12,11,11,11,288,289,577
1047,2025-12,12,12,12,332,320,652
1047,2025-12,13,13,13,354,382,736
1047,2025-12,14,14,14,349,335,684
1047,2025-12,15,15,15,371,314,685
1047,2025-12,16,16,16,390,366,756
1047,2025-12,17,17,17,368,370,738
1047,2025-12,18,18,18,393,353,746
1047,2025-12,19,19,19,396,396,792
1047,2025-12,20,20,20,424,387,811
1047,2025-12,21,21,21,404,401,805
1047,2025-12,22,22,22,432,393,825
1047,2025-12,23,23,23,470,405,875
1047,2025-12,24,24,24,442,480,922
1047,2025-12,25,25,25,506,522,1028
1047,2025-12,26,26,26,507,438,945
1047,2025-12,27,27,27,541,518,1059
1047,2025-12,28,28,28,628,625,1253
1047,2025-12,29,29,29,696,668,1364
1047,2025-12,30,30,30,671,738,1409
1047,2025-12,31,31,31,650,708,1358
1047,2025-12,32,32,32,631,706,1337
1047,2025-12,33,33,33,684,731,1415
1047,2025-12,34,34,34,686,779,1465
1047,2025-12,35,35,35,635,684,1319
1047,2025-12,36,36,36,623,726,1349
1047,2025-12,37,37,37,613,743,1356
1047,2025-12,38,38,38,531,682,1213
1047,2025-12,39,39,39,574,677,1251
1047,2025-12,40,40,40,581,739,1320
1047,2025-12,41,41,41,611,772,1383
1047,2025-12,42,42,42,644,755,1399
1047,2025-12,43,43,43,596,774,1370
1047,2025-12,44,44,44,654,789,1443
1047,2025-12,45,45,45,648,793,1441
1047,2025-12,46,46,46,626,808,1434
1047,2025-12,47,47,47,592,771,1363
1047,2025-12,48,48,48,649,720,1369
1047,2025-12,49,49,49,601,726,1327
1047,2025-12,50,50,50,583,758,1341
1047,2025-12,51,51,51,558,697,1255
1047,2025-12,52,52,52,582,698,1280
1047,2025-12,53,53,53,533,715,1248
1047,2025-12,54,54,54,554,710,1264
1047,2025-12,55,55,55,566,695,1261
1047,2025-12,56,56,56,552,710,1262
1047,2025-12,57,57,57,551,696,1247
1047,2025-12,58,58,58,546,629,1175
1047,2025-12,59,59,59,541,665,1206
1047,2025-12,60,60,60,452,657,1109
1047,2025-12,61,61,61,529,684,1213
1047,2025-12,62,62,62,509,691,1200
1047,2025-12,63,63,63,458,702,1160
1047,2025-12,64,64,64,444,686,1130
1047,2025-12,65,65,65,474,646,1120
1047,2025-12,66,66,66,458,603,1061
1047,2025-12,67,67,67,429,639,1068
1047,2025-12,68,68,68,383,608,991
1047,2025-12,69,69,69,398,539,937
1047,2025-12,70,70,70,383,516,899
1047,2025-12,71,71,71,319,535,854
1047,2025-12,72,72,72,321,456,777
1047,2025-12,73,73,73,291,417,708
1047,2025-12,74,74,74,280,456,736
1047,2025-12,75,75,75,283,386,669
1047,2025-12,76,76,76,269,385,654
1047,2025-12,77,77,77,221,309,530
1047,2025-12,78,78,78,173,264,437
1047,2025-12,79,79,79,181,255,436
1047,2025-12,80,80,80,144,197,341
1047,2025-12,81,81,81,122,213,335
1047,2025-12,82,82,82,120,211,331
1047,2025-12,83,83,83,104,172,276
1047,2025-12,84,84,84,98,162,260
1047,2025-12,85,85,85,91,132,223
1047,2025-12,86,86,86,77,157,234
1047,2025-12,87,87,87,94,127,221
1047,2025-12,88,88,88,59,107,166
1047,2025-12,89,89,89,42,101,143
1047,2025-12,90,90,90,43,82,125
1047,2025-12,91,91,91,46,64,110
1047,2025-12,92,92,92,41,53,94
1047,2025-12,93,93,93,23,55,78
1047,2025-12,94,94,94,22,47,69
1047,2025-12,95,95,95,14,25,39
1047,2025-12,96,96,96,14,20,34
1047,2025-12,97,97,97,18,22,40
1047,2025-12,98,98,98,11,22,33
1047,2025-12,99,99,99,6,13,19
1047,2025-12,100,100,100,6,7,13
1047,2025-12,101,,101+,51,53,104
1048,2025-12,0,0,0,164,162,326
1048,2025-12,1,1,1,213,224,437
1048,2025-12,2,2,2,235,245,480
1048,2025-12,3,3,3,255,223,478
1048,2025-12,4,4,4,261,232,493
1048,2025-12,5,5,5,282,305,587
1048,2025-12,6,6,6,310,310,620
1048,2025-12,7,7,7,289,287,576
1048,2025-12,8,8,8,322,301,623
1048,2025-12,9,9,9,338,320,658
1048,2025-12,10,10,10,342,314,656
1048,2025-12,11,11,11,379,330,709
1048,2025-12,12,12,12,368,348,716
1048,2025-12,13,13,13,420,398,818
1048,2025-12,14,14,14,410,372,782
1048,2025-12,15,15,15,389,361,750
1048,2025-12,16,16,16,428,417,845
1048,2025-12,17,17,17,413,383,796
1048,2025-12,18,18,18,418,437,855
1048,2025-12,19,19,19,422,442,864
1048,2025-12,20,20,20,425,409,834
1048,2025-12,21,21,21,452,427,879
1048,2025-12,22,22,22,452,414,866
1048,2025-12,23,23,23,414,405,819
1048,2025-12,24,24,24,411,449,860
1048,2025-12,25,25,25,491,526,1017
1048,2025-12,26,26,26,414,495,909
1048,2025-12,27,27,27,465,497,962
1048,2025-12,28,28,28,563,549,1112
1048,2025-12,29,29,29,588,616,1204
1048,2025-12,30,30,30,598,613,1211
1048,2025-12,31,31,31,539,605,1144
1048,2025-12,32,32,32,561,578,1139
1048,2025-12,33,33,33,513,568,1081
1048,2025-12,34,34,34,520,532,1052
1048,2025-12,35,35,35,505,588,1093
1048,2025-12,36,36,36,493,546,1039
1048,2025-12,37,37,37,497,577,1074
1048,2025-12,38,38,38,471,510,981
1048,2025-12,39,39,39,509,509,1018
1048,2025-12,40,40,40,516,564,1080
1048,2025-12,41,41,41,494,587,1081
1048,2025-12,42,42,42,508,593,1101
1048,2025-12,43,43,43,491,612,1103
1048,2025-12,44,44,44,504,608,1112
1048,2025-12,45,45,45,523,603,1126
1048,2025-12,46,46,46,574,646,1220
1048,2025-12,47,47,47,563,638,1201
1048,2025-12,48,48,48,502,633,1135
1048,2025-12,49,49,49,551,621,1172
1048,2025-12,50,50,50,507,612,1119
1048,2025-12,51,51,51,492,665,1157
1048,2025-12,52,52,52,511,673,1184
1048,2025-12,53,53,53,570,665,1235
1048,2025-12,54,54,54,565,728,1293
1048,2025-12,55,55,55,540,717,1257
1048,2025-12,56,56,56,539,729,1268
1048,2025-12,57,57,57,576,711,1287
1048,2025-12,58,58,58,508,684,1192
1048,2025-12,59,59,59,538,678,1216
1048,2025-12,60,60,60,546,733,1279
1048,2025-12,61,61,61,557,719,1276
1048,2025-12,62,62,62,569,780,1349
1048,2025-12,63,63,63,567,716,1283
1048,2025-12,64,64,64,533,687,1220
1048,2025-12,65,65,65,497,750,1247
1048,2025-12,66,66,66,575,715,1290
1048,2025-12,67,67,67,514,685,1199
1048,2025-12,68,68,68,494,674,1168
1048,2025-12,69,69,69,436,614,1050
1048,2025-12,70,70,70,430,598,1028
1048,2025-12,71,71,71,403,583,986
1048,2025-12,72,72,72,375,514,889
1048,2025-12,73,73,73,314,472,786
1048,2025-12,74,74,74,328,424,752
1048,2025-12,75,75,75,261,400,661
1048,2025-12,76,76,76,254,362,616
1048,2025-12,77,77,77,220,315,535
1048,2025-12,78,78,78,200,291,491
1048,2025-12,79,79,79,162,254,416
1048,2025-12,80,80,80,149,218,367
1048,2025-12,81,81,81,145,182,327
1048,2025-12,82,82,82,117,196,313
1048,2025-12,83,83,83,117,167,284
1048,2025-12,84,84,84,88,154,242
1048,2025-12,85,85,85,70,115,185
1048,2025-12,86,86,86,82,100,182
1048,2025-12,87,87,87,66,132,198
1048,2025-12,88,88,88,62,96,158
1048,2025-12,89,89,89,51,96,147
1048,2025-12,90,90,90,42,78,120
1048,2025-12,91,91,91,31,62,93
1048,2025-12,92,92,92,36,42,78
1048,2025-12,93,93,93,16,38,54
1048,2025-12,94,94,94,7,31,38
1048,2025-12,95,95,95,14,27,41
1048,2025-12,96,96,96,6,17,23
1048,2025-12,97,97,97,5,12,17
1048,2025-12,98,98,98,6,10,16
1048,2025-12,99,99,99,2,4,6
1048,2025-12,100,100,100,1,2,3
1048,2025-12,101,,101+,19,12,31
1049,2025-12,0,0,0,293,275,568
1049,2025-12,1,1,1,347,370,717
1049,2025-12,2,2,2,369,369,738
1049,2025-12,3,3,3,413,345,758
1049,2025-12,4,4,4,454,438,892
1049,2025-12,5,5,5,493,501,994
1049,2025-12,6,6,6,503,487,990
1049,2025-12,7,7,7,540,507,1047
1049,2025-12,8,8,8,610,564,1174
1049,2025-12,9,9,9,577,554,1131
1049,2025-12,10,10,10,640,559,1199
1049,2025-12,11,11,11,687,627,1314
1049,2025-12,12,12,12,673,608,1281
1049,2025-12,13,13,13,716,702,1418
1049,2025-12,14,14,14,708,697,1405
1049,2025-12,15,15,15,628,660,1288
1049,2025-12,16,16,16,709,690,1399
1049,2025-12,17,17,17,696,714,1410
1049,2025-12,18,18,18,758,750,1508
1049,2025-12,19,19,19,746,742,1488
1049,2025-12,20,20,20,739,751,1490
1049,2025-12,21,21,21,780,709,1489
1049,2025-12,22,22,22,672,767,1439
1049,2025-12,23,23,23,745,750,1495
1049,2025-12,24,24,24,748,743,1491
1049,2025-12,25,25,25,833,852,1685
1049,2025-12,26,26,26,797,773,1570
1049,2025-12,27,27,27,801,807,1608
1049,2025-12,28,28,28,926,988,1914
1049,2025-12,29,29,29,922,997,1919
1049,2025-12,30,30,30,947,1067,2014
1049,2025-12,31,31,31,956,968,1924
1049,2025-12,32,32,32,895,911,1806
1049,2025-12,33,33,33,880,950,1830
1049,2025-12,34,34,34,835,938,1773
1049,2025-12,35,35,35,833,893,1726
1049,2025-12,36,36,36,829,900,1729
1049,2025-12,37,37,37,824,913,1737
1049,2025-12,38,38,38,698,829,1527
1049,2025-12,39,39,39,777,856,1633
1049,2025-12,40,40,40,824,922,1746
1049,2025-12,41,41,41,875,902,1777
1049,2025-12,42,42,42,883,1002,1885
1049,2025-12,43,43,43,918,1002,1920
1049,2025-12,44,44,44,911,1065,1976
1049,2025-12,45,45,45,985,1108,2093
1049,2025-12,46,46,46,983,1050,2033
1049,2025-12,47,47,47,854,1073,1927
1049,2025-12,48,48,48,929,1058,1987
1049,2025-12,49,49,49,969,1055,2024
1049,2025-12,50,50,50,906,1041,1947
1049,2025-12,51,51,51,897,1069,1966
1049,2025-12,52,52,52,827,1037,1864
1049,2025-12,53,53,53,837,1063,1900
1049,2025-12,54,54,54,895,1146,2041
1049,2025-12,55,55,55,848,1137,1985
1049,2025-12,56,56,56,831,1030,1861
1049,2025-12,57,57,57,821,1070,1891
1049,2025-12,58,58,58,828,1093,1921
1049,2025-12,59,59,59,869,994,1863
1049,2025-12,60,60,60,817,1016,1833
1049,2025-12,61,61,61,769,1070,1839
1049,2025-12,62,62,62,730,997,1727
1049,2025-12,63,63,63,756,898,1654
1049,2025-12,64,64,64,676,944,1620
1049,2025-12,65,65,65,686,919,1605
1049,2025-12,66,66,66,609,843,1452
1049,2025-12,67,67,67,599,828,1427
1049,2025-12,68,68,68,568,779,1347
1049,2025-12,69,69,69,537,724,1261
1049,2025-12,70,70,70,442,684,1126
1049,2025-12,71,71,71,442,660,1102
1049,2025-12,72,72,72,436,591,1027
1049,2025-12,73,73,73,353,532,885
1049,2025-12,74,74,74,337,540,877
1049,2025-12,75,75,75,299,527,826
1049,2025-12,76,76,76,288,454,742
1049,2025-12,77,77,77,252,412,664
1049,2025-12,78,78,78,197,339,536
1049,2025-12,79,79,79,211,303,514
1049,2025-12,80,80,80,170,288,458
1049,2025-12,81,81,81,156,270,426
1049,2025-12,82,82,82,134,242,376
1049,2025-12,83,83,83,120,190,310
1049,2025-12,84,84,84,110,232,342
1049,2025-12,85,85,85,61,145,206
1049,2025-12,86,86,86,79,158,237
1049,2025-12,87,87,87,62,140,202
1049,2025-12,88,88,88,61,133,194
1049,2025-12,89,89,89,53,77,130
1049,2025-12,90,90,90,41,75,116
1049,2025-12,91,91,91,30,54,84
1049,2025-12,92,92,92,17,41,58
1049,2025-12,93,93,93,15,34,49
1049,2025-12,94,94,94,13,27,40
1049,2025-12,95,95,95,11,22,33
1049,2025-12,96,96,96,8,14,22
1049,2025-12,97,97,97,7,18,25
1049,2025-12,98,98,98,1,7,8
1049,2025-12,99,99,99,4,5,9
1049,2025-12,100,100,100,2,4,6
1049,2025-12,101,,101+,13,21,34
1050,2025-12,0,0,0,190,190,380
1050,2025-12,1,1,1,250,209,459
1050,2025-12,2,2,2,312,296,608
1050,2025-12,3,3,3,264,286,550
1050,2025-12,4,4,4,330,322,652
1050,2025-12,5,5,5,357,369,726
1050,2025-12,6,6,6,382,334,716
1050,2025-12,7,7,7,411,367,778
1050,2025-12,8,8,8,434,423,857
1050,2025-12,9,9,9,447,407,854
1050,2025-12,10,10,10,494,420,914
1050,2025-12,11,11,11,510,450,960
1050,2025-12,12,12,12,487,535,1022
1050,2025-12,13,13,13,576,573,1149
1050,2025-12,14,14,14,552,596,1148
1050,2025-12,15,15,15,577,558,1135
1050,2025-12,16,16,16,583,588,1171
1050,2025-12,17,17,17,596,567,1163
1050,2025-12,18,18,18,653,598,1251
1050,2025-12,19,19,19,599,615,1214
1050,2025-12,20,20,20,649,639,1288
1050,2025-12,21,21,21,660,688,1348
1050,2025-12,22,22,22,612,632,1244
1050,2025-12,23,23,23,664,615,1279
1050,2025-12,24,24,24,653,622,1275
1050,2025-12,25,25,25,704,775,1479
1050,2025-12,26,26,26,656,656,1312
1050,2025-12,27,27,27,676,696,1372
1050,2025-12,28,28,28,808,763,1571
1050,2025-12,29,29,29,808,794,1602
1050,2025-12,30,30,30,765,803,1568
1050,2025-12,31,31,31,770,702,1472
1050,2025-12,32,32,32,688,714,1402
1050,2025-12,33,33,33,722,640,1362
1050,2025-12,34,34,34,624,676,1300
1050,2025-12,35,35,35,650,660,1310
1050,2025-12,36,36,36,594,627,1221
1050,2025-12,37,37,37,605,589,1194
1050,2025-12,38,38,38,557,588,1145
1050,2025-12,39,39,39,557,607,1164
1050,2025-12,40,40,40,576,616,1192
1050,2025-12,41,41,41,616,616,1232
1050,2025-12,42,42,42,578,673,1251
1050,2025-12,43,43,43,632,677,1309
1050,2025-12,44,44,44,623,768,1391
1050,2025-12,45,45,45,674,718,1392
1050,2025-12,46,46,46,656,719,1375
1050,2025-12,47,47,47,701,784,1485
1050,2025-12,48,48,48,680,795,1475
1050,2025-12,49,49,49,694,862,1556
1050,2025-12,50,50,50,667,795,1462
1050,2025-12,51,51,51,655,861,1516
1050,2025-12,52,52,52,678,820,1498
1050,2025-12,53,53,53,725,821,1546
1050,2025-12,54,54,54,725,836,1561
1050,2025-12,55,55,55,750,859,1609
1050,2025-12,56,56,56,662,831,1493
1050,2025-12,57,57,57,758,887,1645
1050,2025-12,58,58,58,733,807,1540
1050,2025-12,59,59,59,680,822,1502
1050,2025-12,60,60,60,682,835,1517
1050,2025-12,61,61,61,742,892,1634
1050,2025-12,62,62,62,683,780,1463
1050,2025-12,63,63,63,652,768,1420
1050,2025-12,64,64,64,587,706,1293
1050,2025-12,65,65,65,619,736,1355
1050,2025-12,66,66,66,486,678,1164
1050,2025-12,67,67,67,484,638,1122
1050,2025-12,68,68,68,495,608,1103
1050,2025-12,69,69,69,440,597,1037
1050,2025-12,70,70,70,359,455,814
1050,2025-12,71,71,71,381,516,897
1050,2025-12,72,72,72,328,464,792
1050,2025-12,73,73,73,326,416,742
1050,2025-12,74,74,74,275,421,696
1050,2025-12,75,75,75,253,419,672
1050,2025-12,76,76,76,232,346,578
1050,2025-12,77,77,77,202,309,511
1050,2025-12,78,78,78,144,245,389
1050,2025-12,79,79,79,137,201,338
1050,2025-12,80,80,80,102,199,301
1050,2025-12,81,81,81,113,191,304
1050,2025-12,82,82,82,88,164,252
1050,2025-12,83,83,83,82,157,239
1050,2025-12,84,84,84,87,133,220
1050,2025-12,85,85,85,63,93,156
1050,2025-12,86,86,86,66,122,188
1050,2025-12,87,87,87,65,98,163
1050,2025-12,88,88,88,45,99,144
1050,2025-12,89,89,89,41,88,129
1050,2025-12,90,90,90,34,71,105
1050,2025-12,91,91,91,20,39,59
1050,2025-12,92,92,92,12,42,54
1050,2025-12,93,93,93,8,24,32
1050,2025-12,94,94,94,8,22,30
1050,2025-12,95,95,95,8,16,24
1050,2025-12,96,96,96,5,10,15
1050,2025-12,97,97,97,5,12,17
1050,2025-12,98,98,98,7,3,10
1050,2025-12,99,99,99,1,10,11
1050,2025-12,100,100,100,1,2,3
1050,2025-12,101,,101+,7,7,14
