6812|0|ทั่วประเทศ|0| |0| |0| |32,045,088|33,763,923|65,809,011|29,540,110|
6812|10|กรุงเทพมหานคร|0| |0| |0| |2,526,272|2,896,296|5,422,568|3,356,358|
6812|10|กรุงเทพมหานคร|1001|ท้องถิ่นเขตพระนคร|0| |0| |18,723|19,685|38,408|18,848|
6812|10|กรุงเทพมหานคร|1002|ท้องถิ่นเขตดุสิต|0| |0| |38,627|34,161|72,788|32,986|
6812|10|กรุงเทพมหานคร|1003|ท้องถิ่นเขตหนองจอก|0| |0| |91,099|96,888|187,987|75,862|
6812|10|กรุงเทพมหานคร|1004|ท้องถิ่นเขตบางรัก|0| |0| |18,890|21,659|40,549|36,129|
6812|10|กรุงเทพมหานคร|1005|ท้องถิ่นเขตบางเขน|0| |0| |85,121|98,185|183,306|121,013|
6812|10|กรุงเทพมหานคร|1006|ท้องถิ่นเขตบางกะปิ|0| |0| |63,664|77,237|140,901|118,394|
6812|10|กรุงเทพมหานคร|1007|ท้องถิ่นเขตปทุมวัน|0| |0| |18,121|20,439|38,560|32,604|
6812|10|กรุงเทพมหานคร|1008|ท้องถิ่นเขตป้อมปราบศัตรูพ่าย|0| |0| |17,516|18,384|35,900|19,645|
6812|10|กรุงเทพมหานคร|1009|ท้องถิ่นเขตพระโขนง|0| |0| |37,420|46,594|84,014|66,641|
6812|10|กรุงเทพมหานคร|1010|ท้องถิ่นเขตมีนบุรี|0| |0| |65,987|74,462|140,449|68,253|
6812|10|กรุงเทพมหานคร|1011|ท้องถิ่นเขตลาดกระบัง|0| |0| |85,793|96,398|182,191|109,355|
6812|10|กรุงเทพมหานคร|1012|ท้องถิ่นเขตยานนาวา|0| |0| |33,350|39,063|72,413|54,497|
6812|10|กรุงเทพมหานคร|1013|ท้องถิ่นเขตสัมพันธวงศ์|0| |0| |8,901|9,428|18,329|12,955|
6812|10|กรุงเทพมหานคร|1014|ท้องถิ่นเขตพญาไท|0| |0| |29,646|32,629|62,275|46,986|
6812|10|กรุงเทพมหานคร|1015|ท้องถิ่นเขตธนบุรี|0| |0| |44,400|51,266|95,666|66,171|
6812|10|กรุงเทพมหานคร|1016|ท้องถิ่นเขตบางกอกใหญ่|0| |0| |27,277|31,527|58,804|33,220|
6812|10|กรุงเทพมหานคร|1017|ท้องถิ่นเขตห้วยขวาง|0| |0| |37,312|46,726|84,038|96,716|
6812|10|กรุงเทพมหานคร|1018|ท้องถิ่นเขตคลองสาน|0| |0| |28,302|33,530|61,832|44,636|
6812|10|กรุงเทพมหานคร|1019|ท้องถิ่นเขตตลิ่งชัน|0| |0| |46,691|53,742|100,433|45,460|
6812|10|กรุงเทพมหานคร|1020|ท้องถิ่นเขตบางกอกน้อย|0| |0| |43,891|51,091|94,982|56,273|
6812|10|กรุงเทพมหานคร|1021|ท้องถิ่นเขตบางขุนเทียน|0| |0| |86,730|98,430|185,160|96,463|
6812|10|กรุงเทพมหานคร|1022|ท้องถิ่นเขตภาษีเจริญ|0| |0| |55,545|65,435|120,980|70,059|
6812|10|กรุงเทพมหานคร|1023|ท้องถิ่นเขตหนองแขม|0| |0| |71,556|83,134|154,690|66,694|
6812|10|กรุงเทพมหานคร|1024|ท้องถิ่นเขตราษฎร์บูรณะ|0| |0| |35,180|38,912|74,092|41,018|
6812|10|กรุงเทพมหานคร|1025|ท้องถิ่นเขตบางพลัด|0| |0| |38,591|47,200|85,791|62,326|
6812|10|กรุงเทพมหานคร|1026|ท้องถิ่นเขตดินแดง|0| |0| |49,934|59,113|109,047|66,035|
6812|10|กรุงเทพมหานคร|1027|ท้องถิ่นเขตบึงกุ่ม|0| |0| |61,151|73,741|134,892|79,796|
6812|10|กรุงเทพมหานคร|1028|ท้องถิ่นเขตสาทร|0| |0| |32,657|36,562|69,219|45,276|
6812|10|กรุงเทพมหานคร|1029|ท้องถิ่นเขตบางซื่อ|0| |0| |53,473|63,127|116,600|79,285|
6812|10|กรุงเทพมหานคร|1030|ท้องถิ่นเขตจตุจักร|0| |0| |70,449|84,064|154,513|142,403|
6812|10|กรุงเทพมหานคร|1031|ท้องถิ่นเขตบางคอแหลม|0| |0| |35,184|39,662|74,846|41,120|
6812|10|กรุงเทพมหานคร|1032|ท้องถิ่นเขตประเวศ|0| |0| |85,623|97,939|183,562|108,246|
6812|10|กรุงเทพมหานคร|1033|ท้องถิ่นเขตคลองเตย|0| |0| |41,567|46,737|88,304|83,975|
6812|10|กรุงเทพมหานคร|1034|ท้องถิ่นเขตสวนหลวง|0| |0| |55,875|67,416|123,291|87,941|
6812|10|กรุงเทพมหานคร|1035|ท้องถิ่นเขตจอมทอง|0| |0| |64,776|73,093|137,869|74,897|
6812|10|กรุงเทพมหานคร|1036|ท้องถิ่นเขตดอนเมือง|0| |0| |82,262|83,332|165,594|83,940|
6812|10|กรุงเทพมหานคร|1037|ท้องถิ่นเขตราชเทวี|0| |0| |29,052|32,325|61,377|58,105|
6812|10|กรุงเทพมหานคร|1038|ท้องถิ่นเขตลาดพร้าว|0| |0| |49,981|60,679|110,660|60,897|
6812|10|กรุงเทพมหานคร|1039|ท้องถิ่นเขตวัฒนา|0| |0| |36,929|42,807|79,736|87,283|
6812|10|กรุงเทพมหานคร|1040|ท้องถิ่นเขตบางแค|0| |0| |88,459|103,538|191,997|98,608|
6812|10|กรุงเทพมหานคร|1041|ท้องถิ่นเขตหลักสี่|0| |0| |46,410|50,942|97,352|63,225|
6812|10|กรุงเทพมหานคร|1042|ท้องถิ่นเขตสายไหม|0| |0| |98,992|113,920|212,912|113,037|
6812|10|กรุงเทพมหานคร|1043|ท้องถิ่นเขตคันนายาว|0| |0| |43,191|50,111|93,302|49,319|
6812|10|กรุงเทพมหานคร|1044|ท้องถิ่นเขตสะพานสูง|0| |0| |44,680|53,132|97,812|44,739|
6812|10|กรุงเทพมหานคร|1045|ท้องถิ่นเขตวังทองหลาง|0| |0| |46,225|56,056|102,281|66,497|
6812|10|กรุงเทพมหานคร|1046|ท้องถิ่นเขตคลองสามวา|0| |0| |100,782|114,645|215,427|95,016|
6812|10|กรุงเทพมหานคร|1047|ท้องถิ่นเขตบางนา|0| |0| |38,866|45,708|84,574|83,277|
6812|10|กรุงเทพมหานคร|1048|ท้องถิ่นเขตทวีวัฒนา|0| |0| |37,237|43,579|80,816|37,532|
6812|10|กรุงเทพมหานคร|1049|ท้องถิ่นเขตทุ่งครุ|0| |0| |57,614|66,273|123,887|58,566|
6812|10|กรุงเทพมหานคร|1050|ท้องถิ่นเขตบางบอน|0| |0| |46,570|51,590|98,160|54,139|
6812|11|จังหวัดสมุทรปราการ |0| |0| |0| |654,644|729,280|1,383,924|792,409|
6812|11|จังหวัดสมุทรปราการ |1101|อำเภอเมืองสมุทรปราการ|0| |0| |51,379|57,223|108,602|50,362|
6812|11|จังหวัดสมุทรปราการ |1102|อำเภอบางบ่อ|0| |0| |48,994|52,520|101,514|53,823|
6812|11|จังหวัดสมุทรปราการ |1103|อำเภอบางพลี|0| |0| |134,913|154,535|289,448|195,019|
6812|11|จังหวัดสมุทรปราการ |1104|อำเภอพระประแดง|0| |0| |17,914|19,419|37,333|13,803|
6812|11|จังหวัดสมุทรปราการ |1105|อำเภอพระสมุทรเจดีย์|0| |0| |61,742|67,888|129,630|62,471|
6812|11|จังหวัดสมุทรปราการ |1106|อำเภอบางเสาธง|0| |0| |30,764|33,483|64,247|48,930|
6812|11|จังหวัดสมุทรปราการ |1181|ท้องถิ่นเทศบาลตำบลเทพารักษ์|0| |0| |9,814|11,368|21,182|11,695|
6812|11|จังหวัดสมุทรปราการ |1183|ท้องถิ่นเทศบาลเมืองปากน้ำสมุทรปราการ|0| |0| |19,509|22,405|41,914|18,201|
6812|11|จังหวัดสมุทรปราการ |1184|ท้องถิ่นเทศบาลตำบลบางเสาธง|0| |0| |9,385|10,429|19,814|18,844|
6812|11|จังหวัดสมุทรปราการ |1185|ท้องถิ่นเทศบาลตำบลแหลมฟ้าผ่า|0| |0| |10,748|11,432|22,180|9,781|
6812|11|จังหวัดสมุทรปราการ |1186|ท้องถิ่นเทศบาลตำบลพระสมุทรเจดีย์|0| |0| |5,309|5,581|10,890|5,782|
6812|11|จังหวัดสมุทรปราการ |1187|ท้องถิ่นเทศบาลตำบลบางพลี|0| |0| |5,515|5,526|11,041|2,264|
6812|11|จังหวัดสมุทรปราการ |1188|ท้องถิ่นเทศบาลตำบลบางบ่อ|0| |0| |3,085|3,407|6,492|2,528|
6812|11|จังหวัดสมุทรปราการ |1189|ท้องถิ่นเทศบาลตำบลคลองสวน|0| |0| |1,356|1,389|2,745|950|
6812|11|จังหวัดสมุทรปราการ |1190|ท้องถิ่นเทศบาลตำบลคลองด่าน|0| |0| |5,333|5,617|10,950|3,360|
6812|11|จังหวัดสมุทรปราการ |1191|ท้องถิ่นเทศบาลตำบลบางปู|0| |0| |57,196|62,409|119,605|64,786|
6812|11|จังหวัดสมุทรปราการ |1192|ท้องถิ่นเทศบาลตำบลแพรกษา|0| |0| |12,037|13,851|25,888|15,904|
6812|11|จังหวัดสมุทรปราการ |1193|ท้องถิ่นเทศบาลตำบลบางเมือง|0| |0| |43,960|50,843|94,803|50,925|
6812|11|จังหวัดสมุทรปราการ |1194|ท้องถิ่นเทศบาลตำบลด่านสำโรง|0| |0| |24,750|28,509|53,259|29,496|
6812|11|จังหวัดสมุทรปราการ |1195|ท้องถิ่นเทศบาลเมืองปู่เจ้าสมิงพราย|0| |0| |32,157|34,493|66,650|36,728|
6812|11|จังหวัดสมุทรปราการ |1196|ท้องถิ่นเทศบาลตำบลสำโรงเหนือ|0| |0| |13,658|16,628|30,286|31,617|
6812|11|จังหวัดสมุทรปราการ |1197|ท้องถิ่นเทศบาลเมืองลัดหลวง|0| |0| |31,022|34,277|65,299|38,806|
6812|11|จังหวัดสมุทรปราการ |1198|ท้องถิ่นเทศบาลเมืองพระประแดง|0| |0| |3,089|3,445|6,534|2,192|
6812|11|จังหวัดสมุทรปราการ |1199|ท้องถิ่นเทศบาลนครสมุทรปราการ|0| |0| |21,015|22,603|43,618|24,142|
6812|12|จังหวัดนนทบุรี |0| |0| |0| |610,989|711,291|1,322,280|775,919|
6812|12|จังหวัดนนทบุรี |1201|อำเภอเมืองนนทบุรี|0| |0| |27,628|32,284|59,912|32,912|
6812|12|จังหวัดนนทบุรี |1202|อำเภอบางกรวย|0| |0| |17,178|20,405|37,583|21,731|
6812|12|จังหวัดนนทบุรี |1203|อำเภอบางใหญ่|0| |0| |44,359|51,830|96,189|48,515|
6812|12|จังหวัดนนทบุรี |1204|อำเภอบางบัวทอง|0| |0| |50,423|56,694|107,117|60,460|
6812|12|จังหวัดนนทบุรี |1205|อำเภอไทรน้อย|0| |0| |36,269|40,280|76,549|39,338|
6812|12|จังหวัดนนทบุรี |1206|อำเภอปากเกร็ด|0| |0| |25,715|29,039|54,754|28,326|
6812|12|จังหวัดนนทบุรี |1280|ท้องถิ่นเทศบาลเมืองบางเลน|0| |0| |8,515|10,049|18,564|9,931|
6812|12|จังหวัดนนทบุรี |1284|ท้องถิ่นเทศบาลเมืองบางรักพัฒนา|0| |0| |20,857|25,208|46,065|28,104|
6812|12|จังหวัดนนทบุรี |1285|ท้องถิ่นเทศบาลเมืองบางคูรัด|0| |0| |19,162|22,396|41,558|17,564|
6812|12|จังหวัดนนทบุรี |1286|ท้องถิ่นเทศบาลเมืองเสาธงหิน|0| |0| |18,288|22,251|40,539|28,447|
6812|12|จังหวัดนนทบุรี |1287|ท้องถิ่นเทศบาลเมืองบางพลับ|0| |0| |5,766|6,647|12,413|7,102|
6812|12|จังหวัดนนทบุรี |1288|ท้องถิ่นเทศบาลเมืองพิมลราช|0| |0| |24,089|28,511|52,600|25,399|
6812|12|จังหวัดนนทบุรี |1289|ท้องถิ่นเทศบาลเมืองศาลากลาง|0| |0| |11,743|13,946|25,689|13,819|
6812|12|จังหวัดนนทบุรี |1290|ท้องถิ่นเทศบาลเมืองไทรม้า|0| |0| |11,220|13,454|24,674|16,118|
6812|12|จังหวัดนนทบุรี |1291|ท้องถิ่นเทศบาลตำบลไทรน้อย|0| |0| |1,319|1,317|2,636|1,268|
6812|12|จังหวัดนนทบุรี |1292|ท้องถิ่นเทศบาลเมืองบางใหญ่|0| |0| |6,665|7,461|14,126|6,626|
6812|12|จังหวัดนนทบุรี |1293|ท้องถิ่นเทศบาลตำบลบางม่วง|0| |0| |2,866|3,010|5,876|2,797|
6812|12|จังหวัดนนทบุรี |1294|ท้องถิ่นเทศบาลเมืองปลายบาง|0| |0| |22,402|26,652|49,054|25,064|
6812|12|จังหวัดนนทบุรี |1295|ท้องถิ่นเทศบาลเมืองบางศรีเมือง|0| |0| |15,211|17,863|33,074|14,085|
6812|12|จังหวัดนนทบุรี |1296|ท้องถิ่นเทศบาลเมืองบางกรวย|0| |0| |20,196|24,104|44,300|23,194|
6812|12|จังหวัดนนทบุรี |1297|ท้องถิ่นเทศบาลนครปากเกร็ด|0| |0| |86,181|101,268|187,449|142,227|
6812|12|จังหวัดนนทบุรี |1298|ท้องถิ่นเทศบาลนครบางบัวทอง|0| |0| |23,953|28,565|52,518|28,116|
6812|12|จังหวัดนนทบุรี |1299|ท้องถิ่นเทศบาลนครนนทบุรี|0| |0| |110,984|128,057|239,041|154,776|
6812|13|จังหวัดปทุมธานี |0| |0| |0| |587,603|658,459|1,246,062|728,164|
6812|13|จังหวัดปทุมธานี |1301|อำเภอเมืองปทุมธานี|0| |0| |49,742|55,006|104,748|54,724|
6812|13|จังหวัดปทุมธานี |1302|อำเภอคลองหลวง|0| |0| |75,246|83,968|159,214|80,101|
6812|13|จังหวัดปทุมธานี |1303|อำเภอธัญบุรี|0| |0| |2|1|3|1|
6812|13|จังหวัดปทุมธานี |1304|อำเภอหนองเสือ|0| |0| |26,512|27,036|53,548|18,977|
6812|13|จังหวัดปทุมธานี |1305|อำเภอลาดหลุมแก้ว|0| |0| |25,624|26,852|52,476|27,667|
6812|13|จังหวัดปทุมธานี |1306|อำเภอลำลูกกา|0| |0| |45,026|48,462|93,488|48,768|
6812|13|จังหวัดปทุมธานี |1307|อำเภอสามโคก|0| |0| |22,498|24,158|46,656|22,246|
6812|13|จังหวัดปทุมธานี |1378|ท้องถิ่นเทศบาลตำบลคลองพระอุดม|0| |0| |4,784|5,232|10,016|5,395|
6812|13|จังหวัดปทุมธานี |1379|ท้องถิ่นเทศบาลเมืองลาดสวาย|0| |0| |34,879|40,530|75,409|43,445|
6812|13|จังหวัดปทุมธานี |1380|ท้องถิ่นเทศบาลตำบลบางพูน|0| |0| |12,630|14,271|26,901|23,073|
6812|13|จังหวัดปทุมธานี |1381|ท้องถิ่นเทศบาลตำบลบ้านกลาง|0| |0| |6,342|7,228|13,570|7,712|
6812|13|จังหวัดปทุมธานี |1382|ท้องถิ่นเทศบาลเมืองลำสามแก้ว|0| |0| |30,270|35,445|65,715|34,355|
6812|13|จังหวัดปทุมธานี |1383|ท้องถิ่นเทศบาลเมืองบางคูวัด|0| |0| |15,806|18,337|34,143|21,350|
6812|13|จังหวัดปทุมธานี |1384|ท้องถิ่นเทศบาลเมืองบึงยี่โถ|0| |0| |15,872|18,934|34,806|17,121|
6812|13|จังหวัดปทุมธานี |1386|ท้องถิ่นเทศบาลเมืองบางกะดี|0| |0| |7,774|9,052|16,826|9,363|
6812|13|จังหวัดปทุมธานี |1387|ท้องถิ่นเทศบาลตำบลบางเตย|0| |0| |5,599|6,000|11,599|5,272|
6812|13|จังหวัดปทุมธานี |1388|ท้องถิ่นเทศบาลตำบลลำลูกกา|0| |0| |10,473|11,853|22,326|12,133|
6812|13|จังหวัดปทุมธานี |1389|ท้องถิ่นเทศบาลตำบลลำไทร|0| |0| |1,310|1,375|2,685|1,099|
6812|13|จังหวัดปทุมธานี |1390|ท้องถิ่นเทศบาลตำบลระแหง|0| |0| |5,442|5,834|11,276|6,231|
6812|13|จังหวัดปทุมธานี |1391|ท้องถิ่นเทศบาลตำบลหนองเสือ|0| |0| |2,047|2,132|4,179|2,058|
6812|13|จังหวัดปทุมธานี |1392|ท้องถิ่นเทศบาลเมืองสนั่นรักษ์|0| |0| |15,645|17,619|33,264|18,357|
6812|13|จังหวัดปทุมธานี |1393|ท้องถิ่นเทศบาลตำบลธัญบุรี|0| |0| |31,444|35,139|66,583|35,172|
6812|13|จังหวัดปทุมธานี |1394|ท้องถิ่นเทศบาลเมืองคลองหลวง|0| |0| |35,256|40,592|75,848|69,434|
6812|13|จังหวัดปทุมธานี |1395|ท้องถิ่นเทศบาลตำบลบางหลวง|0| |0| |3,800|4,258|8,058|4,632|
6812|13|จังหวัดปทุมธานี |1396|ท้องถิ่นเทศบาลเมืองท่าโขลง|0| |0| |34,832|39,675|74,507|61,830|
6812|13|จังหวัดปทุมธานี |1397|ท้องถิ่นเทศบาลเมืองคูคต|0| |0| |19,450|22,075|41,525|29,308|
6812|13|จังหวัดปทุมธานี |1398|ท้องถิ่นเทศบาลนครรังสิต|0| |0| |39,191|45,887|85,078|58,609|
6812|13|จังหวัดปทุมธานี |1399|ท้องถิ่นเทศบาลเมืองปทุมธานี|0| |0| |10,107|11,508|21,615|9,731|
6812|14|จังหวัดพระนครศรีอยุธยา |0| |0| |0| |393,983|428,720|822,703|366,492|
6812|14|จังหวัดพระนครศรีอยุธยา |1401|อำเภอพระนครศรีอยุธยา|0| |0| |34,685|38,197|72,882|28,101|
6812|14|จังหวัดพระนครศรีอยุธยา |1402|อำเภอท่าเรือ|0| |0| |14,599|16,130|30,729|12,145|
6812|14|จังหวัดพระนครศรีอยุธยา |1403|อำเภอนครหลวง|0| |0| |10,625|11,656|22,281|12,522|
6812|14|จังหวัดพระนครศรีอยุธยา |1404|อำเภอบางไทร|0| |0| |15,208|16,056|31,264|11,366|
6812|14|จังหวัดพระนครศรีอยุธยา |1405|อำเภอบางบาล|0| |0| |6,745|7,344|14,089|5,698|
6812|14|จังหวัดพระนครศรีอยุธยา |1406|อำเภอบางปะอิน|0| |0| |19,162|21,097|40,259|19,381|
6812|14|จังหวัดพระนครศรีอยุธยา |1407|อำเภอบางปะหัน|0| |0| |17,274|18,453|35,727|13,265|
6812|14|จังหวัดพระนครศรีอยุธยา |1408|อำเภอผักไห่|0| |0| |10,369|11,178|21,547|7,635|
6812|14|จังหวัดพระนครศรีอยุธยา |1409|อำเภอภาชี|0| |0| |12,490|13,307|25,797|9,020|
6812|14|จังหวัดพระนครศรีอยุธยา |1410|อำเภอลาดบัวหลวง|0| |0| |14,626|15,019|29,645|10,360|
6812|14|จังหวัดพระนครศรีอยุธยา |1411|อำเภอวังน้อย|0| |0| |29,128|30,885|60,013|29,148|
6812|14|จังหวัดพระนครศรีอยุธยา |1412|อำเภอเสนา|0| |0| |14,696|15,610|30,306|10,434|
6812|14|จังหวัดพระนครศรีอยุธยา |1413|อำเภอบางซ้าย|0| |0| |6,687|6,839|13,526|4,680|
6812|14|จังหวัดพระนครศรีอยุธยา |1414|อำเภออุทัย|0| |0| |22,652|24,611|47,263|23,911|
6812|14|จังหวัดพระนครศรีอยุธยา |1415|อำเภอมหาราช|0| |0| |6,352|7,000|13,352|5,419|
6812|14|จังหวัดพระนครศรีอยุธยา |1416|อำเภอบ้านแพรก|0| |0| |3,119|3,552|6,671|2,794|
6812|14|จังหวัดพระนครศรีอยุธยา |1465|ท้องถิ่นเทศบาลเมืองบ้านกรด|0| |0| |7,068|8,383|15,451|10,795|
6812|14|จังหวัดพระนครศรีอยุธยา |1466|ท้องถิ่นเทศบาลตำบลสามเมือง|0| |0| |3,691|3,835|7,526|3,132|
6812|14|จังหวัดพระนครศรีอยุธยา |1467|ท้องถิ่นเทศบาลตำบลสามกอ|0| |0| |3,169|3,498|6,667|3,089|
6812|14|จังหวัดพระนครศรีอยุธยา |1468|ท้องถิ่นเทศบาลตำบลบางนมโค|0| |0| |3,669|4,155|7,824|4,395|
6812|14|จังหวัดพระนครศรีอยุธยา |1469|ท้องถิ่นเทศบาลตำบลบางกระสั้น|0| |0| |6,339|7,281|13,620|6,102|
6812|14|จังหวัดพระนครศรีอยุธยา |1470|ท้องถิ่นเทศบาลตำบลเชียงรากน้อย|0| |0| |4,978|5,328|10,306|4,798|
6812|14|จังหวัดพระนครศรีอยุธยา |1471|ท้องถิ่นเทศบาลตำบลคลองจิก|0| |0| |4,708|5,283|9,991|6,202|
6812|14|จังหวัดพระนครศรีอยุธยา |1472|ท้องถิ่นเทศบาลตำบลปราสาททอง|0| |0| |2,504|2,810|5,314|3,431|
6812|14|จังหวัดพระนครศรีอยุธยา |1473|ท้องถิ่นเทศบาลตำบลบ้านแพรก|0| |0| |905|985|1,890|894|
6812|14|จังหวัดพระนครศรีอยุธยา |1474|ท้องถิ่นเทศบาลตำบลโรงช้าง|0| |0| |2,864|3,155|6,019|2,590|
6812|14|จังหวัดพระนครศรีอยุธยา |1475|ท้องถิ่นเทศบาลตำบลมหาราช|0| |0| |1,533|1,639|3,172|1,526|
6812|14|จังหวัดพระนครศรีอยุธยา |1476|ท้องถิ่นเทศบาลตำบลอุทัย|0| |0| |3,464|4,040|7,504|4,795|
6812|14|จังหวัดพระนครศรีอยุธยา |1477|ท้องถิ่นเทศบาลตำบลบางซ้าย|0| |0| |2,485|2,663|5,148|1,985|
6812|14|จังหวัดพระนครศรีอยุธยา |1478|ท้องถิ่นเทศบาลตำบลหัวเวียง|0| |0| |2,679|2,919|5,598|1,872|
6812|14|จังหวัดพระนครศรีอยุธยา |1479|ท้องถิ่นเทศบาลเมืองลำตาเสา|0| |0| |10,655|11,320|21,975|10,463|
6812|14|จังหวัดพระนครศรีอยุธยา |1480|ท้องถิ่นเทศบาลตำบลลาดบัวหลวง|0| |0| |1,246|1,278|2,524|1,466|
6812|14|จังหวัดพระนครศรีอยุธยา |1481|ท้องถิ่นเทศบาลตำบลภาชี|0| |0| |2,355|2,706|5,061|2,661|
6812|14|จังหวัดพระนครศรีอยุธยา |1482|ท้องถิ่นเทศบาลตำบลลาดชะโด|0| |0| |3,478|3,657|7,135|2,882|
6812|14|จังหวัดพระนครศรีอยุธยา |1483|ท้องถิ่นเทศบาลเมืองผักไห่|0| |0| |4,334|4,622|8,956|4,490|
6812|14|จังหวัดพระนครศรีอยุธยา |1484|ท้องถิ่นเทศบาลตำบลพระอินทราชา|0| |0| |4,439|5,046|9,485|6,939|
6812|14|จังหวัดพระนครศรีอยุธยา |1485|ท้องถิ่นเทศบาลเมืองบ้านสร้าง|0| |0| |5,405|6,258|11,663|7,616|
6812|14|จังหวัดพระนครศรีอยุธยา |1486|ท้องถิ่นเทศบาลตำบลบางปะอิน|0| |0| |3,098|3,206|6,304|2,216|
6812|14|จังหวัดพระนครศรีอยุธยา |1487|ท้องถิ่นเทศบาลตำบลบางปะหัน|0| |0| |2,379|2,691|5,070|2,294|
6812|14|จังหวัดพระนครศรีอยุธยา |1488|ท้องถิ่นเทศบาลตำบลมหาพราหมณ์|0| |0| |4,004|4,259|8,263|3,453|
6812|14|จังหวัดพระนครศรีอยุธยา |1489|ท้องถิ่นเทศบาลตำบลบางบาล|0| |0| |5,105|5,546|10,651|3,873|
6812|14|จังหวัดพระนครศรีอยุธยา |1490|ท้องถิ่นเทศบาลตำบลราชคราม|0| |0| |2,990|3,096|6,086|1,923|
6812|14|จังหวัดพระนครศรีอยุธยา |1491|ท้องถิ่นเทศบาลเมืองบางไทร|0| |0| |4,895|5,098|9,993|4,104|
6812|14|จังหวัดพระนครศรีอยุธยา |1492|ท้องถิ่นเทศบาลตำบลอรัญญิก|0| |0| |3,617|3,869|7,486|2,672|
6812|14|จังหวัดพระนครศรีอยุธยา |1493|ท้องถิ่นเทศบาลตำบลนครหลวง|0| |0| |3,173|3,494|6,667|3,100|
6812|14|จังหวัดพระนครศรีอยุธยา |1494|ท้องถิ่นเทศบาลตำบลท่าหลวง|0| |0| |3,745|4,182|7,927|4,199|
6812|14|จังหวัดพระนครศรีอยุธยา |1495|ท้องถิ่นเทศบาลเมืองอโยธยา|0| |0| |9,030|10,570|19,600|11,575|
6812|14|จังหวัดพระนครศรีอยุธยา |1496|ท้องถิ่นเทศบาลเมืองเจ้าเจ็ด|0| |0| |5,025|5,516|10,541|3,396|
6812|14|จังหวัดพระนครศรีอยุธยา |1497|ท้องถิ่นเทศบาลตำบลท่าเรือ|0| |0| |2,844|3,266|6,110|3,276|
6812|14|จังหวัดพระนครศรีอยุธยา |1498|ท้องถิ่นเทศบาลเมืองเสนา|0| |0| |1,603|1,794|3,397|1,598|
6812|14|จังหวัดพระนครศรีอยุธยา |1499|ท้องถิ่นเทศบาลนครพระนครศรีอยุธยา|0| |0| |22,090|24,338|46,428|20,811|
6812|15|จังหวัดอ่างทอง |0| |0| |0| |127,448|139,475|266,923|106,411|
6812|15|จังหวัดอ่างทอง |1501|อำเภอเมืองอ่างทอง|0| |0| |20,432|22,670|43,102|18,103|
6812|15|จังหวัดอ่างทอง |1502|อำเภอไชโย|0| |0| |3,377|3,592|6,969|2,562|
6812|15|จังหวัดอ่างทอง |1503|อำเภอป่าโมก|0| |0| |8,662|9,582|18,244|7,037|
6812|15|จังหวัดอ่างทอง |1504|อำเภอโพธิ์ทอง|0| |0| |20,281|22,344|42,625|15,660|
6812|15|จังหวัดอ่างทอง |1505|อำเภอแสวงหา|0| |0| |14,564|15,358|29,922|10,606|
6812|15|จังหวัดอ่างทอง |1506|อำเภอวิเศษชัยชาญ|0| |0| |23,713|25,644|49,357|19,187|
6812|15|จังหวัดอ่างทอง |1507|อำเภอสามโก้|0| |0| |3,957|4,191|8,148|2,975|
6812|15|จังหวัดอ่างทอง |1590|ท้องถิ่นเทศบาลตำบลสามโก้|0| |0| |4,945|5,445|10,390|3,784|
6812|15|จังหวัดอ่างทอง |1591|ท้องถิ่นเทศบาลตำบลวิเศษไชยชาญ|0| |0| |2,482|3,034|5,516|3,065|
6812|15|จังหวัดอ่างทอง |1592|ท้องถิ่นเทศบาลตำบลบางจัก|0| |0| |3,489|3,838|7,327|2,949|
6812|15|จังหวัดอ่างทอง |1593|ท้องถิ่นเทศบาลตำบลแสวงหา|0| |0| |1,466|1,585|3,051|1,302|
6812|15|จังหวัดอ่างทอง |1594|ท้องถิ่นเทศบาลตำบลรำมะสัก|0| |0| |1,931|2,133|4,064|1,549|
6812|15|จังหวัดอ่างทอง |1595|ท้องถิ่นเทศบาลตำบลโพธิ์ทอง|0| |0| |1,909|2,147|4,056|1,787|
6812|15|จังหวัดอ่างทอง |1596|ท้องถิ่นเทศบาลตำบลไชโย|0| |0| |5,847|6,282|12,129|4,397|
6812|15|จังหวัดอ่างทอง |1597|ท้องถิ่นเทศบาลตำบลเกษไชโย|0| |0| |1,293|1,377|2,670|1,056|
6812|15|จังหวัดอ่างทอง |1598|ท้องถิ่นเทศบาลตำบลป่าโมก|0| |0| |3,943|4,398|8,341|3,661|
6812|15|จังหวัดอ่างทอง |1599|ท้องถิ่นเทศบาลเมืองอ่างทอง|0| |0| |5,157|5,855|11,012|6,731|
6812|16|จังหวัดลพบุรี |0| |0| |0| |357,927|363,633|721,560|308,446|
6812|16|จังหวัดลพบุรี |1601|อำเภอเมืองลพบุรี|0| |0| |48,859|49,848|98,707|43,307|
6812|16|จังหวัดลพบุรี |1602|อำเภอพัฒนานิคม|0| |0| |27,222|28,234|55,456|25,348|
6812|16|จังหวัดลพบุรี |1603|อำเภอโคกสำโรง|0| |0| |36,785|37,769|74,554|30,305|
6812|16|จังหวัดลพบุรี |1604|อำเภอชัยบาดาล|0| |0| |35,860|36,871|72,731|29,683|
6812|16|จังหวัดลพบุรี |1605|อำเภอท่าวุ้ง|0| |0| |20,514|22,398|42,912|14,770|
6812|16|จังหวัดลพบุรี |1606|อำเภอบ้านหมี่|0| |0| |31,708|34,397|66,105|22,847|
6812|16|จังหวัดลพบุรี |1607|อำเภอท่าหลวง|0| |0| |12,670|13,027|25,697|9,042|
6812|16|จังหวัดลพบุรี |1608|อำเภอสระโบสถ์|0| |0| |6,975|6,864|13,839|5,577|
6812|16|จังหวัดลพบุรี |1609|อำเภอโคกเจริญ|0| |0| |12,025|12,071|24,096|8,325|
6812|16|จังหวัดลพบุรี |1610|อำเภอลำสนธิ|0| |0| |13,299|13,552|26,851|9,997|
6812|16|จังหวัดลพบุรี |1611|อำเภอหนองม่วง|0| |0| |13,405|13,873|27,278|10,577|
6812|16|จังหวัดลพบุรี |1681|ท้องถิ่นเทศบาลตำบลกกโก|0| |0| |5,242|6,177|11,419|6,310|
6812|16|จังหวัดลพบุรี |1682|ท้องถิ่นเทศบาลตำบลถนนใหญ่|0| |0| |5,810|5,079|10,889|5,040|
6812|16|จังหวัดลพบุรี |1683|ท้องถิ่นเทศบาลเมืองเขาสามยอด|0| |0| |15,316|12,879|28,195|13,290|
6812|16|จังหวัดลพบุรี |1684|ท้องถิ่นเทศบาลตำบลท่าศาลา|0| |0| |6,657|7,585|14,242|7,407|
6812|16|จังหวัดลพบุรี |1685|ท้องถิ่นเทศบาลตำบลดีลัง|0| |0| |3,848|4,168|8,016|4,007|
6812|16|จังหวัดลพบุรี |1686|ท้องถิ่นเทศบาลตำบลเขาพระงาม|0| |0| |14,276|8,510|22,786|12,122|
6812|16|จังหวัดลพบุรี |1688|ท้องถิ่นเทศบาลตำบลสระโบสถ์|0| |0| |3,319|3,566|6,885|3,273|
6812|16|จังหวัดลพบุรี |1689|ท้องถิ่นเทศบาลตำบลบ้านท่าหลวง|0| |0| |1,823|1,844|3,667|2,241|
6812|16|จังหวัดลพบุรี |1690|ท้องถิ่นเทศบาลตำบลท่าวุ้ง|0| |0| |980|1,047|2,027|929|
6812|16|จังหวัดลพบุรี |1691|ท้องถิ่นเทศบาลตำบลท่าโขลง|0| |0| |1,018|1,171|2,189|1,055|
6812|16|จังหวัดลพบุรี |1692|ท้องถิ่นเทศบาลตำบลลำนารายณ์|0| |0| |7,199|7,793|14,992|8,882|
6812|16|จังหวัดลพบุรี |1693|ท้องถิ่นเทศบาลตำบลหนองม่วง|0| |0| |2,229|2,410|4,639|2,189|
6812|16|จังหวัดลพบุรี |1694|ท้องถิ่นเทศบาลตำบลพัฒนานิคม|0| |0| |1,418|1,579|2,997|1,497|
6812|16|จังหวัดลพบุรี |1695|ท้องถิ่นเทศบาลตำบลแก่งเสือเต้น|0| |0| |1,366|1,424|2,790|1,166|
6812|16|จังหวัดลพบุรี |1696|ท้องถิ่นเทศบาลตำบลโคกตูม|0| |0| |14,905|15,300|30,205|12,592|
6812|16|จังหวัดลพบุรี |1697|ท้องถิ่นเทศบาลตำบลโคกสำโรง|0| |0| |2,576|2,797|5,373|2,440|
6812|16|จังหวัดลพบุรี |1698|ท้องถิ่นเทศบาลเมืองบ้านหมี่|0| |0| |1,380|1,516|2,896|1,348|
6812|16|จังหวัดลพบุรี |1699|ท้องถิ่นเทศบาลเมืองลพบุรี|0| |0| |9,243|9,884|19,127|12,880|
6812|17|จังหวัดสิงห์บุรี |0| |0| |0| |93,983|104,041|198,024|82,690|
6812|17|จังหวัดสิงห์บุรี |1701|อำเภอเมืองสิงห์บุรี|0| |0| |16,736|19,209|35,945|14,340|
6812|17|จังหวัดสิงห์บุรี |1702|อำเภอบางระจัน|0| |0| |9,100|9,738|18,838|7,457|
6812|17|จังหวัดสิงห์บุรี |1703|อำเภอค่ายบางระจัน|0| |0| |12,120|13,054|25,174|9,411|
6812|17|จังหวัดสิงห์บุรี |1704|อำเภอพรหมบุรี|0| |0| |7,475|8,336|15,811|6,218|
6812|17|จังหวัดสิงห์บุรี |1705|อำเภอท่าช้าง|0| |0| |2,462|2,775|5,237|1,947|
6812|17|จังหวัดสิงห์บุรี |1706|อำเภออินทร์บุรี|0| |0| |22,502|24,466|46,968|18,387|
6812|17|จังหวัดสิงห์บุรี |1793|ท้องถิ่นเทศบาลตำบลอินทร์บุรี|0| |0| |1,947|2,164|4,111|2,312|
6812|17|จังหวัดสิงห์บุรี |1794|ท้องถิ่นเทศบาลตำบลถอนสมอ|0| |0| |3,994|4,323|8,317|3,581|
6812|17|จังหวัดสิงห์บุรี |1795|ท้องถิ่นเทศบาลตำบลพรหมบุรี|0| |0| |1,463|1,571|3,034|1,348|
6812|17|จังหวัดสิงห์บุรี |1796|ท้องถิ่นเทศบาลตำบลบางน้ำเชี่ยว|0| |0| |1,534|1,696|3,230|1,434|
6812|17|จังหวัดสิงห์บุรี |1797|ท้องถิ่นเทศบาลตำบลโพสังโฆ|0| |0| |898|1,009|1,907|866|
6812|17|จังหวัดสิงห์บุรี |1798|ท้องถิ่นเทศบาลเมืองบางระจัน|0| |0| |6,228|7,033|13,261|5,869|
6812|17|จังหวัดสิงห์บุรี |1799|ท้องถิ่นเทศบาลเมืองสิงห์บุรี|0| |0| |7,524|8,667|16,191|9,520|
6812|18|จังหวัดชัยนาท |0| |0| |0| |149,462|162,212|311,674|134,321|
6812|18|จังหวัดชัยนาท |1801|อำเภอเมืองชัยนาท|0| |0| |10,999|11,697|22,696|9,229|
6812|18|จังหวัดชัยนาท |1802|อำเภอมโนรมย์|0| |0| |11,016|12,087|23,103|9,507|
6812|18|จังหวัดชัยนาท |1803|อำเภอวัดสิงห์|0| |0| |10,395|11,147|21,542|9,763|
6812|18|จังหวัดชัยนาท |1804|อำเภอสรรพยา|0| |0| |14,236|15,398|29,634|12,193|
6812|18|จังหวัดชัยนาท |1805|อำเภอสรรคบุรี|0| |0| |28,139|30,748|58,887|23,107|
6812|18|จังหวัดชัยนาท |1806|อำเภอหันคา|0| |0| |19,334|20,579|39,913|15,425|
6812|18|จังหวัดชัยนาท |1807|อำเภอหนองมะโมง|0| |0| |6,187|6,377|12,564|5,359|
6812|18|จังหวัดชัยนาท |1808|อำเภอเนินขาม|0| |0| |5,240|5,429|10,669|4,188|
6812|18|จังหวัดชัยนาท |1880|ท้องถิ่นเทศบาลตำบลบางหลวง|0| |0| |2,355|2,663|5,018|2,684|
6812|18|จังหวัดชัยนาท |1881|ท้องถิ่นเทศบาลตำบลนางลือ|0| |0| |3,451|3,856|7,307|2,675|
6812|18|จังหวัดชัยนาท |1882|ท้องถิ่นเทศบาลตำบลเสือโฮก|0| |0| |3,566|3,759|7,325|2,588|
6812|18|จังหวัดชัยนาท |1883|ท้องถิ่นเทศบาลตำบลหาดท่าเสา|0| |0| |2,356|2,522|4,878|1,899|
6812|18|จังหวัดชัยนาท |1884|ท้องถิ่นเทศบาลตำบลชัยนาท|0| |0| |3,493|4,221|7,714|2,817|
6812|18|จังหวัดชัยนาท |1885|ท้องถิ่นเทศบาลตำบลบ้านกล้วย|0| |0| |3,330|3,772|7,102|3,859|
6812|18|จังหวัดชัยนาท |1887|ท้องถิ่นเทศบาลตำบลหนองแซง|0| |0| |3,679|3,823|7,502|2,971|
6812|18|จังหวัดชัยนาท |1889|ท้องถิ่นเทศบาลตำบลวังตะเคียน|0| |0| |3,215|3,376|6,591|2,623|
6812|18|จังหวัดชัยนาท |1890|ท้องถิ่นเทศบาลตำบลเนินขาม|0| |0| |2,781|3,081|5,862|2,848|
6812|18|จังหวัดชัยนาท |1891|ท้องถิ่นเทศบาลตำบลหันคา|0| |0| |1,803|2,050|3,853|2,516|
6812|18|จังหวัดชัยนาท |1892|ท้องถิ่นเทศบาลตำบลสามง่ามท่าโบสถ์|0| |0| |592|631|1,223|492|
6812|18|จังหวัดชัยนาท |1893|ท้องถิ่นเทศบาลตำบลแพรกศรีราชา|0| |0| |1,106|1,259|2,365|1,411|
6812|18|จังหวัดชัยนาท |1894|ท้องถิ่นเทศบาลตำบลสรรพยา|0| |0| |1,409|1,500|2,909|1,402|
6812|18|จังหวัดชัยนาท |1895|ท้องถิ่นเทศบาลตำบลโพธิ์พิทักษ์|0| |0| |685|767|1,452|586|
6812|18|จังหวัดชัยนาท |1896|ท้องถิ่นเทศบาลตำบลหางน้ำสาคร|0| |0| |2,887|3,140|6,027|3,397|
6812|18|จังหวัดชัยนาท |1897|ท้องถิ่นเทศบาลตำบลคุ้งสำเภา|0| |0| |840|923|1,763|1,017|
6812|18|จังหวัดชัยนาท |1898|ท้องถิ่นเทศบาลตำบลวัดสิงห์|0| |0| |1,386|1,545|2,931|1,992|
6812|18|จังหวัดชัยนาท |1899|ท้องถิ่นเทศบาลเมืองชัยนาท|0| |0| |4,982|5,862|10,844|7,773|
6812|19|จังหวัดสระบุรี |0| |0| |0| |312,863|325,614|638,477|310,146|
6812|19|จังหวัดสระบุรี |1901|อำเภอเมืองสระบุรี|0| |0| |26,129|22,745|48,874|22,246|
6812|19|จังหวัดสระบุรี |1902|อำเภอแก่งคอย|0| |0| |34,844|35,900|70,744|34,115|
6812|19|จังหวัดสระบุรี |1903|อำเภอหนองแค|0| |0| |33,119|35,451|68,570|37,330|
6812|19|จังหวัดสระบุรี |1904|อำเภอวิหารแดง|0| |0| |16,213|17,013|33,226|13,222|
6812|19|จังหวัดสระบุรี |1905|อำเภอหนองแซง|0| |0| |6,149|6,836|12,985|4,905|
6812|19|จังหวัดสระบุรี |1906|อำเภอบ้านหมอ|0| |0| |15,074|16,190|31,264|13,263|
6812|19|จังหวัดสระบุรี |1907|อำเภอดอนพุด|0| |0| |968|1,048|2,016|691|
6812|19|จังหวัดสระบุรี |1908|อำเภอหนองโดน|0| |0| |5,513|5,845|11,358|4,878|
6812|19|จังหวัดสระบุรี |1909|อำเภอพระพุทธบาท|0| |0| |12,280|13,113|25,393|11,150|
6812|19|จังหวัดสระบุรี |1910|อำเภอเสาไห้|0| |0| |10,622|11,665|22,287|9,189|
6812|19|จังหวัดสระบุรี |1911|อำเภอมวกเหล็ก|0| |0| |25,217|25,041|50,258|23,670|
6812|19|จังหวัดสระบุรี |1912|อำเภอวังม่วง|0| |0| |5,644|5,910|11,554|4,909|
6812|19|จังหวัดสระบุรี |1913|อำเภอเฉลิมพระเกียรติ|0| |0| |14,929|15,835|30,764|14,099|
6812|19|จังหวัดสระบุรี |1974|ท้องถิ่นเทศบาลตำบลพุกร่าง|0| |0| |3,294|3,524|6,818|2,620|
6812|19|จังหวัดสระบุรี |1975|ท้องถิ่นเทศบาลตำบลคำพราน|0| |0| |2,096|2,158|4,254|2,303|
6812|19|จังหวัดสระบุรี |1976|ท้องถิ่นเทศบาลตำบลไผ่ต่ำ|0| |0| |2,100|2,159|4,259|2,506|
6812|19|จังหวัดสระบุรี |1977|ท้องถิ่นเทศบาลตำบลตะกุด|0| |0| |2,353|2,541|4,894|2,471|
6812|19|จังหวัดสระบุรี |1978|ท้องถิ่นเทศบาลตำบลกุดนกเปล้า|0| |0| |3,048|3,240|6,288|2,939|
6812|19|จังหวัดสระบุรี |1979|ท้องถิ่นเทศบาลตำบลหน้าพระลาน|0| |0| |3,657|3,654|7,311|3,422|
6812|19|จังหวัดสระบุรี |1980|ท้องถิ่นเทศบาลตำบลวังม่วง|0| |0| |2,078|2,209|4,287|2,749|
6812|19|จังหวัดสระบุรี |1981|ท้องถิ่นเทศบาลตำบลมวกเหล็ก|0| |0| |3,146|3,361|6,507|4,548|
6812|19|จังหวัดสระบุรี |1982|ท้องถิ่นเทศบาลตำบลเสาไห้|0| |0| |1,431|1,581|3,012|1,593|
6812|19|จังหวัดสระบุรี |1983|ท้องถิ่นเทศบาลตำบลสวนดอกไม้|0| |0| |3,800|4,236|8,036|4,541|
6812|19|จังหวัดสระบุรี |1984|ท้องถิ่นเทศบาลตำบลบ้านยาง|0| |0| |625|690|1,315|425|
6812|19|จังหวัดสระบุรี |1985|ท้องถิ่นเทศบาลตำบลหนองโดน|0| |0| |1,099|1,217|2,316|1,067|
6812|19|จังหวัดสระบุรี |1986|ท้องถิ่นเทศบาลตำบลดอนพุด|0| |0| |2,230|2,295|4,525|1,951|
6812|19|จังหวัดสระบุรี |1987|ท้องถิ่นเทศบาลตำบลบ้านหมอ|0| |0| |1,164|1,259|2,423|1,353|
6812|19|จังหวัดสระบุรี |1988|ท้องถิ่นเทศบาลตำบลท่าลาน|0| |0| |3,518|3,802|7,320|4,096|
6812|19|จังหวัดสระบุรี |1989|ท้องถิ่นเทศบาลตำบลหนองแซง|0| |0| |1,332|1,463|2,795|1,079|
6812|19|จังหวัดสระบุรี |1990|ท้องถิ่นเทศบาลตำบลหนองหมู|0| |0| |817|853|1,670|515|
6812|19|จังหวัดสระบุรี |1991|ท้องถิ่นเทศบาลตำบลวิหารแดง|0| |0| |1,778|1,969|3,747|2,028|
6812|19|จังหวัดสระบุรี |1992|ท้องถิ่นเทศบาลตำบลหินกอง|0| |0| |4,360|4,858|9,218|5,900|
6812|19|จังหวัดสระบุรี |1993|ท้องถิ่นเทศบาลตำบลคชสิทธิ์|0| |0| |613|696|1,309|704|
6812|19|จังหวัดสระบุรี |1994|ท้องถิ่นเทศบาลเมืองทับกวาง|0| |0| |10,238|10,289|20,527|10,711|
6812|19|จังหวัดสระบุรี |1995|ท้องถิ่นเทศบาลตำบลป๊อกแป๊ก|0| |0| |353|395|748|455|
6812|19|จังหวัดสระบุรี |1996|ท้องถิ่นเทศบาลเมืองพระพุทธบาท|0| |0| |12,652|14,621|27,273|13,959|
6812|19|จังหวัดสระบุรี |1997|ท้องถิ่นเทศบาลตำบลหนองแค|0| |0| |5,778|6,148|11,926|6,625|
6812|19|จังหวัดสระบุรี |1998|ท้องถิ่นเทศบาลเมืองแก่งคอย|0| |0| |4,887|5,316|10,203|6,422|
6812|19|จังหวัดสระบุรี |1999|ท้องถิ่นเทศบาลเมืองสระบุรี|0| |0| |27,715|28,488|56,203|29,497|
6812|20|จังหวัดชลบุรี |0| |0| |0| |798,596|847,389|1,645,985|1,194,372|
6812|20|จังหวัดชลบุรี |2001|อำเภอเมืองชลบุรี|0| |0| |23,002|24,684|47,686|30,783|
6812|20|จังหวัดชลบุรี |2002|อำเภอบ้านบึง|0| |0| |42,859|44,564|87,423|52,533|
6812|20|จังหวัดชลบุรี |2003|อำเภอหนองใหญ่|0| |0| |7,625|7,673|15,298|7,735|
6812|20|จังหวัดชลบุรี |2004|อำเภอบางละมุง|0| |0| |15,762|17,864|33,626|21,613|
6812|20|จังหวัดชลบุรี |2005|อำเภอพานทอง|0| |0| |26,275|27,471|53,746|48,381|
6812|20|จังหวัดชลบุรี |2006|อำเภอพนัสนิคม|0| |0| |50,197|53,314|103,511|42,223|
6812|20|จังหวัดชลบุรี |2007|อำเภอศรีราชา|0| |0| |29,530|30,229|59,759|53,225|
6812|20|จังหวัดชลบุรี |2009|อำเภอสัตหีบ|0| |0| |26,839|26,969|53,808|31,864|
6812|20|จังหวัดชลบุรี |2010|อำเภอบ่อทอง|0| |0| |15,617|15,410|31,027|11,772|
6812|20|จังหวัดชลบุรี |2011|อำเภอเกาะจันทร์|0| |0| |6,736|5,985|12,721|5,091|
6812|20|จังหวัดชลบุรี |2058|ท้องถิ่นเทศบาลตำบลบ่อกวางทอง|0| |0| |3,389|3,463|6,852|2,922|
6812|20|จังหวัดชลบุรี |2059|ท้องถิ่นเทศบาลเมืองปรกฟ้า|0| |0| |7,370|7,142|14,512|4,613|
6812|20|จังหวัดชลบุรี |2060|ท้องถิ่นเทศบาลตำบลเกล็ดแก้ว|0| |0| |7,192|6,025|13,217|7,032|
6812|20|จังหวัดชลบุรี |2061|ท้องถิ่นเทศบาลตำบลเขตรอุดมศักดิ์|0| |0| |33,703|22,276|55,979|28,997|
6812|20|จังหวัดชลบุรี |2063|ท้องถิ่นเทศบาลตำบลหมอนนาง|0| |0| |6,439|6,963|13,402|5,037|
6812|20|จังหวัดชลบุรี |2064|ท้องถิ่นเทศบาลตำบลตะเคียนเตี้ย|0| |0| |13,791|15,170|28,961|15,838|
6812|20|จังหวัดชลบุรี |2065|ท้องถิ่นเทศบาลตำบลเสม็ด|0| |0| |10,554|12,765|23,319|18,058|
6812|20|จังหวัดชลบุรี |2066|ท้องถิ่นเทศบาลเมืองดอนหัวฬ่อ|0| |0| |7,127|7,392|14,519|19,817|
6812|20|จังหวัดชลบุรี |2067|ท้องถิ่นเทศบาลตำบลห้วยกะปิ|0| |0| |8,411|9,703|18,114|12,524|
6812|20|จังหวัดชลบุรี |2068|ท้องถิ่นเทศบาลตำบลนาป่า|0| |0| |21,472|22,857|44,329|28,500|
6812|20|จังหวัดชลบุรี |2069|ท้องถิ่นเทศบาลตำบลหนองไม้แดง|0| |0| |6,960|6,604|13,564|11,708|
6812|20|จังหวัดชลบุรี |2070|ท้องถิ่นเทศบาลตำบลธาตุทอง|0| |0| |3,811|3,963|7,774|3,093|
6812|20|จังหวัดชลบุรี |2071|ท้องถิ่นเทศบาลตำบลโป่ง|0| |0| |5,989|6,606|12,595|7,934|
6812|20|จังหวัดชลบุรี |2072|ท้องถิ่นเทศบาลเมืองหนองปรือ|0| |0| |42,974|53,155|96,129|54,654|
6812|20|จังหวัดชลบุรี |2073|ท้องถิ่นเทศบาลตำบลท่าบุญมี|0| |0| |3,148|3,382|6,530|4,341|
6812|20|จังหวัดชลบุรี |2074|ท้องถิ่นเทศบาลตำบลเกาะจันทร์|0| |0| |4,373|1,851|6,224|2,282|
6812|20|จังหวัดชลบุรี |2075|ท้องถิ่นเทศบาลตำบลบ่อทอง|0| |0| |1,911|2,033|3,944|2,270|
6812|20|จังหวัดชลบุรี |2076|ท้องถิ่นเทศบาลเมืองสัตหีบ|0| |0| |9,771|11,000|20,771|12,323|
6812|20|จังหวัดชลบุรี |2077|ท้องถิ่นเทศบาลตำบลบางเสร่|0| |0| |5,371|6,448|11,819|9,878|
6812|20|จังหวัดชลบุรี |2078|ท้องถิ่นเทศบาลตำบลนาจอมเทียน|0| |0| |3,709|4,145|7,854|17,125|
6812|20|จังหวัดชลบุรี |2079|ท้องถิ่นเทศบาลตำบลเกาะสีชัง|0| |0| |2,351|2,430|4,781|2,331|
6812|20|จังหวัดชลบุรี |2080|ท้องถิ่นเทศบาลนครเจ้าพระยาสุรศักดิ์|0| |0| |78,737|83,485|162,222|115,030|
6812|20|จังหวัดชลบุรี |2081|ท้องถิ่นเทศบาลตำบลบางพระ|0| |0| |6,424|7,102|13,526|8,430|
6812|20|จังหวัดชลบุรี |2082|ท้องถิ่นเทศบาลตำบลหนองตำลึง|0| |0| |11,916|12,322|24,238|18,910|
6812|20|จังหวัดชลบุรี |2083|ท้องถิ่นเทศบาลตำบลพานทอง|0| |0| |3,164|3,385|6,549|3,946|
6812|20|จังหวัดชลบุรี |2084|ท้องถิ่นเทศบาลตำบลห้วยใหญ่|0| |0| |15,353|17,403|32,756|20,634|
6812|20|จังหวัดชลบุรี |2085|ท้องถิ่นเทศบาลตำบลบางละมุง|0| |0| |6,553|7,268|13,821|9,448|
6812|20|จังหวัดชลบุรี |2086|ท้องถิ่นเทศบาลตำบลหนองใหญ่|0| |0| |4,397|4,242|8,639|4,116|
6812|20|จังหวัดชลบุรี |2087|ท้องถิ่นเทศบาลตำบลหัวกุญแจ|0| |0| |1,611|1,811|3,422|2,257|
6812|20|จังหวัดชลบุรี |2088|ท้องถิ่นเทศบาลตำบลหนองไผ่แก้ว|0| |0| |1,075|1,179|2,254|1,682|
6812|20|จังหวัดชลบุรี |2089|ท้องถิ่นเทศบาลเมืองอ่างศิลา|0| |0| |17,330|20,419|37,749|23,485|
6812|20|จังหวัดชลบุรี |2090|ท้องถิ่นเทศบาลนครบ้านสวน|0| |0| |34,303|34,840|69,143|46,886|
6812|20|จังหวัดชลบุรี |2091|ท้องถิ่นเทศบาลตำบลบางทราย|0| |0| |6,095|4,804|10,899|7,527|
6812|20|จังหวัดชลบุรี |2092|ท้องถิ่นเทศบาลตำบลคลองตำหรุ|0| |0| |2,157|2,455|4,612|7,435|
6812|20|จังหวัดชลบุรี |2093|ท้องถิ่นเทศบาลนครแหลมฉบัง|0| |0| |46,080|47,971|94,051|87,473|
6812|20|จังหวัดชลบุรี |2094|ท้องถิ่นเทศบาลเมืองแสนสุข|0| |0| |21,516|24,926|46,442|42,490|
6812|20|จังหวัดชลบุรี |2095|ท้องถิ่นเทศบาลเมืองบ้านบึง|0| |0| |8,827|10,117|18,944|11,101|
6812|20|จังหวัดชลบุรี |2096|ท้องถิ่นเมืองพัทยา|0| |0| |52,861|63,239|116,100|180,400|
6812|20|จังหวัดชลบุรี |2097|ท้องถิ่นเทศบาลเมืองศรีราชา|0| |0| |11,160|14,090|25,250|8,981|
6812|20|จังหวัดชลบุรี |2098|ท้องถิ่นเทศบาลเมืองพนัสนิคม|0| |0| |4,361|5,177|9,538|5,123|
6812|20|จังหวัดชลบุรี |2099|ท้องถิ่นเทศบาลเมืองชลบุรี|0| |0| |10,418|11,618|22,036|12,521|
6812|21|จังหวัดระยอง |0| |0| |0| |386,293|403,437|789,730|594,435|
6812|21|จังหวัดระยอง |2101|อำเภอเมืองระยอง|0| |0| |51,240|53,441|104,681|71,429|
6812|21|จังหวัดระยอง |2102|อำเภอบ้านฉาง|0| |0| |5,670|5,500|11,170|5,655|
6812|21|จังหวัดระยอง |2103|อำเภอแกลง|0| |0| |32,481|35,071|67,552|33,867|
6812|21|จังหวัดระยอง |2104|อำเภอวังจันทร์|0| |0| |11,077|11,187|22,264|11,972|
6812|21|จังหวัดระยอง |2105|อำเภอบ้านค่าย|0| |0| |34,450|36,270|70,720|40,593|
6812|21|จังหวัดระยอง |2106|อำเภอปลวกแดง|0| |0| |43,812|43,024|86,836|122,643|
6812|21|จังหวัดระยอง |2107|อำเภอเขาชะเมา|0| |0| |11,694|11,900|23,594|11,833|
6812|21|จังหวัดระยอง |2108|อำเภอนิคมพัฒนา|0| |0| |13,832|13,905|27,737|24,835|
6812|21|จังหวัดระยอง |2177|ท้องถิ่นเทศบาลตำบลพลา|0| |0| |4,315|4,337|8,652|5,981|
6812|21|จังหวัดระยอง |2178|ท้องถิ่นเทศบาลตำบลเนินฆ้อ|0| |0| |2,222|2,362|4,584|2,115|
6812|21|จังหวัดระยอง |2179|ท้องถิ่นเทศบาลตำบลทับมา|0| |0| |13,006|13,348|26,354|18,873|
6812|21|จังหวัดระยอง |2180|ท้องถิ่นเทศบาลตำบลบ้านนา|0| |0| |4,221|4,433|8,654|3,709|
6812|21|จังหวัดระยอง |2181|ท้องถิ่นเทศบาลตำบลมาบข่าพัฒนา|0| |0| |6,211|6,283|12,494|9,234|
6812|21|จังหวัดระยอง |2182|ท้องถิ่นเทศบาลตำบลบ้านฉาง|0| |0| |8,418|8,857|17,275|10,386|
6812|21|จังหวัดระยอง |2183|ท้องถิ่นเทศบาลเมืองมะขามคู่|0| |0| |7,885|7,924|15,809|15,238|
6812|21|จังหวัดระยอง |2184|ท้องถิ่นเทศบาลเมืองนิคมพัฒนา|0| |0| |5,834|5,802|11,636|9,254|
6812|21|จังหวัดระยอง |2185|ท้องถิ่นเทศบาลตำบลบ้านปลวกแดง|0| |0| |2,620|2,962|5,582|4,672|
6812|21|จังหวัดระยอง |2186|ท้องถิ่นเทศบาลตำบลจอมพลเจ้าพระยา|0| |0| |197|180|377|624|
6812|21|จังหวัดระยอง |2187|ท้องถิ่นเทศบาลตำบลบ้านค่าย|0| |0| |1,599|1,746|3,345|2,209|
6812|21|จังหวัดระยอง |2188|ท้องถิ่นเทศบาลตำบลชุมแสง|0| |0| |1,827|1,895|3,722|2,546|
6812|21|จังหวัดระยอง |2189|ท้องถิ่นเทศบาลตำบลสุนทรภู่|0| |0| |7,169|7,985|15,154|10,783|
6812|21|จังหวัดระยอง |2190|ท้องถิ่นเทศบาลตำบลปากน้ำประแส|0| |0| |2,194|2,340|4,534|2,122|
6812|21|จังหวัดระยอง |2191|ท้องถิ่นเทศบาลตำบลทุ่งควายกิน|0| |0| |3,030|3,382|6,412|4,273|
6812|21|จังหวัดระยอง |2192|ท้องถิ่นเทศบาลตำบลกองดิน|0| |0| |2,309|2,382|4,691|1,954|
6812|21|จังหวัดระยอง |2193|ท้องถิ่นเทศบาลตำบลสำนักท้อน|0| |0| |5,570|5,754|11,324|6,499|
6812|21|จังหวัดระยอง |2194|ท้องถิ่นเทศบาลเมืองบ้านฉาง|0| |0| |15,561|16,639|32,200|22,479|
6812|21|จังหวัดระยอง |2195|ท้องถิ่นเทศบาลตำบลบ้านเพ|0| |0| |8,707|9,605|18,312|12,899|
6812|21|จังหวัดระยอง |2196|ท้องถิ่นเทศบาลตำบลแกลงกะเฉด|0| |0| |3,444|3,714|7,158|3,651|
6812|21|จังหวัดระยอง |2197|ท้องถิ่นเทศบาลนครมาบตาพุด|0| |0| |40,256|40,844|81,100|70,610|
6812|21|จังหวัดระยอง |2198|ท้องถิ่นเทศบาลตำบลเมืองแกลง|0| |0| |8,554|9,639|18,193|12,129|
6812|21|จังหวัดระยอง |2199|ท้องถิ่นเทศบาลนครระยอง|0| |0| |26,888|30,726|57,614|39,368|
6812|22|จังหวัดจันทบุรี |0| |0| |0| |261,002|274,561|535,563|265,747|
6812|22|จังหวัดจันทบุรี |2201|อำเภอเมืองจันทบุรี|0| |0| |23,216|25,869|49,085|25,153|
6812|22|จังหวัดจันทบุรี |2202|อำเภอขลุง|0| |0| |12,458|13,016|25,474|10,920|
6812|22|จังหวัดจันทบุรี |2203|อำเภอท่าใหม่|0| |0| |23,211|24,295|47,506|19,628|
6812|22|จังหวัดจันทบุรี |2204|อำเภอโป่งน้ำร้อน|0| |0| |11,039|10,554|21,593|9,339|
6812|22|จังหวัดจันทบุรี |2205|อำเภอมะขาม|0| |0| |15,320|15,953|31,273|14,687|
6812|22|จังหวัดจันทบุรี |2206|อำเภอแหลมสิงห์|0| |0| |6,706|7,062|13,768|5,584|
6812|22|จังหวัดจันทบุรี |2207|อำเภอสอยดาว|0| |0| |18,541|18,273|36,814|15,689|
6812|22|จังหวัดจันทบุรี |2208|อำเภอแก่งหางแมว|0| |0| |21,454|21,388|42,842|23,104|
6812|22|จังหวัดจันทบุรี |2209|อำเภอนายายอาม|0| |0| |14,848|15,930|30,778|12,970|
6812|22|จังหวัดจันทบุรี |2210|อำเภอเขาคิชฌกูฏ|0| |0| |6,324|6,546|12,870|5,936|
6812|22|จังหวัดจันทบุรี |2272|ท้องถิ่นเทศบาลตำบลเขาบายศรี|0| |0| |3,040|3,225|6,265|2,707|
6812|22|จังหวัดจันทบุรี |2273|ท้องถิ่นเทศบาลตำบลคลองใหญ่|0| |0| |2,684|2,703|5,387|2,214|
6812|22|จังหวัดจันทบุรี |2274|ท้องถิ่นเทศบาลตำบลหนองตาคง|0| |0| |5,178|4,979|10,157|4,234|
6812|22|จังหวัดจันทบุรี |2275|ท้องถิ่นเทศบาลตำบลตกพรม|0| |0| |1,996|2,159|4,155|1,726|
6812|22|จังหวัดจันทบุรี |2276|ท้องถิ่นเทศบาลตำบลเกวียนหัก|0| |0| |2,131|2,503|4,634|2,414|
6812|22|จังหวัดจันทบุรี |2277|ท้องถิ่นเทศบาลตำบลบ่อ|0| |0| |3,430|3,612|7,042|2,963|
6812|22|จังหวัดจันทบุรี |2278|ท้องถิ่นเทศบาลตำบลชากไทย|0| |0| |2,116|2,245|4,361|1,991|
6812|22|จังหวัดจันทบุรี |2279|ท้องถิ่นเทศบาลตำบลตะเคียนทอง|0| |0| |2,382|2,352|4,734|1,966|
6812|22|จังหวัดจันทบุรี |2280|ท้องถิ่นเทศบาลเมืองเกาะขวาง|0| |0| |8,676|9,696|18,372|9,190|
6812|22|จังหวัดจันทบุรี |2281|ท้องถิ่นเทศบาลตำบลบ่อเวฬุ|0| |0| |2,299|2,124|4,423|2,730|
6812|22|จังหวัดจันทบุรี |2282|ท้องถิ่นเทศบาลตำบลพลวง|0| |0| |3,569|3,754|7,323|4,401|
6812|22|จังหวัดจันทบุรี |2283|ท้องถิ่นเทศบาลตำบลทับช้าง|0| |0| |8,032|8,064|16,096|6,414|
6812|22|จังหวัดจันทบุรี |2284|ท้องถิ่นเทศบาลตำบลนายายอาม|0| |0| |1,592|1,799|3,391|2,057|
6812|22|จังหวัดจันทบุรี |2285|ท้องถิ่นเทศบาลตำบลสอยดาว|0| |0| |5,498|5,665|11,163|6,689|
6812|22|จังหวัดจันทบุรี |2286|ท้องถิ่นเทศบาลตำบลพลิ้ว|0| |0| |3,174|3,653|6,827|3,289|
6812|22|จังหวัดจันทบุรี |2287|ท้องถิ่นเทศบาลตำบลปากน้ำแหลมสิงห์|0| |0| |4,076|4,329|8,405|3,576|
6812|22|จังหวัดจันทบุรี |2288|ท้องถิ่นเทศบาลตำบลมะขาม|0| |0| |762|875|1,637|1,042|
6812|22|จังหวัดจันทบุรี |2289|ท้องถิ่นเทศบาลตำบลโป่งน้ำร้อน|0| |0| |5,139|4,306|9,445|4,545|
6812|22|จังหวัดจันทบุรี |2290|ท้องถิ่นเทศบาลตำบลหนองคล้า|0| |0| |1,720|1,946|3,666|2,277|
6812|22|จังหวัดจันทบุรี |2291|ท้องถิ่นเทศบาลตำบลเนินสูง|0| |0| |1,463|1,562|3,025|1,801|
6812|22|จังหวัดจันทบุรี |2292|ท้องถิ่นเทศบาลตำบลหนองบัว|0| |0| |992|1,138|2,130|995|
6812|22|จังหวัดจันทบุรี |2293|ท้องถิ่นเทศบาลตำบลพลับพลานารายณ์|0| |0| |4,885|5,491|10,376|6,995|
6812|22|จังหวัดจันทบุรี |2294|ท้องถิ่นเทศบาลตำบลบางกะจะ|0| |0| |2,490|2,680|5,170|2,435|
6812|22|จังหวัดจันทบุรี |2295|ท้องถิ่นเทศบาลเมืองท่าช้าง|0| |0| |6,452|7,555|14,007|11,622|
6812|22|จังหวัดจันทบุรี |2296|ท้องถิ่นเทศบาลเมืองจันทนิมิต|0| |0| |5,266|6,010|11,276|8,044|
6812|22|จังหวัดจันทบุรี |2297|ท้องถิ่นเทศบาลเมืองขลุง|0| |0| |4,604|5,262|9,866|4,365|
6812|22|จังหวัดจันทบุรี |2298|ท้องถิ่นเทศบาลเมืองท่าใหม่|0| |0| |4,572|5,227|9,799|4,877|
6812|22|จังหวัดจันทบุรี |2299|ท้องถิ่นเทศบาลเมืองจันทบุรี|0| |0| |9,667|10,761|20,428|15,178|
6812|23|จังหวัดตราด |0| |0| |0| |111,274|114,317|225,591|115,767|
6812|23|จังหวัดตราด |2301|อำเภอเมืองตราด|0| |0| |35,963|38,689|74,652|38,143|
6812|23|จังหวัดตราด |2302|อำเภอคลองใหญ่|0| |0| |7,261|6,949|14,210|5,714|
6812|23|จังหวัดตราด |2303|อำเภอเขาสมิง|0| |0| |19,815|20,104|39,919|18,925|
6812|23|จังหวัดตราด |2304|อำเภอบ่อไร่|0| |0| |9,474|9,060|18,534|7,967|
6812|23|จังหวัดตราด |2305|อำเภอแหลมงอบ|0| |0| |7,234|7,012|14,246|6,230|
6812|23|จังหวัดตราด |2306|อำเภอเกาะกูด|0| |0| |1,548|1,430|2,978|2,327|
6812|23|จังหวัดตราด |2307|อำเภอเกาะช้าง|0| |0| |4,334|4,417|8,751|6,491|
6812|23|จังหวัดตราด |2389|ท้องถิ่นเทศบาลตำบลตะกาง|0| |0| |1,243|1,342|2,585|1,434|
6812|23|จังหวัดตราด |2390|ท้องถิ่นเทศบาลตำบลหนองบอน|0| |0| |3,620|3,528|7,148|4,026|
6812|23|จังหวัดตราด |2391|ท้องถิ่นเทศบาลตำบลแหลมงอบ|0| |0| |837|843|1,680|776|
6812|23|จังหวัดตราด |2392|ท้องถิ่นเทศบาลตำบลน้ำเชี่ยว|0| |0| |1,474|1,596|3,070|1,363|
6812|23|จังหวัดตราด |2393|ท้องถิ่นเทศบาลตำบลบ่อพลอย|0| |0| |4,176|4,245|8,421|5,888|
6812|23|จังหวัดตราด |2394|ท้องถิ่นเทศบาลตำบลแสนตุ้ง|0| |0| |1,495|1,580|3,075|2,453|
6812|23|จังหวัดตราด |2395|ท้องถิ่นเทศบาลตำบลเขาสมิง|0| |0| |729|710|1,439|623|
6812|23|จังหวัดตราด |2396|ท้องถิ่นเทศบาลตำบลหาดเล็ก|0| |0| |2,652|2,541|5,193|2,090|
6812|23|จังหวัดตราด |2397|ท้องถิ่นเทศบาลตำบลคลองใหญ่|0| |0| |2,520|2,610|5,130|2,462|
6812|23|จังหวัดตราด |2398|ท้องถิ่นเทศบาลตำบลท่าพริกเนินทราย|0| |0| |3,091|3,408|6,499|3,256|
6812|23|จังหวัดตราด |2399|ท้องถิ่นเทศบาลเมืองตราด|0| |0| |3,808|4,253|8,061|5,599|
6812|24|จังหวัดฉะเชิงเทรา |0| |0| |0| |358,444|374,956|733,400|351,277|
6812|24|จังหวัดฉะเชิงเทรา |2401|อำเภอเมืองฉะเชิงเทรา|0| |0| |61,605|65,477|127,082|57,327|
6812|24|จังหวัดฉะเชิงเทรา |2402|อำเภอบางคล้า|0| |0| |14,614|15,701|30,315|13,566|
6812|24|จังหวัดฉะเชิงเทรา |2403|อำเภอบางน้ำเปรี้ยว|0| |0| |36,645|37,311|73,956|24,441|
6812|24|จังหวัดฉะเชิงเทรา |2404|อำเภอบางปะกง|0| |0| |29,488|30,596|60,084|30,213|
6812|24|จังหวัดฉะเชิงเทรา |2405|อำเภอบ้านโพธิ์|0| |0| |22,763|24,636|47,399|23,976|
6812|24|จังหวัดฉะเชิงเทรา |2406|อำเภอพนมสารคาม|0| |0| |28,541|30,544|59,085|27,502|
6812|24|จังหวัดฉะเชิงเทรา |2407|อำเภอราชสาส์น|0| |0| |6,144|6,367|12,511|5,167|
6812|24|จังหวัดฉะเชิงเทรา |2408|อำเภอสนามชัยเขต|0| |0| |35,570|35,515|71,085|24,773|
6812|24|จังหวัดฉะเชิงเทรา |2409|อำเภอแปลงยาว|0| |0| |12,216|12,019|24,235|14,805|
6812|24|จังหวัดฉะเชิงเทรา |2410|อำเภอท่าตะเกียบ|0| |0| |23,452|23,063|46,515|18,360|
6812|24|จังหวัดฉะเชิงเทรา |2411|อำเภอคลองเขื่อน|0| |0| |5,997|6,261|12,258|4,857|
6812|24|จังหวัดฉะเชิงเทรา |2474|ท้องถิ่นเทศบาลตำบลบางวัวคณารักษ์|0| |0| |5,595|6,084|11,679|9,839|
6812|24|จังหวัดฉะเชิงเทรา |2475|ท้องถิ่นเทศบาลตำบลพิมพา|0| |0| |1,864|1,995|3,859|4,581|
6812|24|จังหวัดฉะเชิงเทรา |2476|ท้องถิ่นเทศบาลตำบลวังเย็น|0| |0| |4,994|5,065|10,059|3,976|
6812|24|จังหวัดฉะเชิงเทรา |2477|ท้องถิ่นเทศบาลตำบลดอนเกาะกา|0| |0| |4,357|4,241|8,598|2,553|
6812|24|จังหวัดฉะเชิงเทรา |2478|ท้องถิ่นเทศบาลตำบลหัวสำโรง|0| |0| |3,385|3,540|6,925|4,317|
6812|24|จังหวัดฉะเชิงเทรา |2479|ท้องถิ่นเทศบาลตำบลแปลงยาว|0| |0| |3,091|3,219|6,310|3,908|
6812|24|จังหวัดฉะเชิงเทรา |2480|ท้องถิ่นเทศบาลตำบลทุ่งสะเดา|0| |0| |2,947|2,772|5,719|4,838|
6812|24|จังหวัดฉะเชิงเทรา |2481|ท้องถิ่นเทศบาลตำบลสนามชัยเขต|0| |0| |1,987|2,234|4,221|3,089|
6812|24|จังหวัดฉะเชิงเทรา |2482|ท้องถิ่นเทศบาลตำบลพนมสารคาม|0| |0| |2,777|3,288|6,065|4,323|
6812|24|จังหวัดฉะเชิงเทรา |2483|ท้องถิ่นเทศบาลตำบลเขาหินซ้อน|0| |0| |8,080|8,340|16,420|8,132|
6812|24|จังหวัดฉะเชิงเทรา |2484|ท้องถิ่นเทศบาลตำบลเกาะขนุน|0| |0| |958|1,064|2,022|1,161|
6812|24|จังหวัดฉะเชิงเทรา |2485|ท้องถิ่นเทศบาลตำบลบ้านโพธิ์|0| |0| |1,373|1,476|2,849|1,471|
6812|24|จังหวัดฉะเชิงเทรา |2486|ท้องถิ่นเทศบาลตำบลเทพราช|0| |0| |1,934|2,076|4,010|1,322|
6812|24|จังหวัดฉะเชิงเทรา |2487|ท้องถิ่นเทศบาลตำบลบางวัว|0| |0| |1,130|1,270|2,400|2,036|
6812|24|จังหวัดฉะเชิงเทรา |2488|ท้องถิ่นเทศบาลตำบลบางปะกง|0| |0| |2,789|3,058|5,847|2,973|
6812|24|จังหวัดฉะเชิงเทรา |2489|ท้องถิ่นเทศบาลตำบลหอมศีล|0| |0| |607|646|1,253|330|
6812|24|จังหวัดฉะเชิงเทรา |2490|ท้องถิ่นเทศบาลตำบลท่าสะอ้าน|0| |0| |1,917|2,055|3,972|2,871|
6812|24|จังหวัดฉะเชิงเทรา |2491|ท้องถิ่นเทศบาลตำบลท่าข้าม|0| |0| |3,570|3,802|7,372|9,699|
6812|24|จังหวัดฉะเชิงเทรา |2492|ท้องถิ่นเทศบาลตำบลศาลาแดง|0| |0| |697|757|1,454|577|
6812|24|จังหวัดฉะเชิงเทรา |2493|ท้องถิ่นเทศบาลตำบลบางน้ำเปรี้ยว|0| |0| |1,087|1,133|2,220|1,241|
6812|24|จังหวัดฉะเชิงเทรา |2494|ท้องถิ่นเทศบาลตำบลบางขนาก|0| |0| |1,049|1,022|2,071|837|
6812|24|จังหวัดฉะเชิงเทรา |2495|ท้องถิ่นเทศบาลตำบลดอนฉิมพลี|0| |0| |751|757|1,508|743|
6812|24|จังหวัดฉะเชิงเทรา |2496|ท้องถิ่นเทศบาลตำบลปากน้ำ|0| |0| |2,560|2,826|5,386|2,845|
6812|24|จังหวัดฉะเชิงเทรา |2497|ท้องถิ่นเทศบาลตำบลนครเนื่องเขต|0| |0| |608|715|1,323|507|
6812|24|จังหวัดฉะเชิงเทรา |2498|ท้องถิ่นเทศบาลตำบลบางคล้า|0| |0| |4,431|5,214|9,645|5,103|
6812|24|จังหวัดฉะเชิงเทรา |2499|ท้องถิ่นเทศบาลเมืองฉะเชิงเทรา|0| |0| |16,871|18,817|35,688|23,018|
6812|25|จังหวัดปราจีนบุรี |0| |0| |0| |247,521|254,433|501,954|246,663|
6812|25|จังหวัดปราจีนบุรี |2501|อำเภอเมืองปราจีนบุรี|0| |0| |45,408|42,768|88,176|38,493|
6812|25|จังหวัดปราจีนบุรี |2502|อำเภอกบินทร์บุรี|0| |0| |59,694|61,625|121,319|48,939|
6812|25|จังหวัดปราจีนบุรี |2503|อำเภอนาดี|0| |0| |22,022|22,306|44,328|19,463|
6812|25|จังหวัดปราจีนบุรี |2506|อำเภอบ้านสร้าง|0| |0| |13,322|13,871|27,193|10,000|
6812|25|จังหวัดปราจีนบุรี |2507|อำเภอประจันตคาม|0| |0| |24,232|25,481|49,713|18,863|
6812|25|จังหวัดปราจีนบุรี |2508|อำเภอศรีมหาโพธิ|0| |0| |39,806|42,023|81,829|61,951|
6812|25|จังหวัดปราจีนบุรี |2509|อำเภอศรีมโหสถ|0| |0| |6,642|6,896|13,538|7,132|
6812|25|จังหวัดปราจีนบุรี |2586|ท้องถิ่นเทศบาลเมืองหนองกี่|0| |0| |7,759|8,235|15,994|9,173|
6812|25|จังหวัดปราจีนบุรี |2587|ท้องถิ่นเทศบาลตำบลโคกมะกอก|0| |0| |1,052|1,163|2,215|894|
6812|25|จังหวัดปราจีนบุรี |2588|ท้องถิ่นเทศบาลตำบลโคกปีบ|0| |0| |2,669|2,926|5,595|2,431|
6812|25|จังหวัดปราจีนบุรี |2589|ท้องถิ่นเทศบาลตำบลศรีมหาโพธิ|0| |0| |1,707|1,833|3,540|2,603|
6812|25|จังหวัดปราจีนบุรี |2590|ท้องถิ่นเทศบาลตำบลกรอกสมบูรณ์|0| |0| |1,759|1,816|3,575|1,359|
6812|25|จังหวัดปราจีนบุรี |2591|ท้องถิ่นเทศบาลตำบลประจันตคาม|0| |0| |1,989|2,203|4,192|2,448|
6812|25|จังหวัดปราจีนบุรี |2592|ท้องถิ่นเทศบาลตำบลบ้านสร้าง|0| |0| |1,570|1,634|3,204|1,741|
6812|25|จังหวัดปราจีนบุรี |2593|ท้องถิ่นเทศบาลตำบลนาดี|0| |0| |3,879|4,057|7,936|3,516|
6812|25|จังหวัดปราจีนบุรี |2594|ท้องถิ่นเทศบาลตำบลสระบัว|0| |0| |865|898|1,763|670|
6812|25|จังหวัดปราจีนบุรี |2595|ท้องถิ่นเทศบาลตำบลเมืองเก่า|0| |0| |3,238|3,371|6,609|4,681|
6812|25|จังหวัดปราจีนบุรี |2596|ท้องถิ่นเทศบาลตำบลบ้านนาปรือ|0| |0| |1,097|1,124|2,221|849|
6812|25|จังหวัดปราจีนบุรี |2598|ท้องถิ่นเทศบาลตำบลกบินทร์|0| |0| |1,610|1,819|3,429|2,230|
6812|25|จังหวัดปราจีนบุรี |2599|ท้องถิ่นเทศบาลเมืองปราจีนบุรี|0| |0| |7,201|8,384|15,585|9,227|
6812|26|จังหวัดนครนายก |0| |0| |0| |128,262|131,421|259,683|113,187|
6812|26|จังหวัดนครนายก |2601|อำเภอเมืองนครนายก|0| |0| |42,623|42,637|85,260|38,767|
6812|26|จังหวัดนครนายก |2602|อำเภอปากพลี|0| |0| |10,718|11,350|22,068|9,360|
6812|26|จังหวัดนครนายก |2603|อำเภอบ้านนา|0| |0| |32,034|32,148|64,182|26,425|
6812|26|จังหวัดนครนายก |2604|อำเภอองครักษ์|0| |0| |31,053|32,147|63,200|24,447|
6812|26|จังหวัดนครนายก |2695|ท้องถิ่นเทศบาลตำบลองครักษ์|0| |0| |1,212|1,332|2,544|1,399|
6812|26|จังหวัดนครนายก |2696|ท้องถิ่นเทศบาลตำบลบ้านนา|0| |0| |2,114|2,400|4,514|2,635|
6812|26|จังหวัดนครนายก |2697|ท้องถิ่นเทศบาลตำบลเกาะหวาย|0| |0| |796|879|1,675|773|
6812|26|จังหวัดนครนายก |2698|ท้องถิ่นเทศบาลตำบลท่าช้าง|0| |0| |489|506|995|318|
6812|26|จังหวัดนครนายก |2699|ท้องถิ่นเทศบาลเมืองนครนายก|0| |0| |7,223|8,022|15,245|9,063|
6812|27|จังหวัดสระแก้ว |0| |0| |0| |279,611|281,236|560,847|237,085|
6812|27|จังหวัดสระแก้ว |2701|อำเภอเมืองสระแก้ว|0| |0| |43,628|42,997|86,625|31,986|
6812|27|จังหวัดสระแก้ว |2702|อำเภอคลองหาด|0| |0| |19,495|19,480|38,975|14,636|
6812|27|จังหวัดสระแก้ว |2703|อำเภอตาพระยา|0| |0| |27,398|27,315|54,713|17,629|
6812|27|จังหวัดสระแก้ว |2704|อำเภอวังน้ำเย็น|0| |0| |20,114|20,048|40,162|15,873|
6812|27|จังหวัดสระแก้ว |2705|อำเภอวัฒนานคร|0| |0| |38,497|38,126|76,623|29,191|
6812|27|จังหวัดสระแก้ว |2706|อำเภออรัญประเทศ|0| |0| |37,172|38,756|75,928|40,205|
6812|27|จังหวัดสระแก้ว |2707|อำเภอเขาฉกรรจ์|0| |0| |25,274|25,460|50,734|17,420|
6812|27|จังหวัดสระแก้ว |2708|อำเภอโคกสูง|0| |0| |13,410|13,726|27,136|9,026|
6812|27|จังหวัดสระแก้ว |2709|อำเภอวังสมบูรณ์|0| |0| |12,584|12,484|25,068|11,034|
6812|27|จังหวัดสระแก้ว |2791|ท้องถิ่นเทศบาลตำบลวังสมบูรณ์|0| |0| |5,156|5,315|10,471|5,392|
6812|27|จังหวัดสระแก้ว |2792|ท้องถิ่นเทศบาลตำบลเขาฉกรรจ์|0| |0| |2,273|2,393|4,666|2,506|
6812|27|จังหวัดสระแก้ว |2793|ท้องถิ่นเทศบาลตำบลวัฒนานคร|0| |0| |2,455|2,927|5,382|3,171|
6812|27|จังหวัดสระแก้ว |2794|ท้องถิ่นเทศบาลเมืองวังน้ำเย็น|0| |0| |9,769|10,304|20,073|10,429|
6812|27|จังหวัดสระแก้ว |2795|ท้องถิ่นเทศบาลตำบลตาพระยา|0| |0| |1,221|1,242|2,463|1,212|
6812|27|จังหวัดสระแก้ว |2796|ท้องถิ่นเทศบาลตำบลศาลาลำดวน|0| |0| |1,290|1,373|2,663|1,262|
6812|27|จังหวัดสระแก้ว |2797|ท้องถิ่นเทศบาลตำบลท่าเกษม|0| |0| |2,199|1,875|4,074|1,759|
6812|27|จังหวัดสระแก้ว |2798|ท้องถิ่นเทศบาลเมืองอรัญญประเทศ|0| |0| |8,964|7,850|16,814|11,969|
6812|27|จังหวัดสระแก้ว |2799|ท้องถิ่นเทศบาลเมืองสระแก้ว|0| |0| |8,712|9,565|18,277|12,385|
6812|30|จังหวัดนครราชสีมา |0| |0| |0| |1,278,348|1,335,084|2,613,432|1,094,756|
6812|30|จังหวัดนครราชสีมา |3001|อำเภอเมืองนครราชสีมา|0| |0| |109,197|121,998|231,195|118,606|
6812|30|จังหวัดนครราชสีมา |3002|อำเภอครบุรี|0| |0| |39,457|40,604|80,061|32,380|
6812|30|จังหวัดนครราชสีมา |3003|อำเภอเสิงสาง|0| |0| |27,984|28,509|56,493|18,354|
6812|30|จังหวัดนครราชสีมา |3004|อำเภอคง|0| |0| |35,963|37,027|72,990|22,935|
6812|30|จังหวัดนครราชสีมา |3005|อำเภอบ้านเหลื่อม|0| |0| |8,350|8,612|16,962|5,452|
6812|30|จังหวัดนครราชสีมา |3006|อำเภอจักราช|0| |0| |33,334|33,903|67,237|20,418|
6812|30|จังหวัดนครราชสีมา |3007|อำเภอโชคชัย|0| |0| |24,410|26,203|50,613|20,858|
6812|30|จังหวัดนครราชสีมา |3008|อำเภอด่านขุนทด|0| |0| |53,541|55,286|108,827|37,126|
6812|30|จังหวัดนครราชสีมา |3009|อำเภอโนนไทย|0| |0| |26,292|27,645|53,937|18,201|
6812|30|จังหวัดนครราชสีมา |3010|อำเภอโนนสูง|0| |0| |40,831|42,592|83,423|26,982|
6812|30|จังหวัดนครราชสีมา |3011|อำเภอขามสะแกแสง|0| |0| |16,392|16,584|32,976|10,690|
6812|30|จังหวัดนครราชสีมา |3012|อำเภอบัวใหญ่|0| |0| |33,059|33,207|66,266|20,510|
6812|30|จังหวัดนครราชสีมา |3013|อำเภอประทาย|0| |0| |34,486|35,279|69,765|20,976|
6812|30|จังหวัดนครราชสีมา |3014|อำเภอปักธงชัย|0| |0| |44,528|47,001|91,529|34,625|
6812|30|จังหวัดนครราชสีมา |3015|อำเภอพิมาย|0| |0| |57,846|60,131|117,977|41,815|
6812|30|จังหวัดนครราชสีมา |3016|อำเภอห้วยแถลง|0| |0| |34,697|34,793|69,490|20,969|
6812|30|จังหวัดนครราชสีมา |3017|อำเภอชุมพวง|0| |0| |36,045|36,719|72,764|21,496|
6812|30|จังหวัดนครราชสีมา |3018|อำเภอสูงเนิน|0| |0| |35,476|37,372|72,848|32,252|
6812|30|จังหวัดนครราชสีมา |3019|อำเภอขามทะเลสอ|0| |0| |12,815|13,386|26,201|9,472|
6812|30|จังหวัดนครราชสีมา |3020|อำเภอสีคิ้ว|0| |0| |42,905|43,653|86,558|34,561|
6812|30|จังหวัดนครราชสีมา |3021|อำเภอปากช่อง|0| |0| |63,331|64,866|128,197|75,800|
6812|30|จังหวัดนครราชสีมา |3022|อำเภอหนองบุญมาก|0| |0| |29,830|30,610|60,440|19,857|
6812|30|จังหวัดนครราชสีมา |3023|อำเภอแก้งสนามนาง|0| |0| |17,624|18,155|35,779|11,323|
6812|30|จังหวัดนครราชสีมา |3024|อำเภอโนนแดง|0| |0| |10,019|10,379|20,398|6,083|
6812|30|จังหวัดนครราชสีมา |3025|อำเภอวังน้ำเขียว|0| |0| |21,948|22,409|44,357|21,434|
6812|30|จังหวัดนครราชสีมา |3026|อำเภอเทพารักษ์|0| |0| |12,751|12,590|25,341|9,147|
6812|30|จังหวัดนครราชสีมา |3027|อำเภอเมืองยาง|0| |0| |9,679|9,586|19,265|5,842|
6812|30|จังหวัดนครราชสีมา |3028|อำเภอพระทองคำ|0| |0| |18,171|18,427|36,598|13,114|
6812|30|จังหวัดนครราชสีมา |3029|อำเภอลำทะเมนชัย|0| |0| |13,706|13,956|27,662|8,010|
6812|30|จังหวัดนครราชสีมา |3030|อำเภอบัวลาย|0| |0| |10,436|10,649|21,085|6,842|
6812|30|จังหวัดนครราชสีมา |3031|อำเภอสีดา|0| |0| |9,736|9,888|19,624|6,387|
6812|30|จังหวัดนครราชสีมา |3032|อำเภอเฉลิมพระเกียรติ|0| |0| |15,110|15,876|30,986|10,121|
6812|30|จังหวัดนครราชสีมา |3035|ท้องถิ่นเทศบาลตำบลเมืองใหม่โคกกรวด|0| |0| |7,910|8,567|16,477|8,438|
6812|30|จังหวัดนครราชสีมา |3037|ท้องถิ่นเทศบาลตำบลเมืองยาง|0| |0| |3,942|4,027|7,969|2,496|
6812|30|จังหวัดนครราชสีมา |3038|ท้องถิ่นเทศบาลตำบลหนองน้ำใส|0| |0| |6,600|6,678|13,278|5,451|
6812|30|จังหวัดนครราชสีมา |3039|ท้องถิ่นเทศบาลตำบลด่านคล้า|0| |0| |4,148|4,300|8,448|2,781|
6812|30|จังหวัดนครราชสีมา |3040|ท้องถิ่นเทศบาลตำบลใหม่|0| |0| |6,415|6,501|12,916|3,826|
6812|30|จังหวัดนครราชสีมา |3041|ท้องถิ่นเทศบาลตำบลหนองบัวตะเกียด|0| |0| |4,260|4,495|8,755|2,899|
6812|30|จังหวัดนครราชสีมา |3042|ท้องถิ่นเทศบาลตำบลบัลลังก์|0| |0| |3,756|3,834|7,590|2,592|
6812|30|จังหวัดนครราชสีมา |3043|ท้องถิ่นเทศบาลตำบลหนองไข่น้ำ|0| |0| |3,079|3,080|6,159|2,018|
6812|30|จังหวัดนครราชสีมา |3044|ท้องถิ่นเทศบาลตำบลท่าเยี่ยม|0| |0| |5,617|5,819|11,436|5,915|
6812|30|จังหวัดนครราชสีมา |3045|ท้องถิ่นเทศบาลตำบลสีมามงคล|0| |0| |4,573|4,688|9,261|4,736|
6812|30|จังหวัดนครราชสีมา |3046|ท้องถิ่นเทศบาลตำบลลำนางแก้ว|0| |0| |2,329|2,375|4,704|1,515|
6812|30|จังหวัดนครราชสีมา |3047|ท้องถิ่นเทศบาลตำบลดอนหวาย|0| |0| |1,752|1,911|3,663|1,386|
6812|30|จังหวัดนครราชสีมา |3048|ท้องถิ่นเทศบาลตำบลหมูสี|0| |0| |6,618|6,806|13,424|12,734|
6812|30|จังหวัดนครราชสีมา |3049|ท้องถิ่นเทศบาลตำบลโพธิ์กลาง|0| |0| |14,698|14,539|29,237|14,280|
6812|30|จังหวัดนครราชสีมา |3050|ท้องถิ่นเทศบาลตำบลหัวทะเล|0| |0| |13,255|14,837|28,092|15,002|
6812|30|จังหวัดนครราชสีมา |3051|ท้องถิ่นเทศบาลตำบลวังไทร|0| |0| |5,607|5,832|11,439|6,203|
6812|30|จังหวัดนครราชสีมา |3052|ท้องถิ่นเทศบาลตำบลปรุใหญ่|0| |0| |4,598|5,097|9,695|5,557|
6812|30|จังหวัดนครราชสีมา |3053|ท้องถิ่นเทศบาลตำบลหนองไผ่ล้อม|0| |0| |9,798|3,940|13,738|11,306|
6812|30|จังหวัดนครราชสีมา |3054|ท้องถิ่นเทศบาลตำบลท่าช้าง|0| |0| |2,399|2,589|4,988|2,227|
6812|30|จังหวัดนครราชสีมา |3055|ท้องถิ่นเทศบาลตำบลสีดา|0| |0| |1,739|1,824|3,563|1,584|
6812|30|จังหวัดนครราชสีมา |3056|ท้องถิ่นเทศบาลตำบลหนองบัวลาย|0| |0| |1,134|1,183|2,317|899|
6812|30|จังหวัดนครราชสีมา |3057|ท้องถิ่นเทศบาลตำบลหนองบัววง|0| |0| |2,245|2,318|4,563|1,980|
6812|30|จังหวัดนครราชสีมา |3058|ท้องถิ่นเทศบาลตำบลพระทองคำ|0| |0| |1,914|2,034|3,948|1,710|
6812|30|จังหวัดนครราชสีมา |3059|ท้องถิ่นเทศบาลตำบลศาลเจ้าพ่อ|0| |0| |885|988|1,873|998|
6812|30|จังหวัดนครราชสีมา |3060|ท้องถิ่นเทศบาลตำบลโนนแดง|0| |0| |2,024|2,163|4,187|1,697|
6812|30|จังหวัดนครราชสีมา |3061|ท้องถิ่นเทศบาลตำบลกลางดง|0| |0| |2,378|2,490|4,868|2,825|
6812|30|จังหวัดนครราชสีมา |3062|ท้องถิ่นเทศบาลเมืองสีคิ้ว|0| |0| |7,421|8,398|15,819|9,906|
6812|30|จังหวัดนครราชสีมา |3063|ท้องถิ่นเทศบาลตำบลลาดบัวขาว|0| |0| |1,902|2,081|3,983|2,356|
6812|30|จังหวัดนครราชสีมา |3064|ท้องถิ่นเทศบาลตำบลคลองไผ่|0| |0| |1,945|1,628|3,573|1,781|
6812|30|จังหวัดนครราชสีมา |3065|ท้องถิ่นเทศบาลตำบลขามทะเลสอ|0| |0| |2,092|2,277|4,369|2,440|
6812|30|จังหวัดนครราชสีมา |3066|ท้องถิ่นเทศบาลตำบลสูงเนิน|0| |0| |4,513|5,038|9,551|6,543|
6812|30|จังหวัดนครราชสีมา |3067|ท้องถิ่นเทศบาลตำบลกุดจิก|0| |0| |1,273|1,431|2,704|1,606|
6812|30|จังหวัดนครราชสีมา |3068|ท้องถิ่นเทศบาลตำบลชุมพวง|0| |0| |4,104|4,384|8,488|3,993|
6812|30|จังหวัดนครราชสีมา |3069|ท้องถิ่นเทศบาลตำบลหินดาด|0| |0| |1,355|1,367|2,722|838|
6812|30|จังหวัดนครราชสีมา |3070|ท้องถิ่นเทศบาลตำบลห้วยแถลง|0| |0| |1,403|1,581|2,984|1,746|
6812|30|จังหวัดนครราชสีมา |3071|ท้องถิ่นเทศบาลตำบลพิมาย|0| |0| |3,396|4,009|7,405|2,953|
6812|30|จังหวัดนครราชสีมา |3072|ท้องถิ่นเทศบาลเมืองเมืองปัก|0| |0| |6,151|7,067|13,218|7,297|
6812|30|จังหวัดนครราชสีมา |3073|ท้องถิ่นเทศบาลตำบลตะขบ|0| |0| |2,519|2,599|5,118|2,031|
6812|30|จังหวัดนครราชสีมา |3074|ท้องถิ่นเทศบาลตำบลประทาย|0| |0| |2,861|3,005|5,866|3,266|
6812|30|จังหวัดนครราชสีมา |3075|ท้องถิ่นเทศบาลตำบลหนองหัวฟาน|0| |0| |2,206|2,194|4,400|1,546|
6812|30|จังหวัดนครราชสีมา |3076|ท้องถิ่นเทศบาลตำบลขามสะแกแสง|0| |0| |2,365|2,565|4,930|2,000|
6812|30|จังหวัดนครราชสีมา |3077|ท้องถิ่นเทศบาลตำบลมะค่า|0| |0| |927|931|1,858|634|
6812|30|จังหวัดนครราชสีมา |3078|ท้องถิ่นเทศบาลตำบลตลาดแค|0| |0| |1,491|1,677|3,168|1,394|
6812|30|จังหวัดนครราชสีมา |3079|ท้องถิ่นเทศบาลตำบลโนนไทย|0| |0| |1,351|1,575|2,926|1,423|
6812|30|จังหวัดนครราชสีมา |3080|ท้องถิ่นเทศบาลตำบลโคกสวาย|0| |0| |2,459|2,611|5,070|1,900|
6812|30|จังหวัดนครราชสีมา |3081|ท้องถิ่นเทศบาลตำบลหนองกราด|0| |0| |1,906|2,081|3,987|1,416|
6812|30|จังหวัดนครราชสีมา |3082|ท้องถิ่นเทศบาลตำบลด่านขุนทด|0| |0| |2,728|3,189|5,917|4,188|
6812|30|จังหวัดนครราชสีมา |3083|ท้องถิ่นเทศบาลตำบลด่านเกวียน|0| |0| |4,790|5,104|9,894|4,695|
6812|30|จังหวัดนครราชสีมา |3084|ท้องถิ่นเทศบาลตำบลโชคชัย|0| |0| |5,830|6,509|12,339|5,751|
6812|30|จังหวัดนครราชสีมา |3085|ท้องถิ่นเทศบาลตำบลจักราช|0| |0| |1,738|1,918|3,656|1,727|
6812|30|จังหวัดนครราชสีมา |3086|ท้องถิ่นเทศบาลตำบลบ้านเหลื่อม|0| |0| |1,548|1,780|3,328|1,306|
6812|30|จังหวัดนครราชสีมา |3087|ท้องถิ่นเทศบาลตำบลเมืองคง|0| |0| |1,018|1,128|2,146|1,026|
6812|30|จังหวัดนครราชสีมา |3088|ท้องถิ่นเทศบาลตำบลเทพาลัย|0| |0| |1,302|1,361|2,663|925|
6812|30|จังหวัดนครราชสีมา |3089|ท้องถิ่นเทศบาลตำบลเสิงสาง|0| |0| |3,566|3,838|7,404|3,385|
6812|30|จังหวัดนครราชสีมา |3090|ท้องถิ่นเทศบาลตำบลโนนสมบูรณ์|0| |0| |2,768|2,868|5,636|1,876|
6812|30|จังหวัดนครราชสีมา |3091|ท้องถิ่นเทศบาลตำบลไทรโยง-ไชยวาล|0| |0| |1,794|1,860|3,654|1,219|
6812|30|จังหวัดนครราชสีมา |3092|ท้องถิ่นเทศบาลตำบลแชะ|0| |0| |2,589|2,984|5,573|3,126|
6812|30|จังหวัดนครราชสีมา |3093|ท้องถิ่นเทศบาลตำบลจระเข้หิน|0| |0| |2,835|3,159|5,994|2,534|
6812|30|จังหวัดนครราชสีมา |3094|ท้องถิ่นเทศบาลตำบลจอหอ|0| |0| |8,615|8,791|17,406|10,595|
6812|30|จังหวัดนครราชสีมา |3095|ท้องถิ่นเทศบาลตำบลโคกกรวด|0| |0| |3,179|3,682|6,861|4,825|
6812|30|จังหวัดนครราชสีมา |3096|ท้องถิ่นเทศบาลตำบลโนนสูง|0| |0| |4,443|4,792|9,235|4,254|
6812|30|จังหวัดนครราชสีมา |3097|ท้องถิ่นเทศบาลเมืองบัวใหญ่|0| |0| |6,113|6,722|12,835|7,454|
6812|30|จังหวัดนครราชสีมา |3098|ท้องถิ่นเทศบาลเมืองปากช่อง|0| |0| |14,832|16,847|31,679|19,599|
6812|30|จังหวัดนครราชสีมา |3099|ท้องถิ่นเทศบาลนครนครราชสีมา|0| |0| |51,398|59,243|110,641|73,509|
6812|31|จังหวัดบุรีรัมย์ |0| |0| |0| |771,659|788,620|1,560,279|510,228|
6812|31|จังหวัดบุรีรัมย์ |3101|อำเภอเมืองบุรีรัมย์|0| |0| |83,662|86,340|170,002|54,439|
6812|31|จังหวัดบุรีรัมย์ |3102|อำเภอคูเมือง|0| |0| |29,168|29,149|58,317|17,173|
6812|31|จังหวัดบุรีรัมย์ |3103|อำเภอกระสัง|0| |0| |49,542|50,825|100,367|27,804|
6812|31|จังหวัดบุรีรัมย์ |3104|อำเภอนางรอง|0| |0| |45,391|46,996|92,387|28,193|
6812|31|จังหวัดบุรีรัมย์ |3105|อำเภอหนองกี่|0| |0| |28,528|28,348|56,876|16,330|
6812|31|จังหวัดบุรีรัมย์ |3106|อำเภอละหานทราย|0| |0| |9,673|9,681|19,354|6,176|
6812|31|จังหวัดบุรีรัมย์ |3107|อำเภอประโคนชัย|0| |0| |57,632|58,596|116,228|35,347|
6812|31|จังหวัดบุรีรัมย์ |3108|อำเภอบ้านกรวด|0| |0| |20,227|20,385|40,612|12,127|
6812|31|จังหวัดบุรีรัมย์ |3109|อำเภอพุทไธสง|0| |0| |19,798|20,865|40,663|13,011|
6812|31|จังหวัดบุรีรัมย์ |3110|อำเภอลำปลายมาศ|0| |0| |53,657|53,945|107,602|31,037|
6812|31|จังหวัดบุรีรัมย์ |3111|อำเภอสตึก|0| |0| |48,518|48,913|97,431|28,694|
6812|31|จังหวัดบุรีรัมย์ |3112|อำเภอปะคำ|0| |0| |18,932|18,826|37,758|12,384|
6812|31|จังหวัดบุรีรัมย์ |3113|อำเภอนาโพธิ์|0| |0| |13,649|14,102|27,751|8,368|
6812|31|จังหวัดบุรีรัมย์ |3114|อำเภอหนองหงส์|0| |0| |17,550|17,471|35,021|9,890|
6812|31|จังหวัดบุรีรัมย์ |3115|อำเภอพลับพลาชัย|0| |0| |13,977|13,692|27,669|7,701|
6812|31|จังหวัดบุรีรัมย์ |3116|อำเภอห้วยราช|0| |0| |16,010|16,306|32,316|8,796|
6812|31|จังหวัดบุรีรัมย์ |3117|อำเภอโนนสุวรรณ|0| |0| |10,824|10,907|21,731|6,790|
6812|31|จังหวัดบุรีรัมย์ |3118|อำเภอชำนิ|0| |0| |17,389|17,553|34,942|9,684|
6812|31|จังหวัดบุรีรัมย์ |3119|อำเภอบ้านใหม่ไชยพจน์|0| |0| |10,558|10,925|21,483|6,457|
6812|31|จังหวัดบุรีรัมย์ |3120|อำเภอโนนดินแดง|0| |0| |9,278|9,284|18,562|6,062|
6812|31|จังหวัดบุรีรัมย์ |3121|อำเภอบ้านด่าน|0| |0| |9,113|9,457|18,570|4,886|
6812|31|จังหวัดบุรีรัมย์ |3122|อำเภอแคนดง|0| |0| |13,207|13,400|26,607|7,746|
6812|31|จังหวัดบุรีรัมย์ |3123|อำเภอเฉลิมพระเกียรติ|0| |0| |5,967|6,032|11,999|3,750|
6812|31|จังหวัดบุรีรัมย์ |3162|ท้องถิ่นเทศบาลตำบลจันดุม|0| |0| |5,127|5,259|10,386|3,096|
6812|31|จังหวัดบุรีรัมย์ |3163|ท้องถิ่นเทศบาลตำบลห้วยหิน|0| |0| |4,816|4,892|9,708|2,857|
6812|31|จังหวัดบุรีรัมย์ |3164|ท้องถิ่นเทศบาลตำบลสำโรงใหม่|0| |0| |6,282|6,279|12,561|3,946|
6812|31|จังหวัดบุรีรัมย์ |3165|ท้องถิ่นเทศบาลตำบลจันทบเพชร|0| |0| |3,901|3,960|7,861|2,592|
6812|31|จังหวัดบุรีรัมย์ |3166|ท้องถิ่นเทศบาลตำบลหนองแวง|0| |0| |8,381|8,352|16,733|4,482|
6812|31|จังหวัดบุรีรัมย์ |3167|ท้องถิ่นเทศบาลตำบลหนองไม้งาม|0| |0| |5,030|5,040|10,070|3,080|
6812|31|จังหวัดบุรีรัมย์ |3168|ท้องถิ่นเทศบาลตำบลบ้านกรวดปัญญาวัฒน์|0| |0| |4,689|4,701|9,390|2,901|
6812|31|จังหวัดบุรีรัมย์ |3169|ท้องถิ่นเทศบาลตำบลบ้านด่าน|0| |0| |5,827|6,035|11,862|3,531|
6812|31|จังหวัดบุรีรัมย์ |3170|ท้องถิ่นเทศบาลตำบลถาวร|0| |0| |3,743|3,821|7,564|2,291|
6812|31|จังหวัดบุรีรัมย์ |3171|ท้องถิ่นเทศบาลตำบลยายแย้มวัฒนา|0| |0| |4,303|4,266|8,569|2,466|
6812|31|จังหวัดบุรีรัมย์ |3174|ท้องถิ่นเทศบาลตำบลศาลเจ้าพ่อขุนศรี|0| |0| |1,685|1,706|3,391|1,391|
6812|31|จังหวัดบุรีรัมย์ |3175|ท้องถิ่นเทศบาลตำบลตาจง|0| |0| |8,281|8,232|16,513|4,532|
6812|31|จังหวัดบุรีรัมย์ |3176|ท้องถิ่นเทศบาลตำบลพนมรุ้ง|0| |0| |5,499|5,935|11,434|4,094|
6812|31|จังหวัดบุรีรัมย์ |3177|ท้องถิ่นเทศบาลตำบลแคนดง|0| |0| |2,645|2,725|5,370|2,089|
6812|31|จังหวัดบุรีรัมย์ |3178|ท้องถิ่นเทศบาลตำบลโนนดินแดง|0| |0| |4,456|4,612|9,068|3,758|
6812|31|จังหวัดบุรีรัมย์ |3179|ท้องถิ่นเทศบาลตำบลบ้านใหม่ไชยพจน์|0| |0| |2,044|2,145|4,189|1,505|
6812|31|จังหวัดบุรีรัมย์ |3180|ท้องถิ่นเทศบาลตำบลโนนสุวรรณ|0| |0| |1,551|1,641|3,192|1,132|
6812|31|จังหวัดบุรีรัมย์ |3181|ท้องถิ่นเทศบาลตำบลห้วยราช|0| |0| |2,440|2,547|4,987|1,505|
6812|31|จังหวัดบุรีรัมย์ |3182|ท้องถิ่นเทศบาลตำบลพลับพลาชัย|0| |0| |3,313|3,298|6,611|2,106|
6812|31|จังหวัดบุรีรัมย์ |3183|ท้องถิ่นเทศบาลตำบลหนองหงส์|0| |0| |2,314|2,344|4,658|1,865|
6812|31|จังหวัดบุรีรัมย์ |3184|ท้องถิ่นเทศบาลตำบลนาโพธิ์|0| |0| |1,696|1,894|3,590|1,768|
6812|31|จังหวัดบุรีรัมย์ |3185|ท้องถิ่นเทศบาลตำบลปะคำ|0| |0| |3,460|3,584|7,044|3,012|
6812|31|จังหวัดบุรีรัมย์ |3186|ท้องถิ่นเทศบาลตำบลสตึก|0| |0| |5,078|5,502|10,580|5,876|
6812|31|จังหวัดบุรีรัมย์ |3187|ท้องถิ่นเทศบาลเมืองลำปลายมาศ|0| |0| |8,619|9,385|18,004|8,393|
6812|31|จังหวัดบุรีรัมย์ |3188|ท้องถิ่นเทศบาลตำบลทะเมนชัย|0| |0| |2,064|2,118|4,182|1,302|
6812|31|จังหวัดบุรีรัมย์ |3189|ท้องถิ่นเทศบาลตำบลพุทไธสง|0| |0| |1,886|2,086|3,972|2,348|
6812|31|จังหวัดบุรีรัมย์ |3190|ท้องถิ่นเทศบาลตำบลบ้านกรวด|0| |0| |1,812|1,936|3,748|2,059|
6812|31|จังหวัดบุรีรัมย์ |3191|ท้องถิ่นเทศบาลตำบลตลาดนิคมปราสาท|0| |0| |2,359|2,392|4,751|1,884|
6812|31|จังหวัดบุรีรัมย์ |3192|ท้องถิ่นเทศบาลเมืองประโคนชัย|0| |0| |8,128|8,644|16,772|8,170|
6812|31|จังหวัดบุรีรัมย์ |3193|ท้องถิ่นเทศบาลตำบลละหานทราย|0| |0| |4,053|4,087|8,140|3,497|
6812|31|จังหวัดบุรีรัมย์ |3194|ท้องถิ่นเทศบาลตำบลหนองกี่|0| |0| |4,466|4,903|9,369|4,329|
6812|31|จังหวัดบุรีรัมย์ |3195|ท้องถิ่นเทศบาลตำบลกระสัง|0| |0| |1,509|1,711|3,220|1,888|
6812|31|จังหวัดบุรีรัมย์ |3196|ท้องถิ่นเทศบาลตำบลหินเหล็กไฟ|0| |0| |2,373|2,493|4,866|1,925|
6812|31|จังหวัดบุรีรัมย์ |3197|ท้องถิ่นเทศบาลตำบลคูเมือง|0| |0| |1,778|1,801|3,579|2,111|
6812|31|จังหวัดบุรีรัมย์ |3198|ท้องถิ่นเทศบาลเมืองนางรอง|0| |0| |9,309|10,585|19,894|11,861|
6812|31|จังหวัดบุรีรัมย์ |3199|ท้องถิ่นเทศบาลนครบุรีรัมย์|0| |0| |24,492|25,711|50,203|31,741|
6812|32|จังหวัดสุรินทร์ |0| |0| |0| |671,798|682,679|1,354,477|430,692|
6812|32|จังหวัดสุรินทร์ |3201|อำเภอเมืองสุรินทร์|0| |0| |106,650|109,785|216,435|81,646|
6812|32|จังหวัดสุรินทร์ |3202|อำเภอชุมพลบุรี|0| |0| |33,616|33,721|67,337|19,732|
6812|32|จังหวัดสุรินทร์ |3203|อำเภอท่าตูม|0| |0| |44,804|44,796|89,600|24,689|
6812|32|จังหวัดสุรินทร์ |3204|อำเภอจอมพระ|0| |0| |26,749|26,735|53,484|14,668|
6812|32|จังหวัดสุรินทร์ |3205|อำเภอปราสาท|0| |0| |70,209|72,320|142,529|44,760|
6812|32|จังหวัดสุรินทร์ |3206|อำเภอกาบเชิง|0| |0| |29,746|29,624|59,370|20,196|
6812|32|จังหวัดสุรินทร์ |3207|อำเภอรัตนบุรี|0| |0| |42,527|42,956|85,483|24,351|
6812|32|จังหวัดสุรินทร์ |3208|อำเภอสนม|0| |0| |18,828|18,658|37,486|11,303|
6812|32|จังหวัดสุรินทร์ |3209|อำเภอศีขรภูมิ|0| |0| |63,410|64,423|127,833|34,122|
6812|32|จังหวัดสุรินทร์ |3210|อำเภอสังขะ|0| |0| |63,126|62,846|125,972|36,792|
6812|32|จังหวัดสุรินทร์ |3211|อำเภอลำดวน|0| |0| |13,217|13,266|26,483|7,415|
6812|32|จังหวัดสุรินทร์ |3212|อำเภอสำโรงทาบ|0| |0| |24,669|24,703|49,372|12,344|
6812|32|จังหวัดสุรินทร์ |3213|อำเภอบัวเชด|0| |0| |17,682|17,141|34,823|10,394|
6812|32|จังหวัดสุรินทร์ |3214|อำเภอพนมดงรัก|0| |0| |18,853|18,548|37,401|12,805|
6812|32|จังหวัดสุรินทร์ |3215|อำเภอศรีณรงค์|0| |0| |23,220|22,989|46,209|12,222|
6812|32|จังหวัดสุรินทร์ |3216|อำเภอเขวาสินรินทร์|0| |0| |16,466|16,958|33,424|10,525|
6812|32|จังหวัดสุรินทร์ |3217|อำเภอโนนนารายณ์|0| |0| |17,047|17,243|34,290|9,155|
6812|32|จังหวัดสุรินทร์ |3286|ท้องถิ่นเทศบาลตำบลบัวเชด|0| |0| |3,136|3,280|6,416|2,530|
6812|32|จังหวัดสุรินทร์ |3287|ท้องถิ่นเทศบาลตำบลสำโรงทาบ|0| |0| |1,140|1,133|2,273|1,333|
6812|32|จังหวัดสุรินทร์ |3288|ท้องถิ่นเทศบาลตำบลลำดวนสุรพินท์|0| |0| |1,992|2,230|4,222|1,964|
6812|32|จังหวัดสุรินทร์ |3289|ท้องถิ่นเทศบาลตำบลสังขะ|0| |0| |1,595|1,905|3,500|2,441|
6812|32|จังหวัดสุรินทร์ |3290|ท้องถิ่นเทศบาลตำบลศีขรภูมิ|0| |0| |2,205|2,365|4,570|2,971|
6812|32|จังหวัดสุรินทร์ |3291|ท้องถิ่นเทศบาลตำบลสนม|0| |0| |2,319|2,504|4,823|1,715|
6812|32|จังหวัดสุรินทร์ |3292|ท้องถิ่นเทศบาลตำบลรัตนบุรี|0| |0| |2,453|2,671|5,124|2,857|
6812|32|จังหวัดสุรินทร์ |3293|ท้องถิ่นเทศบาลตำบลนิคมปราสาท|0| |0| |1,316|1,305|2,621|920|
6812|32|จังหวัดสุรินทร์ |3294|ท้องถิ่นเทศบาลตำบลกังแอน|0| |0| |2,549|2,934|5,483|3,570|
6812|32|จังหวัดสุรินทร์ |3295|ท้องถิ่นเทศบาลตำบลจอมพระ|0| |0| |1,862|2,091|3,953|2,067|
6812|32|จังหวัดสุรินทร์ |3296|ท้องถิ่นเทศบาลตำบลท่าตูม|0| |0| |1,834|1,964|3,798|1,864|
6812|32|จังหวัดสุรินทร์ |3297|ท้องถิ่นเทศบาลตำบลชุมพลบุรี|0| |0| |1,053|1,154|2,207|1,152|
6812|32|จังหวัดสุรินทร์ |3298|ท้องถิ่นเทศบาลตำบลเมืองที|0| |0| |950|913|1,863|595|
6812|32|จังหวัดสุรินทร์ |3299|ท้องถิ่นเทศบาลเมืองสุรินทร์|0| |0| |16,575|19,518|36,093|17,594|
6812|33|จังหวัดศรีสะเกษ |0| |0| |0| |714,181|722,560|1,436,741|425,296|
6812|33|จังหวัดศรีสะเกษ |3301|อำเภอเมืองศรีสะเกษ|0| |0| |42,585|44,343|86,928|29,049|
6812|33|จังหวัดศรีสะเกษ |3302|อำเภอยางชุมน้อย|0| |0| |14,463|14,426|28,889|7,934|
6812|33|จังหวัดศรีสะเกษ |3303|อำเภอกันทรารมย์|0| |0| |45,844|46,267|92,111|25,828|
6812|33|จังหวัดศรีสะเกษ |3304|อำเภอกันทรลักษ์|0| |0| |91,619|91,449|183,068|54,079|
6812|33|จังหวัดศรีสะเกษ |3305|อำเภอขุขันธ์|0| |0| |71,300|72,191|143,491|37,030|
6812|33|จังหวัดศรีสะเกษ |3306|อำเภอไพรบึง|0| |0| |17,731|18,035|35,766|9,506|
6812|33|จังหวัดศรีสะเกษ |3307|อำเภอปรางค์กู่|0| |0| |30,905|31,392|62,297|15,871|
6812|33|จังหวัดศรีสะเกษ |3308|อำเภอขุนหาญ|0| |0| |33,964|34,456|68,420|18,994|
6812|33|จังหวัดศรีสะเกษ |3309|อำเภอราษีไศล|0| |0| |36,856|37,332|74,188|21,212|
6812|33|จังหวัดศรีสะเกษ |3310|อำเภออุทุมพรพิสัย|0| |0| |49,717|50,501|100,218|27,881|
6812|33|จังหวัดศรีสะเกษ |3311|อำเภอบึงบูรพ์|0| |0| |2,159|2,146|4,305|1,144|
6812|33|จังหวัดศรีสะเกษ |3312|อำเภอห้วยทับทัน|0| |0| |19,279|19,179|38,458|9,427|
6812|33|จังหวัดศรีสะเกษ |3313|อำเภอโนนคูณ|0| |0| |19,732|19,406|39,138|12,698|
6812|33|จังหวัดศรีสะเกษ |3314|อำเภอศรีรัตนะ|0| |0| |23,887|24,144|48,031|11,949|
6812|33|จังหวัดศรีสะเกษ |3315|อำเภอน้ำเกลี้ยง|0| |0| |22,304|21,768|44,072|11,840|
6812|33|จังหวัดศรีสะเกษ |3316|อำเภอวังหิน|0| |0| |20,107|19,976|40,083|9,995|
6812|33|จังหวัดศรีสะเกษ |3317|อำเภอภูสิงห์|0| |0| |27,411|27,074|54,485|16,800|
6812|33|จังหวัดศรีสะเกษ |3318|อำเภอเมืองจันทร์|0| |0| |8,844|8,694|17,538|4,709|
6812|33|จังหวัดศรีสะเกษ |3319|อำเภอเบญจลักษ์|0| |0| |17,970|17,731|35,701|9,877|
6812|33|จังหวัดศรีสะเกษ |3320|อำเภอพยุห์|0| |0| |15,086|15,410|30,496|8,635|
6812|33|จังหวัดศรีสะเกษ |3321|อำเภอโพธิ์ศรีสุวรรณ|0| |0| |11,649|11,645|23,294|6,021|
6812|33|จังหวัดศรีสะเกษ |3322|อำเภอศิลาลาด|0| |0| |9,715|9,654|19,369|5,655|
6812|33|จังหวัดศรีสะเกษ |3381|ท้องถิ่นเทศบาลตำบลบุสูง|0| |0| |5,136|5,020|10,156|2,886|
6812|33|จังหวัดศรีสะเกษ |3382|ท้องถิ่นเทศบาลตำบลกันทรอม|0| |0| |4,547|4,369|8,916|2,401|
6812|33|จังหวัดศรีสะเกษ |3383|ท้องถิ่นเทศบาลตำบลกระหวัน|0| |0| |4,275|4,422|8,697|2,306|
6812|33|จังหวัดศรีสะเกษ |3384|ท้องถิ่นเทศบาลตำบลน้ำคำ|0| |0| |5,128|5,329|10,457|3,202|
6812|33|จังหวัดศรีสะเกษ |3385|ท้องถิ่นเทศบาลตำบลโพธิ์กระสังข์|0| |0| |4,535|4,497|9,032|2,127|
6812|33|จังหวัดศรีสะเกษ |3386|ท้องถิ่นเทศบาลตำบลพยุห์|0| |0| |1,902|1,945|3,847|1,576|
6812|33|จังหวัดศรีสะเกษ |3387|ท้องถิ่นเทศบาลตำบลศรีรัตนะ|0| |0| |2,247|2,340|4,587|1,523|
6812|33|จังหวัดศรีสะเกษ |3388|ท้องถิ่นเทศบาลตำบลห้วยทับทัน|0| |0| |1,655|1,599|3,254|1,126|
6812|33|จังหวัดศรีสะเกษ |3389|ท้องถิ่นเทศบาลตำบลบึงบูรพ์|0| |0| |2,896|3,039|5,935|1,934|
6812|33|จังหวัดศรีสะเกษ |3390|ท้องถิ่นเทศบาลตำบลกำแพง|0| |0| |1,151|1,287|2,438|1,362|
6812|33|จังหวัดศรีสะเกษ |3391|ท้องถิ่นเทศบาลตำบลเมืองคง|0| |0| |1,821|1,934|3,755|2,172|
6812|33|จังหวัดศรีสะเกษ |3392|ท้องถิ่นเทศบาลตำบลขุนหาญ|0| |0| |5,212|5,336|10,548|3,994|
6812|33|จังหวัดศรีสะเกษ |3393|ท้องถิ่นเทศบาลตำบลปรางค์กู่|0| |0| |1,358|1,400|2,758|1,394|
6812|33|จังหวัดศรีสะเกษ |3394|ท้องถิ่นเทศบาลตำบลไพรบึง|0| |0| |5,356|5,387|10,743|3,113|
6812|33|จังหวัดศรีสะเกษ |3395|ท้องถิ่นเทศบาลตำบลเมืองขุขันธ์|0| |0| |1,983|2,083|4,066|2,216|
6812|33|จังหวัดศรีสะเกษ |3396|ท้องถิ่นเทศบาลเมืองกันทรลักษ์|0| |0| |7,983|8,764|16,747|7,939|
6812|33|จังหวัดศรีสะเกษ |3397|ท้องถิ่นเทศบาลตำบลกันทรารมย์|0| |0| |2,792|3,072|5,864|3,377|
6812|33|จังหวัดศรีสะเกษ |3398|ท้องถิ่นเทศบาลตำบลยางชุมน้อย|0| |0| |2,994|3,161|6,155|2,559|
6812|33|จังหวัดศรีสะเกษ |3399|ท้องถิ่นเทศบาลเมืองศรีสะเกษ|0| |0| |18,083|20,357|38,440|21,955|
6812|34|จังหวัดอุบลราชธานี |0| |0| |0| |927,678|937,823|1,865,501|668,687|
6812|34|จังหวัดอุบลราชธานี |3401|อำเภอเมืองอุบลราชธานี|0| |0| |48,320|50,185|98,505|39,617|
6812|34|จังหวัดอุบลราชธานี |3402|อำเภอศรีเมืองใหม่|0| |0| |33,521|33,067|66,588|20,411|
6812|34|จังหวัดอุบลราชธานี |3403|อำเภอโขงเจียม|0| |0| |18,350|18,023|36,373|10,996|
6812|34|จังหวัดอุบลราชธานี |3404|อำเภอเขื่องใน|0| |0| |49,549|50,682|100,231|29,497|
6812|34|จังหวัดอุบลราชธานี |3405|อำเภอเขมราฐ|0| |0| |16,048|16,107|32,155|9,637|
6812|34|จังหวัดอุบลราชธานี |3407|อำเภอเดชอุดม|0| |0| |66,263|65,432|131,695|56,696|
6812|34|จังหวัดอุบลราชธานี |3408|อำเภอนาจะหลวย|0| |0| |26,051|25,480|51,531|19,646|
6812|34|จังหวัดอุบลราชธานี |3409|อำเภอน้ำยืน|0| |0| |31,007|30,051|61,058|21,626|
6812|34|จังหวัดอุบลราชธานี |3410|อำเภอบุณฑริก|0| |0| |39,435|38,501|77,936|25,411|
6812|34|จังหวัดอุบลราชธานี |3411|อำเภอตระการพืชผล|0| |0| |55,623|55,218|110,841|31,419|
6812|34|จังหวัดอุบลราชธานี |3412|อำเภอกุดข้าวปุ้น|0| |0| |18,352|18,162|36,514|10,044|
6812|34|จังหวัดอุบลราชธานี |3414|อำเภอม่วงสามสิบ|0| |0| |40,126|40,193|80,319|24,323|
6812|34|จังหวัดอุบลราชธานี |3415|อำเภอวารินชำราบ|0| |0| |46,109|47,219|93,328|33,533|
6812|34|จังหวัดอุบลราชธานี |3419|อำเภอพิบูลมังสาหาร|0| |0| |52,254|51,615|103,869|36,143|
6812|34|จังหวัดอุบลราชธานี |3420|อำเภอตาลสุม|0| |0| |15,067|14,652|29,719|9,129|
6812|34|จังหวัดอุบลราชธานี |3421|อำเภอโพธิ์ไทร|0| |0| |22,824|22,267|45,091|12,790|
6812|34|จังหวัดอุบลราชธานี |3422|อำเภอสำโรง|0| |0| |26,868|26,839|53,707|15,768|
6812|34|จังหวัดอุบลราชธานี |3424|อำเภอดอนมดแดง|0| |0| |13,560|13,468|27,028|8,524|
6812|34|จังหวัดอุบลราชธานี |3425|อำเภอสิรินธร|0| |0| |22,461|21,824|44,285|15,574|
6812|34|จังหวัดอุบลราชธานี |3426|อำเภอทุ่งศรีอุดม|0| |0| |14,685|14,370|29,055|9,627|
6812|34|จังหวัดอุบลราชธานี |3429|อำเภอนาเยีย|0| |0| |10,244|9,733|19,977|6,869|
6812|34|จังหวัดอุบลราชธานี |3430|อำเภอนาตาล|0| |0| |19,479|19,445|38,924|12,088|
6812|34|จังหวัดอุบลราชธานี |3431|อำเภอเหล่าเสือโก้ก|0| |0| |14,069|13,951|28,020|8,508|
6812|34|จังหวัดอุบลราชธานี |3432|อำเภอสว่างวีระวงศ์|0| |0| |15,577|15,479|31,056|9,925|
6812|34|จังหวัดอุบลราชธานี |3433|อำเภอน้ำขุ่น|0| |0| |16,671|16,459|33,130|11,565|
6812|34|จังหวัดอุบลราชธานี |3463|ท้องถิ่นเทศบาลตำบลกุดชมภู|0| |0| |5,874|5,811|11,685|4,675|
6812|34|จังหวัดอุบลราชธานี |3464|ท้องถิ่นเทศบาลตำบลคำน้ำแซบ|0| |0| |4,056|4,205|8,261|3,530|
6812|34|จังหวัดอุบลราชธานี |3465|ท้องถิ่นเทศบาลตำบลหัวนา|0| |0| |6,517|6,606|13,123|3,792|
6812|34|จังหวัดอุบลราชธานี |3466|ท้องถิ่นเทศบาลตำบลโพนงาม|0| |0| |4,421|4,552|8,973|3,436|
6812|34|จังหวัดอุบลราชธานี |3467|ท้องถิ่นเทศบาลตำบลเมืองศรีไค|0| |0| |4,889|7,996|12,885|3,657|
6812|34|จังหวัดอุบลราชธานี |3468|ท้องถิ่นเทศบาลตำบลหนองผือ|0| |0| |4,886|5,045|9,931|3,567|
6812|34|จังหวัดอุบลราชธานี |3469|ท้องถิ่นเทศบาลตำบลขามป้อม|0| |0| |4,766|4,728|9,494|3,380|
6812|34|จังหวัดอุบลราชธานี |3470|ท้องถิ่นเทศบาลเมืองเทพวงศา|0| |0| |6,209|6,309|12,518|4,450|
6812|34|จังหวัดอุบลราชธานี |3471|ท้องถิ่นเทศบาลตำบลปทุม|0| |0| |4,902|5,556|10,458|4,409|
6812|34|จังหวัดอุบลราชธานี |3472|ท้องถิ่นเทศบาลตำบลคอแลน|0| |0| |6,764|6,549|13,313|4,220|
6812|34|จังหวัดอุบลราชธานี |3473|ท้องถิ่น ทต.นิคมสร้างตนเองลำโดมน้อย|0| |0| |3,923|3,949|7,872|3,142|
6812|34|จังหวัดอุบลราชธานี |3474|ท้องถิ่นเทศบาลตำบลกุดประทาย|0| |0| |6,897|6,761|13,658|5,448|
6812|34|จังหวัดอุบลราชธานี |3475|ท้องถิ่นเทศบาลตำบลขามใหญ่|0| |0| |19,992|22,353|42,345|23,329|
6812|34|จังหวัดอุบลราชธานี |3476|ท้องถิ่นเทศบาลตำบลแสนสุข|0| |0| |13,586|11,378|24,964|12,158|
6812|34|จังหวัดอุบลราชธานี |3477|ท้องถิ่นเทศบาลตำบลนาเยีย|0| |0| |3,769|3,761|7,530|2,772|
6812|34|จังหวัดอุบลราชธานี |3478|ท้องถิ่นเทศบาลตำบลช่องเม็ก|0| |0| |1,870|1,962|3,832|1,986|
6812|34|จังหวัดอุบลราชธานี |3479|ท้องถิ่นเทศบาลตำบลโพธิ์ไทร|0| |0| |1,440|1,502|2,942|1,243|
6812|34|จังหวัดอุบลราชธานี |3480|ท้องถิ่นเทศบาลตำบลตาลสุม|0| |0| |1,567|1,588|3,155|1,185|
6812|34|จังหวัดอุบลราชธานี |3481|ท้องถิ่นเทศบาลตำบลอ่างศิลา|0| |0| |1,430|1,569|2,999|1,078|
6812|34|จังหวัดอุบลราชธานี |3482|ท้องถิ่นเทศบาลตำบลห้วยขะยุง|0| |0| |1,452|1,560|3,012|1,018|
6812|34|จังหวัดอุบลราชธานี |3483|ท้องถิ่นเทศบาลตำบลม่วงสามสิบ|0| |0| |1,380|1,519|2,899|1,663|
6812|34|จังหวัดอุบลราชธานี |3484|ท้องถิ่นเทศบาลตำบลกุดข้าวปุ้น|0| |0| |2,076|2,041|4,117|1,578|
6812|34|จังหวัดอุบลราชธานี |3485|ท้องถิ่นเทศบาลตำบลตระการพืชผล|0| |0| |4,293|4,525|8,818|4,610|
6812|34|จังหวัดอุบลราชธานี |3486|ท้องถิ่นเทศบาลตำบลบุณฑริก|0| |0| |2,086|2,221|4,307|2,203|
6812|34|จังหวัดอุบลราชธานี |3487|ท้องถิ่นเทศบาลตำบลน้ำยืน|0| |0| |4,213|4,328|8,541|3,556|
6812|34|จังหวัดอุบลราชธานี |3488|ท้องถิ่นเทศบาลตำบลนาจะหลวย|0| |0| |3,363|3,373|6,736|2,766|
6812|34|จังหวัดอุบลราชธานี |3489|ท้องถิ่นเทศบาลเมืองเดชอุดม|0| |0| |6,007|6,572|12,579|7,071|
6812|34|จังหวัดอุบลราชธานี |3490|ท้องถิ่นเทศบาลตำบลบัวงาม|0| |0| |3,209|3,240|6,449|1,947|
6812|34|จังหวัดอุบลราชธานี |3491|ท้องถิ่นเทศบาลตำบลนาส่วง|0| |0| |1,497|1,596|3,093|1,060|
6812|34|จังหวัดอุบลราชธานี |3492|ท้องถิ่นเทศบาลตำบลเขมราฐ|0| |0| |2,859|3,149|6,008|2,655|
6812|34|จังหวัดอุบลราชธานี |3493|ท้องถิ่นเทศบาลตำบลเขื่องใน|0| |0| |2,098|2,234|4,332|2,227|
6812|34|จังหวัดอุบลราชธานี |3494|ท้องถิ่นเทศบาลตำบลบ้านด่านโขงเจียม|0| |0| |1,408|1,463|2,871|1,403|
6812|34|จังหวัดอุบลราชธานี |3495|ท้องถิ่นเทศบาลตำบลศรีเมืองใหม่|0| |0| |1,996|2,010|4,006|2,151|
6812|34|จังหวัดอุบลราชธานี |3496|ท้องถิ่นเทศบาลตำบลอุบล|0| |0| |2,516|2,959|5,475|3,227|
6812|34|จังหวัดอุบลราชธานี |3497|ท้องถิ่นเทศบาลเมืองพิบูลมังสาหาร|0| |0| |4,712|5,020|9,732|4,758|
6812|34|จังหวัดอุบลราชธานี |3498|ท้องถิ่นเทศบาลเมืองวารินชำราบ|0| |0| |11,298|12,800|24,098|11,119|
6812|34|จังหวัดอุบลราชธานี |3499|ท้องถิ่นเทศบาลนครอุบลราชธานี|0| |0| |30,944|36,611|67,555|32,852|
6812|35|จังหวัดยโสธร |0| |0| |0| |259,694|263,125|522,819|191,679|
6812|35|จังหวัดยโสธร |3501|อำเภอเมืองยโสธร|0| |0| |52,606|52,959|105,565|41,406|
6812|35|จังหวัดยโสธร |3502|อำเภอทรายมูล|0| |0| |12,023|12,021|24,044|8,509|
6812|35|จังหวัดยโสธร |3503|อำเภอกุดชุม|0| |0| |30,350|30,083|60,433|21,323|
6812|35|จังหวัดยโสธร |3504|อำเภอคำเขื่อนแก้ว|0| |0| |30,059|30,327|60,386|20,316|
6812|35|จังหวัดยโสธร |3505|อำเภอป่าติ้ว|0| |0| |15,577|15,827|31,404|10,730|
6812|35|จังหวัดยโสธร |3506|อำเภอมหาชนะชัย|0| |0| |25,016|25,114|50,130|15,379|
6812|35|จังหวัดยโสธร |3507|อำเภอค้อวัง|0| |0| |9,994|10,236|20,230|5,819|
6812|35|จังหวัดยโสธร |3508|อำเภอเลิงนกทา|0| |0| |44,004|44,554|88,558|32,140|
6812|35|จังหวัดยโสธร |3509|อำเภอไทยเจริญ|0| |0| |14,850|15,128|29,978|11,694|
6812|35|จังหวัดยโสธร |3591|ท้องถิ่นเทศบาลตำบลสามแยก|0| |0| |1,832|1,946|3,778|2,435|
6812|35|จังหวัดยโสธร |3592|ท้องถิ่นเทศบาลตำบลเลิงนกทา|0| |0| |1,332|1,437|2,769|1,152|
6812|35|จังหวัดยโสธร |3593|ท้องถิ่นเทศบาลตำบลค้อวัง|0| |0| |2,104|2,248|4,352|1,714|
6812|35|จังหวัดยโสธร |3594|ท้องถิ่นเทศบาลตำบลฟ้าหยาด|0| |0| |2,217|2,284|4,501|1,966|
6812|35|จังหวัดยโสธร |3595|ท้องถิ่นเทศบาลตำบลป่าติ้ว|0| |0| |1,429|1,468|2,897|1,333|
6812|35|จังหวัดยโสธร |3596|ท้องถิ่นเทศบาลตำบลคำเขื่อนแก้ว|0| |0| |1,765|1,840|3,605|1,607|
6812|35|จังหวัดยโสธร |3597|ท้องถิ่นเทศบาลตำบลกุดชุมพัฒนา|0| |0| |2,285|2,424|4,709|2,340|
6812|35|จังหวัดยโสธร |3598|ท้องถิ่นเทศบาลตำบลทรายมูล|0| |0| |2,950|3,165|6,115|2,254|
6812|35|จังหวัดยโสธร |3599|ท้องถิ่นเทศบาลเมืองยโสธร|0| |0| |9,301|10,064|19,365|9,562|
6812|36|จังหวัดชัยภูมิ |0| |0| |0| |541,513|559,134|1,100,647|428,916|
6812|36|จังหวัดชัยภูมิ |3601|อำเภอเมืองชัยภูมิ|0| |0| |65,610|69,310|134,920|58,729|
6812|36|จังหวัดชัยภูมิ |3602|อำเภอบ้านเขว้า|0| |0| |20,374|20,977|41,351|15,482|
6812|36|จังหวัดชัยภูมิ |3603|อำเภอคอนสวรรค์|0| |0| |23,036|23,697|46,733|18,848|
6812|36|จังหวัดชัยภูมิ |3604|อำเภอเกษตรสมบูรณ์|0| |0| |41,784|42,337|84,121|26,578|
6812|36|จังหวัดชัยภูมิ |3605|อำเภอหนองบัวแดง|0| |0| |46,319|46,262|92,581|31,776|
6812|36|จังหวัดชัยภูมิ |3606|อำเภอจัตุรัส|0| |0| |31,901|34,145|66,046|26,174|
6812|36|จังหวัดชัยภูมิ |3607|อำเภอบำเหน็จณรงค์|0| |0| |19,645|20,289|39,934|14,430|
6812|36|จังหวัดชัยภูมิ |3608|อำเภอหนองบัวระเหว|0| |0| |16,204|16,202|32,406|12,218|
6812|36|จังหวัดชัยภูมิ |3609|อำเภอเทพสถิต|0| |0| |32,745|32,302|65,047|25,361|
6812|36|จังหวัดชัยภูมิ |3610|อำเภอภูเขียว|0| |0| |52,223|54,270|106,493|37,148|
6812|36|จังหวัดชัยภูมิ |3611|อำเภอบ้านแท่น|0| |0| |19,757|20,233|39,990|12,248|
6812|36|จังหวัดชัยภูมิ |3612|อำเภอแก้งคร้อ|0| |0| |35,841|36,153|71,994|26,685|
6812|36|จังหวัดชัยภูมิ |3613|อำเภอคอนสาร|0| |0| |19,753|20,229|39,982|14,811|
6812|36|จังหวัดชัยภูมิ |3614|อำเภอภักดีชุมพล|0| |0| |15,133|15,052|30,185|12,993|
6812|36|จังหวัดชัยภูมิ |3615|อำเภอเนินสง่า|0| |0| |12,460|12,864|25,324|8,982|
6812|36|จังหวัดชัยภูมิ |3616|อำเภอซับใหญ่|0| |0| |7,781|7,648|15,429|6,113|
6812|36|จังหวัดชัยภูมิ |3676|ท้องถิ่นเทศบาลตำบลห้วยยาง|0| |0| |7,630|7,639|15,269|4,838|
6812|36|จังหวัดชัยภูมิ |3677|ท้องถิ่นเทศบาลตำบลบ้านเดื่อ|0| |0| |7,666|7,713|15,379|4,834|
6812|36|จังหวัดชัยภูมิ |3680|ท้องถิ่นเทศบาลตำบลคอนสาร|0| |0| |1,874|2,124|3,998|1,536|
6812|36|จังหวัดชัยภูมิ |3681|ท้องถิ่นเทศบาลตำบลแก้งคร้อ|0| |0| |3,711|4,293|8,004|4,873|
6812|36|จังหวัดชัยภูมิ |3682|ท้องถิ่นเทศบาลตำบลนาหนองทุ่ม|0| |0| |4,998|5,388|10,386|3,423|
6812|36|จังหวัดชัยภูมิ |3683|ท้องถิ่นเทศบาลตำบลบ้านแท่น|0| |0| |1,895|1,978|3,873|1,713|
6812|36|จังหวัดชัยภูมิ |3684|ท้องถิ่นเทศบาลตำบลภูเขียว|0| |0| |2,656|3,102|5,758|3,136|
6812|36|จังหวัดชัยภูมิ |3685|ท้องถิ่นเทศบาลตำบลบ้านเพชรภูเขียว|0| |0| |2,649|2,714|5,363|1,821|
6812|36|จังหวัดชัยภูมิ |3686|ท้องถิ่นเทศบาลตำบลเทพสถิต|0| |0| |1,831|1,876|3,707|2,444|
6812|36|จังหวัดชัยภูมิ |3687|ท้องถิ่นเทศบาลตำบลหนองบัวระเหว|0| |0| |2,834|2,897|5,731|2,862|
6812|36|จังหวัดชัยภูมิ |3688|ท้องถิ่นเทศบาลตำบลบำเหน็จณรงค์|0| |0| |3,130|3,420|6,550|3,168|
6812|36|จังหวัดชัยภูมิ |3689|ท้องถิ่นเทศบาลตำบลบ้านเพชร|0| |0| |2,212|2,405|4,617|2,317|
6812|36|จังหวัดชัยภูมิ |3690|ท้องถิ่นเทศบาลตำบลหนองบัวโคก|0| |0| |885|925|1,810|847|
6812|36|จังหวัดชัยภูมิ |3691|ท้องถิ่นเทศบาลตำบลจัตุรัส|0| |0| |1,886|2,094|3,980|2,316|
6812|36|จังหวัดชัยภูมิ |3692|ท้องถิ่นเทศบาลตำบลหนองบัวแดง|0| |0| |4,116|4,351|8,467|4,693|
6812|36|จังหวัดชัยภูมิ |3693|ท้องถิ่นเทศบาลตำบลบ้านเป้า|0| |0| |3,622|3,814|7,436|2,463|
6812|36|จังหวัดชัยภูมิ |3694|ท้องถิ่นเทศบาลตำบลเกษตรสมบูรณ์|0| |0| |1,331|1,468|2,799|1,400|
6812|36|จังหวัดชัยภูมิ |3695|ท้องถิ่นเทศบาลตำบลคอนสวรรค์|0| |0| |1,888|2,087|3,975|1,959|
6812|36|จังหวัดชัยภูมิ |3696|ท้องถิ่นเทศบาลตำบลบ้านเขว้า|0| |0| |3,620|4,009|7,629|3,600|
6812|36|จังหวัดชัยภูมิ |3697|ท้องถิ่นเทศบาลตำบลลาดใหญ่|0| |0| |2,061|2,366|4,427|1,832|
6812|36|จังหวัดชัยภูมิ |3698|ท้องถิ่นเทศบาลตำบลบ้านค่ายหมื่นแผ้ว|0| |0| |2,272|2,394|4,666|2,019|
6812|36|จังหวัดชัยภูมิ |3699|ท้องถิ่นเทศบาลเมืองชัยภูมิ|0| |0| |16,180|18,107|34,287|22,246|
6812|37|จังหวัดอำนาจเจริญ |0| |0| |0| |183,905|186,772|370,677|129,998|
6812|37|จังหวัดอำนาจเจริญ |3701|อำเภอเมืองอำนาจเจริญ|0| |0| |48,199|48,356|96,555|33,495|
6812|37|จังหวัดอำนาจเจริญ |3702|อำเภอชานุมาน|0| |0| |19,311|19,304|38,615|12,533|
6812|37|จังหวัดอำนาจเจริญ |3703|อำเภอปทุมราชวงศา|0| |0| |22,919|22,616|45,535|14,404|
6812|37|จังหวัดอำนาจเจริญ |3704|อำเภอพนา|0| |0| |9,503|9,396|18,899|7,167|
6812|37|จังหวัดอำนาจเจริญ |3705|อำเภอเสนางคนิคม|0| |0| |17,153|17,555|34,708|11,656|
6812|37|จังหวัดอำนาจเจริญ |3706|อำเภอหัวตะพาน|0| |0| |20,408|20,550|40,958|11,569|
6812|37|จังหวัดอำนาจเจริญ |3707|อำเภอลืออำนาจ|0| |0| |16,592|16,830|33,422|10,425|
6812|37|จังหวัดอำนาจเจริญ |3790|ท้องถิ่นเทศบาลตำบลนายม|0| |0| |2,555|2,633|5,188|1,619|
6812|37|จังหวัดอำนาจเจริญ |3791|ท้องถิ่นเทศบาลตำบลพระเหลา|0| |0| |2,964|3,012|5,976|2,376|
6812|37|จังหวัดอำนาจเจริญ |3792|ท้องถิ่นเทศบาลตำบลอำนาจ|0| |0| |986|1,124|2,110|1,090|
6812|37|จังหวัดอำนาจเจริญ |3793|ท้องถิ่นเทศบาลตำบลหัวตะพาน|0| |0| |3,243|3,423|6,666|2,370|
6812|37|จังหวัดอำนาจเจริญ |3794|ท้องถิ่นเทศบาลตำบลเสนางคนิคม|0| |0| |2,602|2,878|5,480|2,053|
6812|37|จังหวัดอำนาจเจริญ |3795|ท้องถิ่นเทศบาลตำบลพนา|0| |0| |1,135|1,314|2,449|1,186|
6812|37|จังหวัดอำนาจเจริญ |3796|ท้องถิ่นเทศบาลตำบลปทุมราชวงศา|0| |0| |1,597|1,678|3,275|1,768|
6812|37|จังหวัดอำนาจเจริญ |3797|ท้องถิ่นเทศบาลตำบลชานุมาน|0| |0| |1,510|1,626|3,136|1,538|
6812|37|จังหวัดอำนาจเจริญ |3798|ท้องถิ่นเทศบาลตำบลน้ำปลีก|0| |0| |1,698|1,872|3,570|1,275|
6812|37|จังหวัดอำนาจเจริญ |3799|ท้องถิ่นเทศบาลเมืองอำนาจเจริญ|0| |0| |11,530|12,605|24,135|13,474|
6812|38|จังหวัดบึงกาฬ |0| |0| |0| |208,991|208,916|417,907|149,134|
6812|38|จังหวัดบึงกาฬ |3801|อำเภอเมืองบึงกาฬ|0| |0| |29,143|29,099|58,242|19,772|
6812|38|จังหวัดบึงกาฬ |3802|อำเภอพรเจริญ|0| |0| |14,455|14,289|28,744|8,742|
6812|38|จังหวัดบึงกาฬ |3803|อำเภอโซ่พิสัย|0| |0| |32,396|32,029|64,425|20,312|
6812|38|จังหวัดบึงกาฬ |3804|อำเภอเซกา|0| |0| |36,611|36,392|73,003|25,145|
6812|38|จังหวัดบึงกาฬ |3805|อำเภอปากคาด|0| |0| |14,029|13,960|27,989|10,281|
6812|38|จังหวัดบึงกาฬ |3806|อำเภอบึงโขงหลง|0| |0| |14,116|13,900|28,016|9,661|
6812|38|จังหวัดบึงกาฬ |3807|อำเภอศรีวิไล|0| |0| |14,188|14,053|28,241|9,894|
6812|38|จังหวัดบึงกาฬ |3808|อำเภอบุ่งคล้า|0| |0| |6,922|6,982|13,904|4,511|
6812|38|จังหวัดบึงกาฬ |3887|ท้องถิ่นเทศบาลตำบลหอคำ|0| |0| |3,601|3,589|7,190|2,470|
6812|38|จังหวัดบึงกาฬ |3888|ท้องถิ่นเทศบาลตำบลโนนสว่าง|0| |0| |3,393|3,421|6,814|2,506|
6812|38|จังหวัดบึงกาฬ |3890|ท้องถิ่นเทศบาลตำบลศรีวิไล|0| |0| |5,388|5,481|10,869|4,176|
6812|38|จังหวัดบึงกาฬ |3891|ท้องถิ่นเทศบาลตำบลบึงโขงหลง|0| |0| |4,737|4,852|9,589|3,769|
6812|38|จังหวัดบึงกาฬ |3892|ท้องถิ่นเทศบาลตำบลปากคาด|0| |0| |3,117|3,134|6,251|2,840|
6812|38|จังหวัดบึงกาฬ |3893|ท้องถิ่นเทศบาลตำบลศรีพนา|0| |0| |3,122|3,207|6,329|2,836|
6812|38|จังหวัดบึงกาฬ |3894|ท้องถิ่นเทศบาลตำบลท่าสะอาด|0| |0| |3,301|3,460|6,761|2,072|
6812|38|จังหวัดบึงกาฬ |3895|ท้องถิ่นเทศบาลตำบลโซ่พิสัย|0| |0| |3,189|3,179|6,368|2,762|
6812|38|จังหวัดบึงกาฬ |3896|ท้องถิ่นเทศบาลตำบลพรเจริญ|0| |0| |4,921|5,166|10,087|3,757|
6812|38|จังหวัดบึงกาฬ |3897|ท้องถิ่นเทศบาลตำบลดอนหญ้านาง|0| |0| |2,480|2,520|5,000|1,606|
6812|38|จังหวัดบึงกาฬ |3898|ท้องถิ่นเทศบาลเมืองบึงกาฬ|0| |0| |9,882|10,203|20,085|12,022|
6812|39|จังหวัดหนองบัวลำภู |0| |0| |0| |249,382|252,706|502,088|163,997|
6812|39|จังหวัดหนองบัวลำภู |3901|อำเภอเมืองหนองบัวลำภู|0| |0| |50,376|50,854|101,230|33,850|
6812|39|จังหวัดหนองบัวลำภู |3902|อำเภอนากลาง|0| |0| |33,076|32,958|66,034|19,841|
6812|39|จังหวัดหนองบัวลำภู |3903|อำเภอโนนสัง|0| |0| |27,696|28,092|55,788|15,335|
6812|39|จังหวัดหนองบัวลำภู |3904|อำเภอศรีบุญเรือง|0| |0| |44,948|44,496|89,444|26,530|
6812|39|จังหวัดหนองบัวลำภู |3905|อำเภอสุวรรณคูหา|0| |0| |26,710|26,669|53,379|15,999|
6812|39|จังหวัดหนองบัวลำภู |3906|อำเภอนาวัง|0| |0| |14,867|14,951|29,818|9,175|
6812|39|จังหวัดหนองบัวลำภู |3986|ท้องถิ่นเทศบาลตำบลยางหล่อ|0| |0| |4,540|4,655|9,195|2,731|
6812|39|จังหวัดหนองบัวลำภู |3987|ท้องถิ่นเทศบาลตำบลนาเหล่า|0| |0| |3,286|3,500|6,786|2,531|
6812|39|จังหวัดหนองบัวลำภู |3988|ท้องถิ่นเทศบาลตำบลสุวรรณคูหา|0| |0| |3,719|3,911|7,630|3,047|
6812|39|จังหวัดหนองบัวลำภู |3989|ท้องถิ่นเทศบาลตำบลบ้านโคก|0| |0| |2,922|3,226|6,148|1,971|
6812|39|จังหวัดหนองบัวลำภู |3990|ท้องถิ่นเทศบาลตำบลโนนสูงเปลือย|0| |0| |2,118|2,354|4,472|2,745|
6812|39|จังหวัดหนองบัวลำภู |3991|ท้องถิ่นเทศบาลตำบลจอมทอง|0| |0| |2,461|2,383|4,844|1,550|
6812|39|จังหวัดหนองบัวลำภู |3992|ท้องถิ่นเทศบาลตำบลโนนสัง|0| |0| |4,003|4,170|8,173|3,075|
6812|39|จังหวัดหนองบัวลำภู |3994|ท้องถิ่นเทศบาลตำบลนากลาง|0| |0| |9,460|9,974|19,434|6,989|
6812|39|จังหวัดหนองบัวลำภู |3995|ท้องถิ่นเทศบาลตำบลกุดดินจี่|0| |0| |2,683|2,841|5,524|1,919|
6812|39|จังหวัดหนองบัวลำภู |3996|ท้องถิ่นเทศบาลตำบลหัวนา|0| |0| |1,752|1,747|3,499|1,102|
6812|39|จังหวัดหนองบัวลำภู |3997|ท้องถิ่นเทศบาลตำบลนามะเฟือง|0| |0| |2,006|2,147|4,153|1,147|
6812|39|จังหวัดหนองบัวลำภู |3998|ท้องถิ่นเทศบาลตำบลนาคำไฮ|0| |0| |2,400|2,455|4,855|1,480|
6812|39|จังหวัดหนองบัวลำภู |3999|ท้องถิ่นเทศบาลเมืองหนองบัวลำภู|0| |0| |10,359|11,323|21,682|12,980|
6812|40|จังหวัดขอนแก่น |0| |0| |0| |863,862|902,105|1,765,967|703,153|
6812|40|จังหวัดขอนแก่น |4001|อำเภอเมืองขอนแก่น|0| |0| |48,268|51,918|100,186|44,892|
6812|40|จังหวัดขอนแก่น |4002|อำเภอบ้านฝาง|0| |0| |24,549|25,022|49,571|18,529|
6812|40|จังหวัดขอนแก่น |4003|อำเภอพระยืน|0| |0| |11,970|12,521|24,491|8,420|
6812|40|จังหวัดขอนแก่น |4004|อำเภอหนองเรือ|0| |0| |40,394|41,609|82,003|24,474|
6812|40|จังหวัดขอนแก่น |4005|อำเภอชุมแพ|0| |0| |40,821|41,396|82,217|27,715|
6812|40|จังหวัดขอนแก่น |4006|อำเภอสีชมพู|0| |0| |35,957|36,590|72,547|23,622|
6812|40|จังหวัดขอนแก่น |4007|อำเภอน้ำพอง|0| |0| |35,139|36,016|71,155|23,226|
6812|40|จังหวัดขอนแก่น |4008|อำเภออุบลรัตน์|0| |0| |15,259|15,690|30,949|8,846|
6812|40|จังหวัดขอนแก่น |4009|อำเภอกระนวน|0| |0| |33,523|34,205|67,728|21,505|
6812|40|จังหวัดขอนแก่น |4010|อำเภอบ้านไผ่|0| |0| |35,140|36,249|71,389|25,060|
6812|40|จังหวัดขอนแก่น |4011|อำเภอเปือยน้อย|0| |0| |7,139|7,047|14,186|4,210|
6812|40|จังหวัดขอนแก่น |4012|อำเภอพล|0| |0| |36,736|37,936|74,672|24,737|
6812|40|จังหวัดขอนแก่น |4013|อำเภอแวงใหญ่|0| |0| |11,650|11,972|23,622|6,728|
6812|40|จังหวัดขอนแก่น |4014|อำเภอแวงน้อย|0| |0| |18,851|19,074|37,925|12,060|
6812|40|จังหวัดขอนแก่น |4015|อำเภอหนองสองห้อง|0| |0| |34,825|35,360|70,185|22,240|
6812|40|จังหวัดขอนแก่น |4016|อำเภอภูเวียง|0| |0| |33,689|34,237|67,926|21,732|
6812|40|จังหวัดขอนแก่น |4017|อำเภอมัญจาคีรี|0| |0| |32,194|32,959|65,153|23,040|
6812|40|จังหวัดขอนแก่น |4018|อำเภอชนบท|0| |0| |18,985|19,760|38,745|12,293|
6812|40|จังหวัดขอนแก่น |4019|อำเภอเขาสวนกวาง|0| |0| |10,509|10,662|21,171|6,781|
6812|40|จังหวัดขอนแก่น |4020|อำเภอภูผาม่าน|0| |0| |9,639|9,700|19,339|6,200|
6812|40|จังหวัดขอนแก่น |4021|อำเภอซำสูง|0| |0| |8,771|9,058|17,829|5,562|
6812|40|จังหวัดขอนแก่น |4022|อำเภอโคกโพธิ์ไชย|0| |0| |10,353|10,415|20,768|6,994|
6812|40|จังหวัดขอนแก่น |4023|อำเภอหนองนาคำ|0| |0| |11,581|11,730|23,311|7,210|
6812|40|จังหวัดขอนแก่น |4024|อำเภอบ้านแฮด|0| |0| |12,775|13,134|25,909|8,836|
6812|40|จังหวัดขอนแก่น |4025|อำเภอโนนศิลา|0| |0| |10,332|10,507|20,839|6,869|
6812|40|จังหวัดขอนแก่น |4029|อำเภอเวียงเก่า|0| |0| |9,708|9,909|19,617|6,060|
6812|40|จังหวัดขอนแก่น |4054|ท้องถิ่นเทศบาลเมืองศิลา|0| |0| |27,277|28,361|55,638|33,367|
6812|40|จังหวัดขอนแก่น |4055|ท้องถิ่นเทศบาลตำบลโคกสูง|0| |0| |4,372|4,334|8,706|2,634|
6812|40|จังหวัดขอนแก่น |4056|ท้องถิ่นเทศบาลตำบลสะอาด|0| |0| |4,848|4,955|9,803|2,829|
6812|40|จังหวัดขอนแก่น |4057|ท้องถิ่นเทศบาลเมืองบ้านทุ่ม|0| |0| |9,389|10,194|19,583|9,904|
6812|40|จังหวัดขอนแก่น |4058|ท้องถิ่นเทศบาลตำบลโนนสมบูรณ์|0| |0| |2,885|2,899|5,784|1,876|
6812|40|จังหวัดขอนแก่น |4060|ท้องถิ่นเทศบาลตำบลม่วงหวาน|0| |0| |4,930|5,141|10,071|3,714|
6812|40|จังหวัดขอนแก่น |4061|ท้องถิ่นเทศบาลตำบลหนองตูม|0| |0| |3,612|3,939|7,551|2,372|
6812|40|จังหวัดขอนแก่น |4062|ท้องถิ่นเทศบาลตำบลเมืองเก่า|0| |0| |15,441|17,963|33,404|19,371|
6812|40|จังหวัดขอนแก่น |4063|ท้องถิ่นเทศบาลตำบลโนนท่อน|0| |0| |4,726|4,969|9,695|3,385|
6812|40|จังหวัดขอนแก่น |4064|ท้องถิ่นเทศบาลตำบลบ้านค้อ|0| |0| |8,623|8,991|17,614|7,692|
6812|40|จังหวัดขอนแก่น |4065|ท้องถิ่นเทศบาลตำบลกุดน้ำใส|0| |0| |4,134|4,324|8,458|2,909|
6812|40|จังหวัดขอนแก่น |4067|ท้องถิ่นเทศบาลตำบลสาวะถี|0| |0| |8,801|8,998|17,799|6,245|
6812|40|จังหวัดขอนแก่น |4068|ท้องถิ่นเทศบาลเมืองบ้านเป็ด|0| |0| |22,558|26,534|49,092|31,412|
6812|40|จังหวัดขอนแก่น |4069|ท้องถิ่นเทศบาลตำบลโนนศิลา|0| |0| |2,707|2,748|5,455|1,979|
6812|40|จังหวัดขอนแก่น |4070|ท้องถิ่นเทศบาลตำบลบ้านแฮด|0| |0| |3,224|3,332|6,556|2,398|
6812|40|จังหวัดขอนแก่น |4071|ท้องถิ่นเทศบาลตำบลบ้านโคก|0| |0| |1,907|2,097|4,004|1,593|
6812|40|จังหวัดขอนแก่น |4072|ท้องถิ่นเทศบาลตำบลซำสูง|0| |0| |2,534|2,639|5,173|2,084|
6812|40|จังหวัดขอนแก่น |4073|ท้องถิ่นเทศบาลตำบลภูผาม่าน|0| |0| |1,622|1,730|3,352|1,387|
6812|40|จังหวัดขอนแก่น |4074|ท้องถิ่นเทศบาลตำบลเขาสวนกวาง|0| |0| |5,184|5,307|10,491|4,031|
6812|40|จังหวัดขอนแก่น |4075|ท้องถิ่นเทศบาลตำบลชนบท|0| |0| |3,504|3,976|7,480|3,480|
6812|40|จังหวัดขอนแก่น |4076|ท้องถิ่นเทศบาลตำบลมัญจาคีรี|0| |0| |1,583|1,752|3,335|2,021|
6812|40|จังหวัดขอนแก่น |4077|ท้องถิ่นเทศบาลตำบลภูเวียง|0| |0| |1,269|1,446|2,715|1,786|
6812|40|จังหวัดขอนแก่น |4078|ท้องถิ่นเทศบาลตำบลหนองสองห้อง|0| |0| |2,606|2,782|5,388|2,884|
6812|40|จังหวัดขอนแก่น |4079|ท้องถิ่นเทศบาลตำบลแวงน้อย|0| |0| |1,407|1,569|2,976|1,399|
6812|40|จังหวัดขอนแก่น |4080|ท้องถิ่นเทศบาลตำบลแวงใหญ่|0| |0| |2,418|2,595|5,013|1,901|
6812|40|จังหวัดขอนแก่น |4081|ท้องถิ่นเทศบาลตำบลเปือยน้อย|0| |0| |2,795|2,930|5,725|2,118|
6812|40|จังหวัดขอนแก่น |4082|ท้องถิ่นเทศบาลเมืองกระนวน|0| |0| |4,511|4,968|9,479|4,712|
6812|40|จังหวัดขอนแก่น |4083|ท้องถิ่นเทศบาลตำบลเขื่อนอุบลรัตน์|0| |0| |1,843|1,924|3,767|2,156|
6812|40|จังหวัดขอนแก่น |4084|ท้องถิ่นเทศบาลตำบลวังชัย|0| |0| |2,974|3,243|6,217|3,065|
6812|40|จังหวัดขอนแก่น |4085|ท้องถิ่นเทศบาลตำบลน้ำพอง|0| |0| |2,194|2,429|4,623|2,494|
6812|40|จังหวัดขอนแก่น |4086|ท้องถิ่นเทศบาลตำบลสีชมพู|0| |0| |1,582|1,647|3,229|1,617|
6812|40|จังหวัดขอนแก่น |4087|ท้องถิ่นเทศบาลตำบลโนนหัน|0| |0| |2,116|2,331|4,447|1,586|
6812|40|จังหวัดขอนแก่น |4088|ท้องถิ่นเทศบาลตำบลโคกสูงสัมพันธ์|0| |0| |2,057|2,259|4,316|1,389|
6812|40|จังหวัดขอนแก่น |4089|ท้องถิ่นเทศบาลตำบลหนองเรือ|0| |0| |2,083|2,041|4,124|2,314|
6812|40|จังหวัดขอนแก่น |4090|ท้องถิ่นเทศบาลตำบลหนองแก|0| |0| |674|671|1,345|736|
6812|40|จังหวัดขอนแก่น |4091|ท้องถิ่นเทศบาลตำบลดอนโมง|0| |0| |1,600|1,711|3,311|1,996|
6812|40|จังหวัดขอนแก่น |4092|ท้องถิ่นเทศบาลตำบลพระยืน|0| |0| |1,528|1,709|3,237|1,595|
6812|40|จังหวัดขอนแก่น |4093|ท้องถิ่นเทศบาลตำบลบ้านโต้น|0| |0| |3,055|3,303|6,358|2,169|
6812|40|จังหวัดขอนแก่น |4094|ท้องถิ่นเทศบาลตำบลบ้านฝาง|0| |0| |2,165|2,326|4,491|2,007|
6812|40|จังหวัดขอนแก่น |4095|ท้องถิ่นเทศบาลตำบลท่าพระ|0| |0| |4,013|4,432|8,445|4,292|
6812|40|จังหวัดขอนแก่น |4096|ท้องถิ่นเทศบาลเมืองชุมแพ|0| |0| |14,575|15,747|30,322|16,746|
6812|40|จังหวัดขอนแก่น |4097|ท้องถิ่นเทศบาลเมืองบ้านไผ่|0| |0| |12,286|13,531|25,817|13,290|
6812|40|จังหวัดขอนแก่น |4098|ท้องถิ่นเทศบาลเมืองเมืองพล|0| |0| |4,580|5,105|9,685|5,541|
6812|40|จังหวัดขอนแก่น |4099|ท้องถิ่นเทศบาลนครขอนแก่น|0| |0| |46,913|51,547|98,460|70,836|
6812|41|จังหวัดอุดรธานี |0| |0| |0| |762,067|784,670|1,546,737|573,112|
6812|41|จังหวัดอุดรธานี |4101|อำเภอเมืองอุดรธานี|0| |0| |90,960|96,284|187,244|79,959|
6812|41|จังหวัดอุดรธานี |4102|อำเภอกุดจับ|0| |0| |21,547|21,599|43,146|14,033|
6812|41|จังหวัดอุดรธานี |4103|อำเภอหนองวัวซอ|0| |0| |22,198|22,288|44,486|12,529|
6812|41|จังหวัดอุดรธานี |4104|อำเภอกุมภวาปี|0| |0| |35,853|36,796|72,649|23,015|
6812|41|จังหวัดอุดรธานี |4105|อำเภอโนนสะอาด|0| |0| |22,107|22,355|44,462|12,635|
6812|41|จังหวัดอุดรธานี |4106|อำเภอหนองหาน|0| |0| |43,832|44,126|87,958|29,526|
6812|41|จังหวัดอุดรธานี |4107|อำเภอทุ่งฝน|0| |0| |12,436|12,348|24,784|7,742|
6812|41|จังหวัดอุดรธานี |4108|อำเภอไชยวาน|0| |0| |11,896|11,623|23,519|6,702|
6812|41|จังหวัดอุดรธานี |4109|อำเภอศรีธาตุ|0| |0| |11,661|11,686|23,347|6,958|
6812|41|จังหวัดอุดรธานี |4110|อำเภอวังสามหมอ|0| |0| |15,439|15,347|30,786|9,253|
6812|41|จังหวัดอุดรธานี |4111|อำเภอบ้านดุง|0| |0| |55,088|55,584|110,672|34,383|
6812|41|จังหวัดอุดรธานี |4117|อำเภอบ้านผือ|0| |0| |50,405|50,663|101,068|33,152|
6812|41|จังหวัดอุดรธานี |4118|อำเภอน้ำโสม|0| |0| |20,611|20,304|40,915|14,187|
6812|41|จังหวัดอุดรธานี |4119|อำเภอเพ็ญ|0| |0| |48,074|48,249|96,323|31,580|
6812|41|จังหวัดอุดรธานี |4120|อำเภอสร้างคอม|0| |0| |10,945|10,893|21,838|7,091|
6812|41|จังหวัดอุดรธานี |4121|อำเภอหนองแสง|0| |0| |11,411|11,477|22,888|7,276|
6812|41|จังหวัดอุดรธานี |4122|อำเภอนายูง|0| |0| |14,338|14,025|28,363|10,303|
6812|41|จังหวัดอุดรธานี |4123|อำเภอพิบูลย์รักษ์|0| |0| |12,123|12,413|24,536|9,090|
6812|41|จังหวัดอุดรธานี |4124|อำเภอกู่แก้ว|0| |0| |10,879|10,858|21,737|7,374|
6812|41|จังหวัดอุดรธานี |4125|อำเภอประจักษ์ศิลปาคม|0| |0| |12,561|12,610|25,171|7,797|
6812|41|จังหวัดอุดรธานี |4158|ท้องถิ่นเทศบาลตำบลหนองหว้า|0| |0| |4,064|4,116|8,180|2,146|
6812|41|จังหวัดอุดรธานี |4159|ท้องถิ่นเทศบาลตำบลหัวนาคำ|0| |0| |5,623|5,531|11,154|3,329|
6812|41|จังหวัดอุดรธานี |4160|ท้องถิ่นเทศบาลตำบลผาสุก|0| |0| |7,842|7,706|15,548|4,967|
6812|41|จังหวัดอุดรธานี |4161|ท้องถิ่นเทศบาลตำบลโพนสูง|0| |0| |3,732|3,714|7,446|2,018|
6812|41|จังหวัดอุดรธานี |4162|ท้องถิ่นเทศบาลตำบลจำปี|0| |0| |4,031|3,988|8,019|2,245|
6812|41|จังหวัดอุดรธานี |4163|ท้องถิ่นเทศบาลตำบลสร้างคอม|0| |0| |3,511|3,663|7,174|2,876|
6812|41|จังหวัดอุดรธานี |4164|ท้องถิ่นเทศบาลตำบลบ้านธาตุ|0| |0| |8,143|8,519|16,662|5,478|
6812|41|จังหวัดอุดรธานี |4165|ท้องถิ่นเทศบาลตำบลเวียงคำ|0| |0| |5,112|5,296|10,408|3,403|
6812|41|จังหวัดอุดรธานี |4166|ท้องถิ่นเทศบาลตำบลลำพันชาด|0| |0| |2,788|2,811|5,599|2,203|
6812|41|จังหวัดอุดรธานี |4167|ท้องถิ่นเทศบาลตำบลหนองไผ่|0| |0| |4,575|4,781|9,356|2,916|
6812|41|จังหวัดอุดรธานี |4168|ท้องถิ่นเทศบาลตำบลหนองไผ่|0| |0| |4,005|4,837|8,842|2,940|
6812|41|จังหวัดอุดรธานี |4169|ท้องถิ่นเทศบาลตำบลปะโค|0| |0| |5,381|5,579|10,960|3,577|
6812|41|จังหวัดอุดรธานี |4170|ท้องถิ่นเทศบาลตำบลแสงสว่าง|0| |0| |1,957|1,966|3,923|1,023|
6812|41|จังหวัดอุดรธานี |4171|ท้องถิ่นเทศบาลตำบลเพ็ญ|0| |0| |1,264|1,323|2,587|1,690|
6812|41|จังหวัดอุดรธานี |4172|ท้องถิ่นเทศบาลตำบลน้ำโสม|0| |0| |4,210|4,394|8,604|2,705|
6812|41|จังหวัดอุดรธานี |4173|ท้องถิ่นเทศบาลตำบลนางัว|0| |0| |4,263|4,378|8,641|3,595|
6812|41|จังหวัดอุดรธานี |4174|ท้องถิ่นเทศบาลตำบลบ้านผือ|0| |0| |3,591|3,879|7,470|4,398|
6812|41|จังหวัดอุดรธานี |4175|ท้องถิ่นเทศบาลเมืองบ้านดุง|0| |0| |7,056|7,647|14,703|6,759|
6812|41|จังหวัดอุดรธานี |4176|ท้องถิ่นเทศบาลตำบลวังสามหมอ|0| |0| |2,806|2,978|5,784|2,977|
6812|41|จังหวัดอุดรธานี |4177|ท้องถิ่นเทศบาลตำบลศรีธาตุ|0| |0| |2,588|2,701|5,289|1,999|
6812|41|จังหวัดอุดรธานี |4178|ท้องถิ่นเทศบาลตำบลไชยวาน|0| |0| |3,862|4,118|7,980|2,602|
6812|41|จังหวัดอุดรธานี |4179|ท้องถิ่นเทศบาลตำบลทุ่งฝน|0| |0| |3,333|3,575|6,908|2,336|
6812|41|จังหวัดอุดรธานี |4180|ท้องถิ่นเทศบาลตำบลหนองหาน|0| |0| |1,843|2,085|3,928|1,934|
6812|41|จังหวัดอุดรธานี |4181|ท้องถิ่นเทศบาลตำบลหนองเม็ก|0| |0| |3,997|4,003|8,000|2,401|
6812|41|จังหวัดอุดรธานี |4182|ท้องถิ่นเทศบาลตำบลบ้านเชียง|0| |0| |2,743|2,808|5,551|2,068|
6812|41|จังหวัดอุดรธานี |4183|ท้องถิ่นเทศบาลตำบลโนนสะอาด|0| |0| |2,046|2,161|4,207|1,821|
6812|41|จังหวัดอุดรธานี |4184|ท้องถิ่นเทศบาลตำบลห้วยเกิ้ง|0| |0| |2,426|2,542|4,968|1,772|
6812|41|จังหวัดอุดรธานี |4185|ท้องถิ่นเทศบาลตำบลพันดอน|0| |0| |2,491|2,774|5,265|2,788|
6812|41|จังหวัดอุดรธานี |4186|ท้องถิ่นเทศบาลตำบลกุมภวาปี|0| |0| |3,627|3,981|7,608|4,656|
6812|41|จังหวัดอุดรธานี |4187|ท้องถิ่นเทศบาลตำบลภูผาแดง|0| |0| |3,673|3,910|7,583|2,437|
6812|41|จังหวัดอุดรธานี |4188|ท้องถิ่นเทศบาลตำบลหนองวัวซอ|0| |0| |4,514|4,787|9,301|3,088|
6812|41|จังหวัดอุดรธานี |4189|ท้องถิ่นเทศบาลตำบลสร้างก่อ|0| |0| |1,911|1,939|3,850|1,130|
6812|41|จังหวัดอุดรธานี |4190|ท้องถิ่นเทศบาลตำบลตาลเลียน|0| |0| |1,817|1,812|3,629|926|
6812|41|จังหวัดอุดรธานี |4191|ท้องถิ่นเทศบาลตำบลเชียงเพ็ง|0| |0| |1,954|2,010|3,964|1,250|
6812|41|จังหวัดอุดรธานี |4192|ท้องถิ่นเทศบาลตำบลกุดจับ|0| |0| |4,779|5,099|9,878|4,177|
6812|41|จังหวัดอุดรธานี |4193|ท้องถิ่นเทศบาลตำบลหนองบัว|0| |0| |15,666|17,662|33,328|17,891|
6812|41|จังหวัดอุดรธานี |4194|ท้องถิ่นเทศบาลเมืองหนองสำโรง|0| |0| |14,674|16,119|30,793|16,628|
6812|41|จังหวัดอุดรธานี |4195|ท้องถิ่นเทศบาลตำบลบ้านจั่น|0| |0| |3,269|3,950|7,219|3,801|
6812|41|จังหวัดอุดรธานี |4196|ท้องถิ่นเทศบาลเมืองโนนสูง-น้ำคำ|0| |0| |4,482|3,831|8,313|3,708|
6812|41|จังหวัดอุดรธานี |4197|ท้องถิ่นเทศบาลตำบลนิคมสงเคราะห์|0| |0| |1,743|1,884|3,627|1,394|
6812|41|จังหวัดอุดรธานี |4198|ท้องถิ่นเทศบาลตำบลนาข่า|0| |0| |3,026|3,239|6,265|2,796|
6812|41|จังหวัดอุดรธานี |4199|ท้องถิ่นเทศบาลนครอุดรธานี|0| |0| |53,285|59,046|112,331|63,679|
6812|42|จังหวัดเลย |0| |0| |0| |314,066|315,311|629,377|243,020|
6812|42|จังหวัดเลย |4201|อำเภอเมืองเลย|0| |0| |29,864|29,476|59,340|25,467|
6812|42|จังหวัดเลย |4202|อำเภอนาด้วง|0| |0| |4,903|4,846|9,749|3,894|
6812|42|จังหวัดเลย |4203|อำเภอเชียงคาน|0| |0| |18,744|18,925|37,669|15,056|
6812|42|จังหวัดเลย |4204|อำเภอปากชม|0| |0| |17,008|16,514|33,522|11,952|
6812|42|จังหวัดเลย |4205|อำเภอด่านซ้าย|0| |0| |24,323|23,870|48,193|17,160|
6812|42|จังหวัดเลย |4206|อำเภอนาแห้ว|0| |0| |4,825|4,801|9,626|3,285|
6812|42|จังหวัดเลย |4207|อำเภอภูเรือ|0| |0| |9,981|9,644|19,625|7,835|
6812|42|จังหวัดเลย |4208|อำเภอท่าลี่|0| |0| |12,659|12,746|25,405|10,541|
6812|42|จังหวัดเลย |4209|อำเภอวังสะพุง|0| |0| |48,928|49,772|98,700|36,358|
6812|42|จังหวัดเลย |4210|อำเภอภูกระดึง|0| |0| |13,626|13,489|27,115|9,378|
6812|42|จังหวัดเลย |4211|อำเภอภูหลวง|0| |0| |12,452|12,242|24,694|8,230|
6812|42|จังหวัดเลย |4212|อำเภอผาขาว|0| |0| |15,243|15,227|30,470|8,873|
6812|42|จังหวัดเลย |4213|อำเภอเอราวัณ|0| |0| |16,700|16,797|33,497|12,046|
6812|42|จังหวัดเลย |4214|อำเภอหนองหิน|0| |0| |10,288|10,197|20,485|6,514|
6812|42|จังหวัดเลย |4279|ท้องถิ่นเทศบาลตำบลโนนปอแดง|0| |0| |5,485|5,472|10,957|3,688|
6812|42|จังหวัดเลย |4280|ท้องถิ่นเทศบาลตำบลนาดอกคำ|0| |0| |4,946|4,820|9,766|3,066|
6812|42|จังหวัดเลย |4281|ท้องถิ่นเทศบาลตำบลธาตุ|0| |0| |4,701|4,801|9,502|3,604|
6812|42|จังหวัดเลย |4282|ท้องถิ่นเทศบาลตำบลนาดินดำ|0| |0| |5,303|5,297|10,600|3,882|
6812|42|จังหวัดเลย |4283|ท้องถิ่นเทศบาลตำบลนาโป่ง|0| |0| |5,108|5,176|10,284|3,722|
6812|42|จังหวัดเลย |4284|ท้องถิ่นเทศบาลตำบลนาอาน|0| |0| |6,503|6,838|13,341|6,636|
6812|42|จังหวัดเลย |4285|ท้องถิ่นเทศบาลตำบลเขาแก้ว|0| |0| |3,815|3,812|7,627|2,263|
6812|42|จังหวัดเลย |4286|ท้องถิ่นเทศบาลตำบลหนองหิน|0| |0| |2,090|2,217|4,307|2,186|
6812|42|จังหวัดเลย |4287|ท้องถิ่นเทศบาลตำบลภูกระดึง|0| |0| |3,375|3,474|6,849|2,868|
6812|42|จังหวัดเลย |4288|ท้องถิ่นเทศบาลเมืองวังสะพุง|0| |0| |4,848|5,302|10,150|4,783|
6812|42|จังหวัดเลย |4289|ท้องถิ่นเทศบาลตำบลท่าลี่|0| |0| |811|901|1,712|847|
6812|42|จังหวัดเลย |4290|ท้องถิ่นเทศบาลตำบลภูเรือ|0| |0| |1,330|1,362|2,692|1,640|
6812|42|จังหวัดเลย |4291|ท้องถิ่นเทศบาลตำบลนาแห้ว|0| |0| |1,028|999|2,027|981|
6812|42|จังหวัดเลย |4292|ท้องถิ่นเทศบาลตำบลด่านซ้าย|0| |0| |1,548|1,626|3,174|2,056|
6812|42|จังหวัดเลย |4293|ท้องถิ่นเทศบาลตำบลปากชม|0| |0| |1,630|1,729|3,359|1,670|
6812|42|จังหวัดเลย |4294|ท้องถิ่นเทศบาลตำบลเชียงกลม|0| |0| |2,520|2,568|5,088|1,727|
6812|42|จังหวัดเลย |4295|ท้องถิ่นเทศบาลตำบลเชียงคาน|0| |0| |2,328|2,522|4,850|2,907|
6812|42|จังหวัดเลย |4296|ท้องถิ่นเทศบาลตำบลนาด้วง|0| |0| |3,128|3,210|6,338|2,496|
6812|42|จังหวัดเลย |4297|ท้องถิ่นเทศบาลตำบลน้ำสวย|0| |0| |1,728|1,791|3,519|1,284|
6812|42|จังหวัดเลย |4298|ท้องถิ่นเทศบาลตำบลนาอ้อ|0| |0| |2,923|3,027|5,950|2,440|
6812|42|จังหวัดเลย |4299|ท้องถิ่นเทศบาลเมืองเลย|0| |0| |9,374|9,821|19,195|11,685|
6812|43|จังหวัดหนองคาย |0| |0| |0| |252,051|258,138|510,189|192,378|
6812|43|จังหวัดหนองคาย |4301|อำเภอเมืองหนองคาย|0| |0| |36,964|37,737|74,701|26,507|
6812|43|จังหวัดหนองคาย |4302|อำเภอท่าบ่อ|0| |0| |29,861|30,782|60,643|19,924|
6812|43|จังหวัดหนองคาย |4305|อำเภอโพนพิสัย|0| |0| |39,079|39,506|78,585|26,663|
6812|43|จังหวัดหนองคาย |4307|อำเภอศรีเชียงใหม่|0| |0| |11,370|11,753|23,123|7,895|
6812|43|จังหวัดหนองคาย |4308|อำเภอสังคม|0| |0| |11,222|11,044|22,266|7,744|
6812|43|จังหวัดหนองคาย |4314|อำเภอสระใคร|0| |0| |13,252|13,179|26,431|9,126|
6812|43|จังหวัดหนองคาย |4315|อำเภอเฝ้าไร่|0| |0| |19,662|19,787|39,449|11,954|
6812|43|จังหวัดหนองคาย |4316|อำเภอรัตนวาปี|0| |0| |18,620|18,712|37,332|13,784|
6812|43|จังหวัดหนองคาย |4317|อำเภอโพธิ์ตาก|0| |0| |7,453|7,604|15,057|5,441|
6812|43|จังหวัดหนองคาย |4378|ท้องถิ่นเทศบาลตำบลเฝ้าไร่|0| |0| |5,438|5,516|10,954|4,269|
6812|43|จังหวัดหนองคาย |4381|ท้องถิ่นเทศบาลตำบลโพธิ์ชัย|0| |0| |4,002|4,297|8,299|4,197|
6812|43|จังหวัดหนองคาย |4382|ท้องถิ่นเทศบาลตำบลหาดคำ|0| |0| |4,713|4,845|9,558|3,229|
6812|43|จังหวัดหนองคาย |4388|ท้องถิ่นเทศบาลตำบลสังคม|0| |0| |1,563|1,649|3,212|1,550|
6812|43|จังหวัดหนองคาย |4389|ท้องถิ่นเทศบาลตำบลศรีเชียงใหม่|0| |0| |2,937|3,103|6,040|3,011|
6812|43|จังหวัดหนองคาย |4391|ท้องถิ่นเทศบาลเมืองโพนพิสัย|0| |0| |9,090|9,359|18,449|8,359|
6812|43|จังหวัดหนองคาย |4395|ท้องถิ่นเทศบาลตำบลโพนสา|0| |0| |1,673|1,920|3,593|1,187|
6812|43|จังหวัดหนองคาย |4396|ท้องถิ่นเทศบาลเมืองท่าบ่อ|0| |0| |8,028|8,556|16,584|7,684|
6812|43|จังหวัดหนองคาย |4397|ท้องถิ่นเทศบาลตำบลหนองสองห้อง|0| |0| |2,499|2,544|5,043|2,200|
6812|43|จังหวัดหนองคาย |4398|ท้องถิ่นเทศบาลตำบลเวียงคุก|0| |0| |2,728|3,003|5,731|1,983|
6812|43|จังหวัดหนองคาย |4399|ท้องถิ่นเทศบาลเมืองหนองคาย|0| |0| |21,897|23,242|45,139|25,671|
6812|44|จังหวัดมหาสารคาม |0| |0| |0| |453,093|471,031|924,124|324,703|
6812|44|จังหวัดมหาสารคาม |4401|อำเภอเมืองมหาสารคาม|0| |0| |49,681|52,177|101,858|38,887|
6812|44|จังหวัดมหาสารคาม |4402|อำเภอแกดำ|0| |0| |12,040|12,104|24,144|6,859|
6812|44|จังหวัดมหาสารคาม |4403|อำเภอโกสุมพิสัย|0| |0| |52,805|54,727|107,532|33,235|
6812|44|จังหวัดมหาสารคาม |4404|อำเภอกันทรวิชัย|0| |0| |26,644|27,925|54,569|17,422|
6812|44|จังหวัดมหาสารคาม |4405|อำเภอเชียงยืน|0| |0| |26,827|27,913|54,740|19,079|
6812|44|จังหวัดมหาสารคาม |4406|อำเภอบรบือ|0| |0| |49,685|50,255|99,940|35,797|
6812|44|จังหวัดมหาสารคาม |4407|อำเภอนาเชือก|0| |0| |28,050|28,419|56,469|18,421|
6812|44|จังหวัดมหาสารคาม |4408|อำเภอพยัคฆภูมิพิสัย|0| |0| |38,884|39,495|78,379|23,306|
6812|44|จังหวัดมหาสารคาม |4409|อำเภอวาปีปทุม|0| |0| |52,444|53,448|105,892|31,847|
6812|44|จังหวัดมหาสารคาม |4410|อำเภอนาดูน|0| |0| |15,927|16,265|32,192|9,048|
6812|44|จังหวัดมหาสารคาม |4411|อำเภอยางสีสุราช|0| |0| |16,985|17,293|34,278|10,319|
6812|44|จังหวัดมหาสารคาม |4412|อำเภอกุดรัง|0| |0| |18,319|18,224|36,543|11,144|
6812|44|จังหวัดมหาสารคาม |4413|อำเภอชื่นชม|0| |0| |11,810|12,326|24,136|7,341|
6812|44|จังหวัดมหาสารคาม |4487|ท้องถิ่นเทศบาลตำบลขามเรียง|0| |0| |4,985|6,042|11,027|6,127|
6812|44|จังหวัดมหาสารคาม |4488|ท้องถิ่นเทศบาลตำบลท่าขอนยาง|0| |0| |4,250|4,585|8,835|7,093|
6812|44|จังหวัดมหาสารคาม |4489|ท้องถิ่นเทศบาลตำบลนาดูน|0| |0| |2,356|2,304|4,660|1,950|
6812|44|จังหวัดมหาสารคาม |4490|ท้องถิ่นเทศบาลตำบลวาปีปทุม|0| |0| |2,120|2,359|4,479|2,506|
6812|44|จังหวัดมหาสารคาม |4491|ท้องถิ่นเทศบาลตำบลพยัคฆภูมิพิสัย|0| |0| |3,717|4,168|7,885|4,525|
6812|44|จังหวัดมหาสารคาม |4492|ท้องถิ่นเทศบาลตำบลนาเชือก|0| |0| |1,756|1,879|3,635|2,253|
6812|44|จังหวัดมหาสารคาม |4493|ท้องถิ่นเทศบาลตำบลบรบือ|0| |0| |2,353|2,824|5,177|2,463|
6812|44|จังหวัดมหาสารคาม |4494|ท้องถิ่นเทศบาลตำบลเชียงยืน|0| |0| |2,110|2,289|4,399|2,509|
6812|44|จังหวัดมหาสารคาม |4495|ท้องถิ่นเทศบาลตำบลกันทรวิชัย|0| |0| |1,497|1,695|3,192|1,564|
6812|44|จังหวัดมหาสารคาม |4496|ท้องถิ่นเทศบาลตำบลโกสุมพิสัย|0| |0| |4,168|4,571|8,739|4,555|
6812|44|จังหวัดมหาสารคาม |4497|ท้องถิ่นเทศบาลตำบลแกดำ|0| |0| |2,583|2,600|5,183|1,782|
6812|44|จังหวัดมหาสารคาม |4498|ท้องถิ่นเทศบาลตำบลแวงน่าง|0| |0| |2,707|2,901|5,608|2,388|
6812|44|จังหวัดมหาสารคาม |4499|ท้องถิ่นเทศบาลเมืองมหาสารคาม|0| |0| |18,390|22,243|40,633|22,283|
6812|45|จังหวัดร้อยเอ็ด |0| |0| |0| |625,987|643,461|1,269,448|422,603|
6812|45|จังหวัดร้อยเอ็ด |4501|อำเภอเมืองร้อยเอ็ด|0| |0| |53,970|56,922|110,892|45,107|
6812|45|จังหวัดร้อยเอ็ด |4502|อำเภอเกษตรวิสัย|0| |0| |36,073|36,278|72,351|22,184|
6812|45|จังหวัดร้อยเอ็ด |4503|อำเภอปทุมรัตต์|0| |0| |22,967|23,541|46,508|13,578|
6812|45|จังหวัดร้อยเอ็ด |4504|อำเภอจตุรพักตรพิมาน|0| |0| |24,725|25,251|49,976|14,531|
6812|45|จังหวัดร้อยเอ็ด |4505|อำเภอธวัชบุรี|0| |0| |18,339|18,449|36,788|11,997|
6812|45|จังหวัดร้อยเอ็ด |4506|อำเภอพนมไพร|0| |0| |29,018|29,455|58,473|18,793|
6812|45|จังหวัดร้อยเอ็ด |4507|อำเภอโพนทอง|0| |0| |47,357|48,160|95,517|30,634|
6812|45|จังหวัดร้อยเอ็ด |4508|อำเภอโพธิ์ชัย|0| |0| |13,303|13,576|26,879|8,118|
6812|45|จังหวัดร้อยเอ็ด |4509|อำเภอหนองพอก|0| |0| |29,638|29,590|59,228|17,504|
6812|45|จังหวัดร้อยเอ็ด |4510|อำเภอเสลภูมิ|0| |0| |43,615|44,708|88,323|26,329|
6812|45|จังหวัดร้อยเอ็ด |4511|อำเภอสุวรรณภูมิ|0| |0| |50,917|51,995|102,912|31,534|
6812|45|จังหวัดร้อยเอ็ด |4512|อำเภอเมืองสรวง|0| |0| |6,635|6,700|13,335|3,973|
6812|45|จังหวัดร้อยเอ็ด |4513|อำเภอโพนทราย|0| |0| |10,882|10,996|21,878|5,417|
6812|45|จังหวัดร้อยเอ็ด |4514|อำเภออาจสามารถ|0| |0| |33,927|34,259|68,186|19,967|
6812|45|จังหวัดร้อยเอ็ด |4515|อำเภอเมยวดี|0| |0| |11,201|11,511|22,712|7,316|
6812|45|จังหวัดร้อยเอ็ด |4516|อำเภอศรีสมเด็จ|0| |0| |17,980|17,184|35,164|11,762|
6812|45|จังหวัดร้อยเอ็ด |4517|อำเภอจังหาร|0| |0| |18,508|19,347|37,855|12,873|
6812|45|จังหวัดร้อยเอ็ด |4518|อำเภอเชียงขวัญ|0| |0| |12,986|13,615|26,601|8,714|
6812|45|จังหวัดร้อยเอ็ด |4519|อำเภอหนองฮี|0| |0| |11,735|11,924|23,659|6,842|
6812|45|จังหวัดร้อยเอ็ด |4520|อำเภอทุ่งเขาหลวง|0| |0| |11,166|11,475|22,641|6,832|
6812|45|จังหวัดร้อยเอ็ด |4565|ท้องถิ่นเทศบาลตำบลนิเวศน์|0| |0| |3,393|3,458|6,851|3,394|
6812|45|จังหวัดร้อยเอ็ด |4566|ท้องถิ่นเทศบาลตำบลมะอึ|0| |0| |2,564|2,740|5,304|2,257|
6812|45|จังหวัดร้อยเอ็ด |4569|ท้องถิ่นเทศบาลตำบลโพธิ์ชัย|0| |0| |3,203|3,248|6,451|1,827|
6812|45|จังหวัดร้อยเอ็ด |4570|ท้องถิ่นเทศบาลตำบลดินดำ|0| |0| |3,224|3,386|6,610|2,089|
6812|45|จังหวัดร้อยเอ็ด |4571|ท้องถิ่นเทศบาลตำบลเมืองไพร|0| |0| |3,106|3,003|6,109|1,666|
6812|45|จังหวัดร้อยเอ็ด |4572|ท้องถิ่นเทศบาลตำบลขวาว|0| |0| |4,181|4,417|8,598|2,277|
6812|45|จังหวัดร้อยเอ็ด |4573|ท้องถิ่นเทศบาลตำบลดงแดง|0| |0| |4,186|4,405|8,591|2,540|
6812|45|จังหวัดร้อยเอ็ด |4574|ท้องถิ่นเทศบาลตำบลโคกล่าม|0| |0| |3,552|3,656|7,208|2,202|
6812|45|จังหวัดร้อยเอ็ด |4575|ท้องถิ่นเทศบาลตำบลหัวช้าง|0| |0| |3,886|4,155|8,041|2,865|
6812|45|จังหวัดร้อยเอ็ด |4576|ท้องถิ่นเทศบาลตำบลอุ่มเม้า|0| |0| |3,518|3,642|7,160|2,160|
6812|45|จังหวัดร้อยเอ็ด |4577|ท้องถิ่นเทศบาลตำบลปอภาร|0| |0| |3,391|3,758|7,149|2,576|
6812|45|จังหวัดร้อยเอ็ด |4578|ท้องถิ่นเทศบาลตำบลเมืองบัว|0| |0| |4,016|4,214|8,230|2,942|
6812|45|จังหวัดร้อยเอ็ด |4579|ท้องถิ่นเทศบาลตำบลคำพอุง|0| |0| |4,610|4,502|9,112|2,804|
6812|45|จังหวัดร้อยเอ็ด |4580|ท้องถิ่นเทศบาลตำบลอัคคะคำ|0| |0| |4,050|4,052|8,102|2,219|
6812|45|จังหวัดร้อยเอ็ด |4581|ท้องถิ่นเทศบาลตำบลโนนตาล|0| |0| |2,633|2,647|5,280|1,592|
6812|45|จังหวัดร้อยเอ็ด |4583|ท้องถิ่นเทศบาลตำบลอาจสามารถ|0| |0| |1,877|2,001|3,878|1,898|
6812|45|จังหวัดร้อยเอ็ด |4584|ท้องถิ่นเทศบาลตำบลโพนทราย|0| |0| |2,704|2,805|5,509|2,175|
6812|45|จังหวัดร้อยเอ็ด |4585|ท้องถิ่นเทศบาลตำบลเมืองสรวง|0| |0| |4,632|4,770|9,402|3,098|
6812|45|จังหวัดร้อยเอ็ด |4586|ท้องถิ่นเทศบาลตำบลสุวรรณภูมิ|0| |0| |4,067|4,568|8,635|4,446|
6812|45|จังหวัดร้อยเอ็ด |4587|ท้องถิ่นเทศบาลตำบลเสลภูมิ|0| |0| |6,078|6,531|12,609|5,344|
6812|45|จังหวัดร้อยเอ็ด |4588|ท้องถิ่นเทศบาลตำบลหนองพอก|0| |0| |3,030|3,193|6,223|2,882|
6812|45|จังหวัดร้อยเอ็ด |4589|ท้องถิ่นเทศบาลตำบลเชียงใหม่|0| |0| |3,941|4,114|8,055|2,617|
6812|45|จังหวัดร้อยเอ็ด |4590|ท้องถิ่นเทศบาลตำบลชัยวารี|0| |0| |2,514|2,625|5,139|1,630|
6812|45|จังหวัดร้อยเอ็ด |4591|ท้องถิ่นเทศบาลตำบลโพนทอง|0| |0| |5,355|5,643|10,998|5,539|
6812|45|จังหวัดร้อยเอ็ด |4592|ท้องถิ่นเทศบาลตำบลพนมไพร|0| |0| |1,893|2,032|3,925|1,859|
6812|45|จังหวัดร้อยเอ็ด |4593|ท้องถิ่นเทศบาลตำบลบ้านนิเวศน์|0| |0| |1,159|1,301|2,460|1,229|
6812|45|จังหวัดร้อยเอ็ด |4594|ท้องถิ่นเทศบาลตำบลธงธานี|0| |0| |3,611|3,909|7,520|2,684|
6812|45|จังหวัดร้อยเอ็ด |4595|ท้องถิ่นเทศบาลตำบลจตุรพักตรพิมาน|0| |0| |1,743|1,965|3,708|1,665|
6812|45|จังหวัดร้อยเอ็ด |4596|ท้องถิ่นเทศบาลตำบลปทุมรัตต์|0| |0| |3,006|3,219|6,225|2,260|
6812|45|จังหวัดร้อยเอ็ด |4597|ท้องถิ่นเทศบาลตำบลเกษตรวิสัย|0| |0| |4,983|5,404|10,387|5,043|
6812|45|จังหวัดร้อยเอ็ด |4598|ท้องถิ่นเทศบาลตำบลกู่กาสิงห์|0| |0| |2,145|2,267|4,412|1,682|
6812|45|จังหวัดร้อยเอ็ด |4599|ท้องถิ่นเทศบาลเมืองร้อยเอ็ด|0| |0| |14,794|16,895|31,689|17,137|
6812|46|จังหวัดกาฬสินธุ์ |0| |0| |0| |471,528|485,893|957,421|335,591|
6812|46|จังหวัดกาฬสินธุ์ |4601|อำเภอเมืองกาฬสินธุ์|0| |0| |39,320|41,019|80,339|27,978|
6812|46|จังหวัดกาฬสินธุ์ |4602|อำเภอนามน|0| |0| |14,397|14,767|29,164|10,082|
6812|46|จังหวัดกาฬสินธุ์ |4603|อำเภอกมลาไสย|0| |0| |21,640|22,776|44,416|13,095|
6812|46|จังหวัดกาฬสินธุ์ |4604|อำเภอร่องคำ|0| |0| |5,073|5,250|10,323|3,466|
6812|46|จังหวัดกาฬสินธุ์ |4605|อำเภอกุฉินารายณ์|0| |0| |30,436|30,525|60,961|22,829|
6812|46|จังหวัดกาฬสินธุ์ |4606|อำเภอเขาวง|0| |0| |10,274|10,441|20,715|9,237|
6812|46|จังหวัดกาฬสินธุ์ |4607|อำเภอยางตลาด|0| |0| |39,134|40,934|80,068|25,618|
6812|46|จังหวัดกาฬสินธุ์ |4608|อำเภอห้วยเม็ก|0| |0| |19,883|19,820|39,703|12,967|
6812|46|จังหวัดกาฬสินธุ์ |4609|อำเภอสหัสขันธ์|0| |0| |18,440|18,547|36,987|11,955|
6812|46|จังหวัดกาฬสินธุ์ |4610|อำเภอคำม่วง|0| |0| |13,227|13,278|26,505|7,825|
6812|46|จังหวัดกาฬสินธุ์ |4611|อำเภอท่าคันโท|0| |0| |14,123|14,254|28,377|8,557|
6812|46|จังหวัดกาฬสินธุ์ |4612|อำเภอหนองกุงศรี|0| |0| |25,211|25,434|50,645|16,259|
6812|46|จังหวัดกาฬสินธุ์ |4613|อำเภอสมเด็จ|0| |0| |26,905|27,542|54,447|19,358|
6812|46|จังหวัดกาฬสินธุ์ |4614|อำเภอห้วยผึ้ง|0| |0| |6,826|7,035|13,861|4,237|
6812|46|จังหวัดกาฬสินธุ์ |4615|อำเภอสามชัย|0| |0| |12,660|12,327|24,987|8,161|
6812|46|จังหวัดกาฬสินธุ์ |4616|อำเภอนาคู|0| |0| |12,522|12,544|25,066|8,777|
6812|46|จังหวัดกาฬสินธุ์ |4617|อำเภอดอนจาน|0| |0| |12,772|13,046|25,818|8,686|
6812|46|จังหวัดกาฬสินธุ์ |4618|อำเภอฆ้องชัย|0| |0| |12,834|13,183|26,017|8,007|
6812|46|จังหวัดกาฬสินธุ์ |4665|ท้องถิ่นเทศบาลตำบลจุมจัง|0| |0| |4,663|4,732|9,395|2,648|
6812|46|จังหวัดกาฬสินธุ์ |4666|ท้องถิ่นเทศบาลตำบลนาทัน|0| |0| |7,073|6,958|14,031|3,890|
6812|46|จังหวัดกาฬสินธุ์ |4667|ท้องถิ่นเทศบาลตำบลอิตื้อ|0| |0| |4,106|4,328|8,434|2,624|
6812|46|จังหวัดกาฬสินธุ์ |4669|ท้องถิ่นเทศบาลตำบลหัวนาคำ|0| |0| |5,908|6,213|12,121|3,932|
6812|46|จังหวัดกาฬสินธุ์ |4670|ท้องถิ่นเทศบาลตำบลบัวบาน|0| |0| |6,140|6,510|12,650|4,666|
6812|46|จังหวัดกาฬสินธุ์ |4671|ท้องถิ่นเทศบาลตำบลนาขาม|0| |0| |6,355|6,479|12,834|3,593|
6812|46|จังหวัดกาฬสินธุ์ |4672|ท้องถิ่นเทศบาลตำบลลำคลอง|0| |0| |2,028|2,174|4,202|1,398|
6812|46|จังหวัดกาฬสินธุ์ |4673|ท้องถิ่นเทศบาลตำบลคำบง|0| |0| |5,119|5,118|10,237|3,145|
6812|46|จังหวัดกาฬสินธุ์ |4674|ท้องถิ่นเทศบาลตำบลสระพังทอง|0| |0| |1,350|1,353|2,703|1,055|
6812|46|จังหวัดกาฬสินธุ์ |4675|ท้องถิ่นเทศบาลตำบลห้วยโพธิ์|0| |0| |5,726|5,884|11,610|3,584|
6812|46|จังหวัดกาฬสินธุ์ |4676|ท้องถิ่นเทศบาลตำบลนาคู|0| |0| |2,408|2,652|5,060|2,006|
6812|46|จังหวัดกาฬสินธุ์ |4677|ท้องถิ่นเทศบาลตำบลห้วยผึ้ง|0| |0| |2,693|2,835|5,528|2,388|
6812|46|จังหวัดกาฬสินธุ์ |4678|ท้องถิ่นเทศบาลตำบลสมเด็จ|0| |0| |3,095|3,369|6,464|3,513|
6812|46|จังหวัดกาฬสินธุ์ |4679|ท้องถิ่นเทศบาลตำบลหนองหิน|0| |0| |2,577|2,639|5,216|1,716|
6812|46|จังหวัดกาฬสินธุ์ |4680|ท้องถิ่นเทศบาลตำบลหนองกุงศรี|0| |0| |4,247|4,429|8,676|3,640|
6812|46|จังหวัดกาฬสินธุ์ |4681|ท้องถิ่นเทศบาลตำบลท่าคันโท|0| |0| |4,398|4,569|8,967|3,160|
6812|46|จังหวัดกาฬสินธุ์ |4682|ท้องถิ่นเทศบาลตำบลโพน|0| |0| |1,842|1,872|3,714|1,163|
6812|46|จังหวัดกาฬสินธุ์ |4683|ท้องถิ่นเทศบาลตำบลคำม่วง|0| |0| |1,912|1,965|3,877|1,827|
6812|46|จังหวัดกาฬสินธุ์ |4684|ท้องถิ่นเทศบาลตำบลโนนบุรี|0| |0| |2,384|2,631|5,015|2,163|
6812|46|จังหวัดกาฬสินธุ์ |4685|ท้องถิ่นเทศบาลตำบลห้วยเม็ก|0| |0| |2,678|2,832|5,510|2,388|
6812|46|จังหวัดกาฬสินธุ์ |4686|ท้องถิ่นเทศบาลตำบลคำใหญ่|0| |0| |2,414|2,498|4,912|1,719|
6812|46|จังหวัดกาฬสินธุ์ |4687|ท้องถิ่นเทศบาลตำบลยางตลาด|0| |0| |3,721|4,262|7,983|4,008|
6812|46|จังหวัดกาฬสินธุ์ |4688|ท้องถิ่นเทศบาลตำบลโคกศรี|0| |0| |1,488|1,608|3,096|1,362|
6812|46|จังหวัดกาฬสินธุ์ |4689|ท้องถิ่นเทศบาลตำบลกุดสิม|0| |0| |4,705|4,932|9,637|4,683|
6812|46|จังหวัดกาฬสินธุ์ |4690|ท้องถิ่นเทศบาลเมืองกุฉินารายณ์|0| |0| |5,364|5,602|10,966|5,236|
6812|46|จังหวัดกาฬสินธุ์ |4691|ท้องถิ่นเทศบาลตำบลกุดหว้า|0| |0| |2,432|2,666|5,098|2,144|
6812|46|จังหวัดกาฬสินธุ์ |4692|ท้องถิ่นเทศบาลตำบลร่องคำ|0| |0| |2,867|3,025|5,892|2,355|
6812|46|จังหวัดกาฬสินธุ์ |4693|ท้องถิ่นเทศบาลตำบลหนองแปน|0| |0| |3,184|3,497|6,681|2,327|
6812|46|จังหวัดกาฬสินธุ์ |4694|ท้องถิ่นเทศบาลตำบลธัญญา|0| |0| |3,046|3,164|6,210|1,774|
6812|46|จังหวัดกาฬสินธุ์ |4695|ท้องถิ่นเทศบาลตำบลกมลาไสย|0| |0| |4,449|4,997|9,446|3,886|
6812|46|จังหวัดกาฬสินธุ์ |4696|ท้องถิ่นเทศบาลตำบลนามน|0| |0| |3,316|3,402|6,718|2,503|
6812|46|จังหวัดกาฬสินธุ์ |4697|ท้องถิ่นเทศบาลตำบลหนองสอ|0| |0| |3,457|3,739|7,196|2,426|
6812|46|จังหวัดกาฬสินธุ์ |4698|ท้องถิ่นเทศบาลตำบลนาจารย์|0| |0| |4,119|4,159|8,278|2,649|
6812|46|จังหวัดกาฬสินธุ์ |4699|ท้องถิ่นเทศบาลเมืองกาฬสินธุ์|0| |0| |14,587|16,078|30,665|16,926|
6812|47|จังหวัดสกลนคร |0| |0| |0| |561,786|572,305|1,134,091|415,928|
6812|47|จังหวัดสกลนคร |4701|อำเภอเมืองสกลนคร|0| |0| |56,567|58,407|114,974|45,871|
6812|47|จังหวัดสกลนคร |4702|อำเภอกุสุมาลย์|0| |0| |21,665|21,887|43,552|14,883|
6812|47|จังหวัดสกลนคร |4703|อำเภอกุดบาก|0| |0| |13,727|13,523|27,250|9,751|
6812|47|จังหวัดสกลนคร |4704|อำเภอพรรณานิคม|0| |0| |38,018|38,701|76,719|28,576|
6812|47|จังหวัดสกลนคร |4705|อำเภอพังโคน|0| |0| |22,381|23,076|45,457|18,583|
6812|47|จังหวัดสกลนคร |4706|อำเภอวาริชภูมิ|0| |0| |17,416|18,033|35,449|13,047|
6812|47|จังหวัดสกลนคร |4707|อำเภอนิคมน้ำอูน|0| |0| |7,326|7,360|14,686|4,829|
6812|47|จังหวัดสกลนคร |4708|อำเภอวานรนิวาส|0| |0| |59,709|60,511|120,220|36,964|
6812|47|จังหวัดสกลนคร |4709|อำเภอคำตากล้า|0| |0| |16,157|16,423|32,580|12,220|
6812|47|จังหวัดสกลนคร |4710|อำเภอบ้านม่วง|0| |0| |33,557|33,253|66,810|21,431|
6812|47|จังหวัดสกลนคร |4711|อำเภออากาศอำนวย|0| |0| |26,992|26,838|53,830|20,461|
6812|47|จังหวัดสกลนคร |4712|อำเภอสว่างแดนดิน|0| |0| |62,632|63,750|126,382|39,433|
6812|47|จังหวัดสกลนคร |4713|อำเภอส่องดาว|0| |0| |14,930|14,587|29,517|8,073|
6812|47|จังหวัดสกลนคร |4714|อำเภอเต่างอย|0| |0| |11,972|11,944|23,916|9,314|
6812|47|จังหวัดสกลนคร |4715|อำเภอโคกศรีสุพรรณ|0| |0| |10,629|10,848|21,477|8,043|
6812|47|จังหวัดสกลนคร |4716|อำเภอเจริญศิลป์|0| |0| |19,138|19,030|38,168|11,340|
6812|47|จังหวัดสกลนคร |4717|อำเภอโพนนาแก้ว|0| |0| |18,326|18,355|36,681|12,551|
6812|47|จังหวัดสกลนคร |4718|อำเภอภูพาน|0| |0| |17,921|17,681|35,602|11,146|
6812|47|จังหวัดสกลนคร |4779|ท้องถิ่นเทศบาลตำบลคำบ่อ|0| |0| |6,643|6,866|13,509|4,358|
6812|47|จังหวัดสกลนคร |4780|ท้องถิ่นเทศบาลตำบลตองโขบ|0| |0| |6,181|6,388|12,569|6,046|
6812|47|จังหวัดสกลนคร |4781|ท้องถิ่นเทศบาลตำบลบงใต้|0| |0| |5,071|5,032|10,103|3,188|
6812|47|จังหวัดสกลนคร |4782|ท้องถิ่นเทศบาลตำบลสามัคคีพัฒนา|0| |0| |4,457|4,509|8,966|2,558|
6812|47|จังหวัดสกลนคร |4783|ท้องถิ่นเทศบาลตำบลเชียงเครือ|0| |0| |7,853|8,164|16,017|6,504|
6812|47|จังหวัดสกลนคร |4784|ท้องถิ่นเทศบาลตำบลเจริญศิลป์|0| |0| |3,240|3,408|6,648|2,480|
6812|47|จังหวัดสกลนคร |4785|ท้องถิ่นเทศบาลตำบลส่องดาว|0| |0| |2,430|2,444|4,874|1,738|
6812|47|จังหวัดสกลนคร |4786|ท้องถิ่นเทศบาลตำบลสว่างแดนดิน|0| |0| |3,787|4,186|7,973|5,121|
6812|47|จังหวัดสกลนคร |4787|ท้องถิ่นเทศบาลตำบลดอนเขือง|0| |0| |1,999|2,059|4,058|1,347|
6812|47|จังหวัดสกลนคร |4788|ท้องถิ่นเทศบาลตำบลอากาศอำนวย|0| |0| |4,204|4,450|8,654|3,182|
6812|47|จังหวัดสกลนคร |4789|ท้องถิ่นเทศบาลตำบลบ้านม่วง|0| |0| |1,664|1,802|3,466|1,603|
6812|47|จังหวัดสกลนคร |4790|ท้องถิ่นเทศบาลตำบลคำตากล้า|0| |0| |3,423|3,531|6,954|2,439|
6812|47|จังหวัดสกลนคร |4791|ท้องถิ่นเทศบาลตำบลวานรนิวาส|0| |0| |2,567|2,837|5,404|2,447|
6812|47|จังหวัดสกลนคร |4792|ท้องถิ่นเทศบาลตำบลวาริชภูมิ|0| |0| |1,270|1,335|2,605|1,434|
6812|47|จังหวัดสกลนคร |4793|ท้องถิ่นเทศบาลตำบลพังโคน|0| |0| |3,066|3,206|6,272|4,212|
6812|47|จังหวัดสกลนคร |4794|ท้องถิ่นเทศบาลตำบลพรรณานิคม|0| |0| |1,096|1,245|2,341|1,504|
6812|47|จังหวัดสกลนคร |4795|ท้องถิ่นเทศบาลตำบลกุดบาก|0| |0| |2,433|2,579|5,012|2,030|
6812|47|จังหวัดสกลนคร |4796|ท้องถิ่นเทศบาลตำบลกุสุมาลย์|0| |0| |1,931|2,045|3,976|1,819|
6812|47|จังหวัดสกลนคร |4797|ท้องถิ่นเทศบาลตำบลท่าแร่|0| |0| |2,988|3,306|6,294|2,377|
6812|47|จังหวัดสกลนคร |4798|ท้องถิ่นเทศบาลตำบลดงมะไฟ|0| |0| |2,676|3,027|5,703|2,359|
6812|47|จังหวัดสกลนคร |4799|ท้องถิ่นเทศบาลนครสกลนคร|0| |0| |23,744|25,679|49,423|30,666|
6812|48|จังหวัดนครพนม |0| |0| |0| |352,126|356,139|708,265|249,246|
6812|48|จังหวัดนครพนม |4801|อำเภอเมืองนครพนม|0| |0| |58,159|58,055|116,214|38,773|
6812|48|จังหวัดนครพนม |4802|อำเภอปลาปาก|0| |0| |25,184|24,903|50,087|17,175|
6812|48|จังหวัดนครพนม |4803|อำเภอท่าอุเทน|0| |0| |27,222|27,047|54,269|16,737|
6812|48|จังหวัดนครพนม |4804|อำเภอบ้านแพง|0| |0| |13,206|13,083|26,289|8,844|
6812|48|จังหวัดนครพนม |4805|อำเภอธาตุพนม|0| |0| |35,159|35,825|70,984|23,288|
6812|48|จังหวัดนครพนม |4806|อำเภอเรณูนคร|0| |0| |20,448|20,456|40,904|13,744|
6812|48|จังหวัดนครพนม |4807|อำเภอนาแก|0| |0| |35,451|36,023|71,474|22,966|
6812|48|จังหวัดนครพนม |4808|อำเภอศรีสงคราม|0| |0| |31,760|32,245|64,005|20,433|
6812|48|จังหวัดนครพนม |4809|อำเภอนาหว้า|0| |0| |19,745|19,737|39,482|14,235|
6812|48|จังหวัดนครพนม |4810|อำเภอโพนสวรรค์|0| |0| |26,207|26,288|52,495|17,914|
6812|48|จังหวัดนครพนม |4811|อำเภอนาทม|0| |0| |11,790|11,764|23,554|8,069|
6812|48|จังหวัดนครพนม |4812|อำเภอวังยาง|0| |0| |7,924|7,751|15,675|5,101|
6812|48|จังหวัดนครพนม |4890|ท้องถิ่นเทศบาลตำบลปลาปาก|0| |0| |1,878|1,985|3,863|1,694|
6812|48|จังหวัดนครพนม |4891|ท้องถิ่นเทศบาลตำบลโพนสวรรค์|0| |0| |2,626|2,641|5,267|1,981|
6812|48|จังหวัดนครพนม |4892|ท้องถิ่นเทศบาลตำบลนาหว้า|0| |0| |5,862|6,055|11,917|4,526|
6812|48|จังหวัดนครพนม |4893|ท้องถิ่นเทศบาลตำบลศรีสงคราม|0| |0| |2,394|2,511|4,905|2,772|
6812|48|จังหวัดนครพนม |4894|ท้องถิ่นเทศบาลตำบลนาแก|0| |0| |1,954|2,189|4,143|2,422|
6812|48|จังหวัดนครพนม |4895|ท้องถิ่นเทศบาลตำบลเรณูนคร|0| |0| |2,001|2,248|4,249|1,764|
6812|48|จังหวัดนครพนม |4896|ท้องถิ่นเทศบาลตำบลธาตุพนม|0| |0| |4,618|4,939|9,557|4,277|
6812|48|จังหวัดนครพนม |4897|ท้องถิ่นเทศบาลตำบลบ้านแพง|0| |0| |4,232|4,394|8,626|4,015|
6812|48|จังหวัดนครพนม |4898|ท้องถิ่นเทศบาลตำบลท่าอุเทน|0| |0| |2,242|2,384|4,626|2,086|
6812|48|จังหวัดนครพนม |4899|ท้องถิ่นเทศบาลเมืองนครพนม|0| |0| |12,064|13,616|25,680|16,430|
6812|49|จังหวัดมุกดาหาร |0| |0| |0| |174,321|175,297|349,618|127,885|
6812|49|จังหวัดมุกดาหาร |4901|อำเภอเมืองมุกดาหาร|0| |0| |40,193|39,750|79,943|28,844|
6812|49|จังหวัดมุกดาหาร |4902|อำเภอนิคมคำสร้อย|0| |0| |16,822|17,045|33,867|10,782|
6812|49|จังหวัดมุกดาหาร |4903|อำเภอดอนตาล|0| |0| |19,388|19,254|38,642|12,495|
6812|49|จังหวัดมุกดาหาร |4904|อำเภอดงหลวง|0| |0| |19,671|19,364|39,035|12,927|
6812|49|จังหวัดมุกดาหาร |4905|อำเภอคำชะอี|0| |0| |21,837|21,891|43,728|15,407|
6812|49|จังหวัดมุกดาหาร |4906|อำเภอหว้านใหญ่|0| |0| |10,052|10,144|20,196|6,917|
6812|49|จังหวัดมุกดาหาร |4907|อำเภอหนองสูง|0| |0| |10,157|10,260|20,417|7,931|
6812|49|จังหวัดมุกดาหาร |4989|ท้องถิ่นเทศบาลตำบลร่มเกล้า|0| |0| |1,683|1,614|3,297|1,117|
6812|49|จังหวัดมุกดาหาร |4993|ท้องถิ่นเทศบาลตำบลบ้านแก้ง|0| |0| |1,521|1,555|3,076|1,049|
6812|49|จังหวัดมุกดาหาร |4994|ท้องถิ่นเทศบาลตำบลคำอาฮวน|0| |0| |6,541|6,465|13,006|5,198|
6812|49|จังหวัดมุกดาหาร |4995|ท้องถิ่นเทศบาลตำบลดงเย็น|0| |0| |5,452|5,271|10,723|3,227|
6812|49|จังหวัดมุกดาหาร |4996|ท้องถิ่นเทศบาลตำบลคำชะอี|0| |0| |1,117|1,124|2,241|1,165|
6812|49|จังหวัดมุกดาหาร |4997|ท้องถิ่นเทศบาลตำบลดอนตาล|0| |0| |1,124|1,279|2,403|1,015|
6812|49|จังหวัดมุกดาหาร |4998|ท้องถิ่นเทศบาลตำบลนิคมคำสร้อย|0| |0| |2,944|3,090|6,034|2,499|
6812|49|จังหวัดมุกดาหาร |4999|ท้องถิ่นเทศบาลเมืองมุกดาหาร|0| |0| |15,819|17,191|33,010|17,312|
6812|50|จังหวัดเชียงใหม่ |0| |0| |0| |863,853|934,735|1,798,588|916,688|
6812|50|จังหวัดเชียงใหม่ |5001|อำเภอเมืองเชียงใหม่|0| |0| |7,036|8,032|15,068|12,245|
6812|50|จังหวัดเชียงใหม่ |5002|อำเภอจอมทอง|0| |0| |27,414|28,840|56,254|21,569|
6812|50|จังหวัดเชียงใหม่ |5003|อำเภอแม่แจ่ม|0| |0| |29,437|28,589|58,026|19,695|
6812|50|จังหวัดเชียงใหม่ |5004|อำเภอเชียงดาว|0| |0| |14,160|14,671|28,831|12,496|
6812|50|จังหวัดเชียงใหม่ |5005|อำเภอดอยสะเก็ด|0| |0| |23,039|25,872|48,911|26,286|
6812|50|จังหวัดเชียงใหม่ |5006|อำเภอแม่แตง|0| |0| |29,395|30,023|59,418|26,294|
6812|50|จังหวัดเชียงใหม่ |5007|อำเภอแม่ริม|0| |0| |40,997|43,398|84,395|41,696|
6812|50|จังหวัดเชียงใหม่ |5008|อำเภอสะเมิง|0| |0| |9,229|8,885|18,114|6,478|
6812|50|จังหวัดเชียงใหม่ |5009|อำเภอฝาง|0| |0| |55,584|56,661|112,245|43,804|
6812|50|จังหวัดเชียงใหม่ |5010|อำเภอแม่อาย|0| |0| |34,177|34,370|68,547|27,717|
6812|50|จังหวัดเชียงใหม่ |5011|อำเภอพร้าว|0| |0| |17,521|18,209|35,730|16,323|
6812|50|จังหวัดเชียงใหม่ |5012|อำเภอสันป่าตอง|0| |0| |27,038|30,987|58,025|27,238|
6812|50|จังหวัดเชียงใหม่ |5013|อำเภอสันกำแพง|0| |0| |20,738|23,719|44,457|25,309|
6812|50|จังหวัดเชียงใหม่ |5014|อำเภอสันทราย|0| |0| |10,805|12,224|23,029|12,119|
6812|50|จังหวัดเชียงใหม่ |5015|อำเภอหางดง|0| |0| |37,466|43,216|80,682|49,820|
6812|50|จังหวัดเชียงใหม่ |5016|อำเภอฮอด|0| |0| |12,154|12,509|24,663|10,046|
6812|50|จังหวัดเชียงใหม่ |5017|อำเภอดอยเต่า|0| |0| |10,997|11,212|22,209|9,067|
6812|50|จังหวัดเชียงใหม่ |5018|อำเภออมก๋อย|0| |0| |31,417|31,095|62,512|24,504|
6812|50|จังหวัดเชียงใหม่ |5019|อำเภอสารภี|0| |0| |23,677|27,420|51,097|27,412|
6812|50|จังหวัดเชียงใหม่ |5020|อำเภอเวียงแหง|0| |0| |27,426|26,671|54,097|10,608|
6812|50|จังหวัดเชียงใหม่ |5021|อำเภอไชยปราการ|0| |0| |17,687|17,743|35,430|12,578|
6812|50|จังหวัดเชียงใหม่ |5022|อำเภอแม่วาง|0| |0| |13,639|13,860|27,499|10,558|
6812|50|จังหวัดเชียงใหม่ |5023|อำเภอแม่ออน|0| |0| |10,088|10,456|20,544|10,212|
6812|50|จังหวัดเชียงใหม่ |5024|อำเภอดอยหล่อ|0| |0| |11,643|12,569|24,212|12,180|
6812|50|จังหวัดเชียงใหม่ |5025|อำเภอกัลยาณิวัฒนา|0| |0| |6,738|6,414|13,152|4,934|
6812|50|จังหวัดเชียงใหม่ |5040|ท้องถิ่นเทศบาลตำบลบวกค้าง|0| |0| |4,130|4,638|8,768|4,399|
6812|50|จังหวัดเชียงใหม่ |5041|ท้องถิ่นเทศบาลตำบลบ่อหลวง|0| |0| |5,912|5,958|11,870|4,038|
6812|50|จังหวัดเชียงใหม่ |5042|ท้องถิ่นเทศบาลตำบลป่าไผ่|0| |0| |7,713|8,766|16,479|7,614|
6812|50|จังหวัดเชียงใหม่ |5043|ท้องถิ่นเทศบาลตำบลสันนาเม็ง|0| |0| |6,478|7,764|14,242|9,140|
6812|50|จังหวัดเชียงใหม่ |5044|ท้องถิ่นเทศบาลตำบลสันพระเนตร|0| |0| |2,930|3,514|6,444|3,825|
6812|50|จังหวัดเชียงใหม่ |5046|ท้องถิ่นเทศบาลตำบลสันปูเลย|0| |0| |8,838|10,392|19,230|11,359|
6812|50|จังหวัดเชียงใหม่ |5049|ท้องถิ่นเทศบาลตำบลเชิงดอย|0| |0| |3,866|4,243|8,109|4,188|
6812|50|จังหวัดเชียงใหม่ |5050|ท้องถิ่นเทศบาลตำบลเมืองนะ|0| |0| |18,914|19,491|38,405|10,514|
6812|50|จังหวัดเชียงใหม่ |5054|ท้องถิ่นเทศบาลตำบลทุ่งข้าวพวง|0| |0| |5,622|5,513|11,135|3,243|
6812|50|จังหวัดเชียงใหม่ |5055|ท้องถิ่นเทศบาลตำบลปิงโค้ง|0| |0| |7,596|6,757|14,353|4,849|
6812|50|จังหวัดเชียงใหม่ |5056|ท้องถิ่นเทศบาลตำบลพระธาตุปู่ก่ำ|0| |0| |1,154|1,225|2,379|1,243|
6812|50|จังหวัดเชียงใหม่ |5057|ท้องถิ่นเทศบาลเมืองแม่เหียะ|0| |0| |8,966|11,086|20,052|14,447|
6812|50|จังหวัดเชียงใหม่ |5058|ท้องถิ่นเทศบาลตำบลสารภี|0| |0| |2,988|3,486|6,474|2,972|
6812|50|จังหวัดเชียงใหม่ |5059|ท้องถิ่นเทศบาลตำบลฟ้าฮ่าม|0| |0| |3,268|3,897|7,165|10,198|
6812|50|จังหวัดเชียงใหม่ |5060|ท้องถิ่นเทศบาลตำบลหนองจ๊อม|0| |0| |8,006|9,681|17,687|10,071|
6812|50|จังหวัดเชียงใหม่ |5061|ท้องถิ่นเทศบาลตำบลหนองหอย|0| |0| |3,548|4,391|7,939|5,829|
6812|50|จังหวัดเชียงใหม่ |5062|ท้องถิ่นเทศบาลตำบลแม่แฝก|0| |0| |4,160|4,820|8,980|4,172|
6812|50|จังหวัดเชียงใหม่ |5063|ท้องถิ่นเทศบาลตำบลท่าศาลา|0| |0| |3,367|3,987|7,354|6,417|
6812|50|จังหวัดเชียงใหม่ |5064|ท้องถิ่นเทศบาลตำบลหนองผึ้ง|0| |0| |7,598|8,935|16,533|9,506|
6812|50|จังหวัดเชียงใหม่ |5065|ท้องถิ่นเทศบาลตำบลเจดีย์แม่ครัว|0| |0| |4,132|4,614|8,746|4,564|
6812|50|จังหวัดเชียงใหม่ |5066|ท้องถิ่นเทศบาลตำบลแม่ปั๋ง|0| |0| |2,883|3,012|5,895|2,789|
6812|50|จังหวัดเชียงใหม่ |5067|ท้องถิ่นเทศบาลตำบลชมภู|0| |0| |3,810|4,211|8,021|3,618|
6812|50|จังหวัดเชียงใหม่ |5068|ท้องถิ่นเทศบาลตำบลป่าแดด|0| |0| |8,271|9,900|18,171|11,951|
6812|50|จังหวัดเชียงใหม่ |5069|ท้องถิ่นเทศบาลเมืองสุเทพ|0| |0| |8,136|8,549|16,685|12,003|
6812|50|จังหวัดเชียงใหม่ |5070|ท้องถิ่นเทศบาลตำบลหนองป่าครั่ง|0| |0| |3,454|3,951|7,405|6,514|
6812|50|จังหวัดเชียงใหม่ |5071|ท้องถิ่นเทศบาลตำบลแม่วาง|0| |0| |2,088|2,346|4,434|2,381|
6812|50|จังหวัดเชียงใหม่ |5072|ท้องถิ่นเทศบาลตำบลไชยปราการ|0| |0| |7,148|7,981|15,129|7,042|
6812|50|จังหวัดเชียงใหม่ |5073|ท้องถิ่นเทศบาลตำบลยางเนิ้ง|0| |0| |5,076|6,143|11,219|6,474|
6812|50|จังหวัดเชียงใหม่ |5074|ท้องถิ่นเทศบาลตำบลอมก๋อย|0| |0| |532|504|1,036|866|
6812|50|จังหวัดเชียงใหม่ |5075|ท้องถิ่นเทศบาลตำบลท่าเดื่อ-มืดกา|0| |0| |1,970|2,112|4,082|1,930|
6812|50|จังหวัดเชียงใหม่ |5076|ท้องถิ่นเทศบาลตำบลท่าข้าม|0| |0| |2,642|2,861|5,503|3,713|
6812|50|จังหวัดเชียงใหม่ |5077|ท้องถิ่นเทศบาลตำบลหางดง|0| |0| |2,821|3,506|6,327|4,141|
6812|50|จังหวัดเชียงใหม่ |5078|ท้องถิ่นเทศบาลตำบลหนองตองพัฒนา|0| |0| |3,703|4,349|8,052|3,748|
6812|50|จังหวัดเชียงใหม่ |5079|ท้องถิ่นเทศบาลตำบลสันทรายหลวง|0| |0| |13,385|16,303|29,688|17,688|
6812|50|จังหวัดเชียงใหม่ |5080|ท้องถิ่นเทศบาลเมืองแม่โจ้|0| |0| |10,533|12,623|23,156|15,784|
6812|50|จังหวัดเชียงใหม่ |5081|ท้องถิ่นเทศบาลตำบลสันกำแพง|0| |0| |8,012|9,463|17,475|9,756|
6812|50|จังหวัดเชียงใหม่ |5082|ท้องถิ่นเทศบาลเมืองต้นเปา|0| |0| |9,385|11,510|20,895|14,617|
6812|50|จังหวัดเชียงใหม่ |5083|ท้องถิ่นเทศบาลตำบลสันป่าตอง|0| |0| |1,902|2,272|4,174|2,868|
6812|50|จังหวัดเชียงใหม่ |5084|ท้องถิ่นเทศบาลตำบลบ้านกลาง|0| |0| |4,746|5,425|10,171|5,700|
6812|50|จังหวัดเชียงใหม่ |5085|ท้องถิ่นเทศบาลตำบลเวียงพร้าว|0| |0| |1,988|2,359|4,347|2,930|
6812|50|จังหวัดเชียงใหม่ |5086|ท้องถิ่นเทศบาลตำบลแม่อาย|0| |0| |4,907|5,373|10,280|4,601|
6812|50|จังหวัดเชียงใหม่ |5087|ท้องถิ่นเทศบาลตำบลเวียงฝาง|0| |0| |3,892|4,200|8,092|4,101|
6812|50|จังหวัดเชียงใหม่ |5088|ท้องถิ่นเทศบาลตำบลบ้านแม่ข่า|0| |0| |875|933|1,808|893|
6812|50|จังหวัดเชียงใหม่ |5089|ท้องถิ่นเทศบาลตำบลสะเมิงใต้|0| |0| |2,578|2,648|5,226|2,863|
6812|50|จังหวัดเชียงใหม่ |5090|ท้องถิ่นเทศบาลตำบลแม่ริม|0| |0| |4,172|4,853|9,025|6,068|
6812|50|จังหวัดเชียงใหม่ |5091|ท้องถิ่นเทศบาลตำบลสันมหาพน|0| |0| |3,758|4,355|8,113|5,357|
6812|50|จังหวัดเชียงใหม่ |5092|ท้องถิ่นเทศบาลเมืองเมืองแกนพัฒนา|0| |0| |5,559|6,158|11,717|5,969|
6812|50|จังหวัดเชียงใหม่ |5093|ท้องถิ่นเทศบาลตำบลดอยสะเก็ด|0| |0| |1,805|2,093|3,898|2,233|
6812|50|จังหวัดเชียงใหม่ |5094|ท้องถิ่นเทศบาลตำบลเมืองงาย|0| |0| |1,699|1,981|3,680|2,112|
6812|50|จังหวัดเชียงใหม่ |5095|ท้องถิ่นเทศบาลตำบลเชียงดาว|0| |0| |1,695|1,953|3,648|2,453|
6812|50|จังหวัดเชียงใหม่ |5096|ท้องถิ่นเทศบาลตำบลแม่แจ่ม|0| |0| |1,221|1,289|2,510|1,719|
6812|50|จังหวัดเชียงใหม่ |5097|ท้องถิ่นเทศบาลตำบลจอมทอง|0| |0| |4,024|4,766|8,790|4,685|
6812|50|จังหวัดเชียงใหม่ |5098|ท้องถิ่นเทศบาลตำบลช้างเผือก|0| |0| |4,020|4,616|8,636|9,550|
6812|50|จังหวัดเชียงใหม่ |5099|ท้องถิ่นเทศบาลนครเชียงใหม่|0| |0| |52,475|59,334|111,809|93,795|
6812|51|จังหวัดลำพูน |0| |0| |0| |188,407|206,537|394,944|195,859|
6812|51|จังหวัดลำพูน |5101|อำเภอเมืองลำพูน|0| |0| |20,712|23,506|44,218|21,813|
6812|51|จังหวัดลำพูน |5102|อำเภอแม่ทา|0| |0| |11,781|12,276|24,057|11,097|
6812|51|จังหวัดลำพูน |5103|อำเภอบ้านโฮ่ง|0| |0| |12,106|12,799|24,905|10,734|
6812|51|จังหวัดลำพูน |5104|อำเภอลี้|0| |0| |30,035|29,999|60,034|22,405|
6812|51|จังหวัดลำพูน |5105|อำเภอทุ่งหัวช้าง|0| |0| |8,638|8,702|17,340|6,735|
6812|51|จังหวัดลำพูน |5106|อำเภอป่าซาง|0| |0| |13,271|14,229|27,500|13,379|
6812|51|จังหวัดลำพูน |5107|อำเภอบ้านธิ|0| |0| |3,729|4,142|7,871|3,559|
6812|51|จังหวัดลำพูน |5175|ท้องถิ่นเทศบาลตำบลป่าสัก|0| |0| |7,638|8,542|16,180|9,072|
6812|51|จังหวัดลำพูน |5176|ท้องถิ่นเทศบาลตำบลศรีเตี้ย|0| |0| |2,477|2,729|5,206|2,340|
6812|51|จังหวัดลำพูน |5177|ท้องถิ่นเทศบาลตำบลทาสบชัย|0| |0| |2,356|2,478|4,834|2,399|
6812|51|จังหวัดลำพูน |5178|ท้องถิ่นเทศบาลตำบลหนองล่อง|0| |0| |2,540|2,748|5,288|2,645|
6812|51|จังหวัดลำพูน |5179|ท้องถิ่นเทศบาลตำบลหนองยวง|0| |0| |1,657|1,813|3,470|1,840|
6812|51|จังหวัดลำพูน |5180|ท้องถิ่นเทศบาลตำบลมะกอก|0| |0| |2,321|2,666|4,987|2,469|
6812|51|จังหวัดลำพูน |5181|ท้องถิ่นเทศบาลตำบลมะเขือแจ้|0| |0| |7,898|8,787|16,685|9,746|
6812|51|จังหวัดลำพูน |5182|ท้องถิ่นเทศบาลตำบลเวียงยอง|0| |0| |3,475|4,081|7,556|4,281|
6812|51|จังหวัดลำพูน |5183|ท้องถิ่นเทศบาลตำบลบ้านกลาง|0| |0| |5,506|6,556|12,062|11,878|
6812|51|จังหวัดลำพูน |5184|ท้องถิ่นเทศบาลตำบลเหมืองง่า|0| |0| |7,360|8,947|16,307|9,052|
6812|51|จังหวัดลำพูน |5185|ท้องถิ่นเทศบาลตำบลแม่แรง|0| |0| |3,214|3,564|6,778|2,812|
6812|51|จังหวัดลำพูน |5186|ท้องถิ่นเทศบาลตำบลบ้านธิ|0| |0| |4,401|4,882|9,283|4,687|
6812|51|จังหวัดลำพูน |5187|ท้องถิ่นเทศบาลตำบลวังผาง|0| |0| |3,411|3,834|7,245|3,357|
6812|51|จังหวัดลำพูน |5188|ท้องถิ่นเทศบาลตำบลม่วงน้อย|0| |0| |1,842|2,171|4,013|2,056|
6812|51|จังหวัดลำพูน |5189|ท้องถิ่นเทศบาลตำบลป่าซาง|0| |0| |3,626|4,341|7,967|4,332|
6812|51|จังหวัดลำพูน |5190|ท้องถิ่นเทศบาลตำบลทุ่งหัวช้าง|0| |0| |1,249|1,257|2,506|1,338|
6812|51|จังหวัดลำพูน |5191|ท้องถิ่นเทศบาลตำบลวังดิน|0| |0| |2,011|2,155|4,166|2,858|
6812|51|จังหวัดลำพูน |5192|ท้องถิ่นเทศบาลตำบลแม่ตืน|0| |0| |1,557|1,737|3,294|1,387|
6812|51|จังหวัดลำพูน |5193|ท้องถิ่นเทศบาลตำบลบ้านโฮ่ง|0| |0| |3,241|3,913|7,154|3,758|
6812|51|จังหวัดลำพูน |5194|ท้องถิ่นเทศบาลตำบลทาสบเส้า|0| |0| |2,475|2,643|5,118|2,620|
6812|51|จังหวัดลำพูน |5195|ท้องถิ่นเทศบาลตำบลทากาศ|0| |0| |1,340|1,490|2,830|1,435|
6812|51|จังหวัดลำพูน |5196|ท้องถิ่นเทศบาลตำบลอุโมงค์|0| |0| |5,819|6,717|12,536|6,345|
6812|51|จังหวัดลำพูน |5197|ท้องถิ่นเทศบาลตำบลริมปิง|0| |0| |3,031|3,543|6,574|3,056|
6812|51|จังหวัดลำพูน |5198|ท้องถิ่นเทศบาลตำบลบ้านแป้น|0| |0| |2,845|3,333|6,178|3,056|
6812|51|จังหวัดลำพูน |5199|ท้องถิ่นเทศบาลเมืองลำพูน|0| |0| |4,845|5,957|10,802|7,318|
6812|52|จังหวัดลำปาง |0| |0| |0| |337,970|359,709|697,679|310,381|
6812|52|จังหวัดลำปาง |5201|อำเภอเมืองลำปาง|0| |0| |43,054|45,405|88,459|40,569|
6812|52|จังหวัดลำปาง |5202|อำเภอแม่เมาะ|0| |0| |11,680|11,680|23,360|9,615|
6812|52|จังหวัดลำปาง |5203|อำเภอเกาะคา|0| |0| |16,614|17,948|34,562|13,777|
6812|52|จังหวัดลำปาง |5204|อำเภอเสริมงาม|0| |0| |10,695|10,764|21,459|7,954|
6812|52|จังหวัดลำปาง |5205|อำเภองาว|0| |0| |23,290|23,461|46,751|18,770|
6812|52|จังหวัดลำปาง |5206|อำเภอแจ้ห่ม|0| |0| |16,288|16,905|33,193|13,509|
6812|52|จังหวัดลำปาง |5207|อำเภอวังเหนือ|0| |0| |17,860|17,752|35,612|13,851|
6812|52|จังหวัดลำปาง |5208|อำเภอเถิน|0| |0| |15,678|16,300|31,978|11,838|
6812|52|จังหวัดลำปาง |5209|อำเภอแม่พริก|0| |0| |4,370|4,511|8,881|3,327|
6812|52|จังหวัดลำปาง |5210|อำเภอแม่ทะ|0| |0| |12,989|13,532|26,521|11,086|
6812|52|จังหวัดลำปาง |5211|อำเภอสบปราบ|0| |0| |9,999|10,362|20,361|6,833|
6812|52|จังหวัดลำปาง |5212|อำเภอห้างฉัตร|0| |0| |22,078|22,984|45,062|20,182|
6812|52|จังหวัดลำปาง |5213|อำเภอเมืองปาน|0| |0| |15,601|15,839|31,440|12,735|
6812|52|จังหวัดลำปาง |5275|ท้องถิ่นเทศบาลตำบลน้ำโจ้|0| |0| |4,486|4,700|9,186|3,605|
6812|52|จังหวัดลำปาง |5276|ท้องถิ่นเทศบาลตำบลแม่ทะ|0| |0| |3,035|3,187|6,222|3,071|
6812|52|จังหวัดลำปาง |5279|ท้องถิ่นเทศบาลตำบลนาแก้ว|0| |0| |4,180|4,379|8,559|3,275|
6812|52|จังหวัดลำปาง |5280|ท้องถิ่นเทศบาลตำบลลำปางหลวง|0| |0| |4,148|4,658|8,806|3,455|
6812|52|จังหวัดลำปาง |5281|ท้องถิ่นเทศบาลตำบลสิริราช|0| |0| |2,265|2,178|4,443|1,652|
6812|52|จังหวัดลำปาง |5282|ท้องถิ่นเทศบาลตำบลแม่เมาะ|0| |0| |7,143|7,581|14,724|8,947|
6812|52|จังหวัดลำปาง |5283|ท้องถิ่นเทศบาลตำบลเวียงมอก|0| |0| |4,930|5,011|9,941|3,680|
6812|52|จังหวัดลำปาง |5284|ท้องถิ่นเทศบาลตำบลห้างฉัตร|0| |0| |1,181|1,449|2,630|1,352|
6812|52|จังหวัดลำปาง |5285|ท้องถิ่นเทศบาลตำบลสบปราบ|0| |0| |2,469|2,776|5,245|2,156|
6812|52|จังหวัดลำปาง |5286|ท้องถิ่นเทศบาลตำบลป่าตันนาครัว|0| |0| |3,590|3,837|7,427|3,072|
6812|52|จังหวัดลำปาง |5287|ท้องถิ่นเทศบาลตำบลแม่พริก|0| |0| |1,143|1,263|2,406|1,180|
6812|52|จังหวัดลำปาง |5288|ท้องถิ่นเทศบาลตำบลแม่ปุ|0| |0| |1,711|1,906|3,617|1,381|
6812|52|จังหวัดลำปาง |5289|ท้องถิ่นเทศบาลเมืองล้อมแรด|0| |0| |6,119|7,180|13,299|7,352|
6812|52|จังหวัดลำปาง |5290|ท้องถิ่นเทศบาลตำบลวังเหนือ|0| |0| |1,885|1,918|3,803|2,048|
6812|52|จังหวัดลำปาง |5291|ท้องถิ่นเทศบาลตำบลบ้านใหม่|0| |0| |1,195|1,231|2,426|909|
6812|52|จังหวัดลำปาง |5292|ท้องถิ่นเทศบาลตำบลแจ้ห่ม|0| |0| |1,515|1,716|3,231|1,729|
6812|52|จังหวัดลำปาง |5293|ท้องถิ่นเทศบาลตำบลเสริมงาม|0| |0| |3,876|4,003|7,879|3,174|
6812|52|จังหวัดลำปาง |5294|ท้องถิ่นเทศบาลตำบลหลวงเหนือ|0| |0| |1,834|2,087|3,921|2,434|
6812|52|จังหวัดลำปาง |5295|ท้องถิ่นเทศบาลตำบลเกาะคา|0| |0| |1,975|2,333|4,308|2,467|
6812|52|จังหวัดลำปาง |5296|ท้องถิ่นเทศบาลเมืองพิชัย|0| |0| |6,033|7,011|13,044|6,764|
6812|52|จังหวัดลำปาง |5297|ท้องถิ่นเทศบาลตำบลบ่อแฮ้ว|0| |0| |4,535|5,112|9,647|4,754|
6812|52|จังหวัดลำปาง |5298|ท้องถิ่นเทศบาลเมืองเขลางค์นคร|0| |0| |27,501|30,810|58,311|27,650|
6812|52|จังหวัดลำปาง |5299|ท้องถิ่นเทศบาลนครลำปาง|0| |0| |21,025|25,940|46,965|30,228|
6812|53|จังหวัดอุตรดิตถ์ |0| |0| |0| |210,378|222,897|433,275|180,771|
6812|53|จังหวัดอุตรดิตถ์ |5301|อำเภอเมืองอุตรดิตถ์|0| |0| |21,865|23,130|44,995|18,602|
6812|53|จังหวัดอุตรดิตถ์ |5302|อำเภอตรอน|0| |0| |13,867|14,855|28,722|10,442|
6812|53|จังหวัดอุตรดิตถ์ |5303|อำเภอท่าปลา|0| |0| |13,962|14,236|28,198|10,343|
6812|53|จังหวัดอุตรดิตถ์ |5304|อำเภอน้ำปาด|0| |0| |16,091|16,205|32,296|12,503|
6812|53|จังหวัดอุตรดิตถ์ |5305|อำเภอฟากท่า|0| |0| |6,208|6,597|12,805|5,310|
6812|53|จังหวัดอุตรดิตถ์ |5306|อำเภอบ้านโคก|0| |0| |5,162|5,042|10,204|4,721|
6812|53|จังหวัดอุตรดิตถ์ |5307|อำเภอพิชัย|0| |0| |33,714|35,851|69,565|26,888|
6812|53|จังหวัดอุตรดิตถ์ |5308|อำเภอลับแล|0| |0| |17,632|18,125|35,757|15,761|
6812|53|จังหวัดอุตรดิตถ์ |5309|อำเภอทองแสนขัน|0| |0| |12,619|12,972|25,591|9,905|
6812|53|จังหวัดอุตรดิตถ์ |5377|ท้องถิ่นเทศบาลตำบลท่าเสา|0| |0| |7,546|7,418|14,964|8,116|
6812|53|จังหวัดอุตรดิตถ์ |5378|ท้องถิ่นเทศบาลตำบลน้ำริด|0| |0| |3,315|3,508|6,823|2,702|
6812|53|จังหวัดอุตรดิตถ์ |5379|ท้องถิ่นเทศบาลตำบลหาดกรวด|0| |0| |3,564|3,864|7,428|2,755|
6812|53|จังหวัดอุตรดิตถ์ |5380|ท้องถิ่นเทศบาลตำบลจริม|0| |0| |4,207|4,067|8,274|2,392|
6812|53|จังหวัดอุตรดิตถ์ |5381|ท้องถิ่นเทศบาลตำบลคุ้งตะเภา|0| |0| |4,212|4,521|8,733|3,638|
6812|53|จังหวัดอุตรดิตถ์ |5382|ท้องถิ่นเทศบาลตำบลผาจุก|0| |0| |3,786|4,110|7,896|3,204|
6812|53|จังหวัดอุตรดิตถ์ |5383|ท้องถิ่นเทศบาลตำบลบ้านเกาะ|0| |0| |4,411|5,098|9,509|4,092|
6812|53|จังหวัดอุตรดิตถ์ |5384|ท้องถิ่นเทศบาลตำบลทองแสนขัน|0| |0| |2,101|2,279|4,380|1,878|
6812|53|จังหวัดอุตรดิตถ์ |5385|ท้องถิ่นเทศบาลตำบลหัวดง|0| |0| |2,596|2,763|5,359|2,257|
6812|53|จังหวัดอุตรดิตถ์ |5386|ท้องถิ่นเทศบาลตำบลทุ่งยั้ง|0| |0| |4,482|5,161|9,643|4,312|
6812|53|จังหวัดอุตรดิตถ์ |5387|ท้องถิ่นเทศบาลตำบลในเมือง|0| |0| |780|923|1,703|1,023|
6812|53|จังหวัดอุตรดิตถ์ |5388|ท้องถิ่นเทศบาลตำบลท่าสัก|0| |0| |546|613|1,159|598|
6812|53|จังหวัดอุตรดิตถ์ |5389|ท้องถิ่นเทศบาลตำบลบ้านโคก|0| |0| |1,905|1,911|3,816|2,007|
6812|53|จังหวัดอุตรดิตถ์ |5390|ท้องถิ่นเทศบาลตำบลฟากท่า|0| |0| |376|360|736|434|
6812|53|จังหวัดอุตรดิตถ์ |5391|ท้องถิ่นเทศบาลตำบลน้ำปาด|0| |0| |1,324|1,422|2,746|1,628|
6812|53|จังหวัดอุตรดิตถ์ |5392|ท้องถิ่นเทศบาลตำบลร่วมจิต|0| |0| |1,542|1,748|3,290|1,253|
6812|53|จังหวัดอุตรดิตถ์ |5393|ท้องถิ่นเทศบาลตำบลท่าปลา|0| |0| |1,031|1,128|2,159|998|
6812|53|จังหวัดอุตรดิตถ์ |5394|ท้องถิ่นเทศบาลตำบลบ้านแก่ง|0| |0| |978|1,063|2,041|915|
6812|53|จังหวัดอุตรดิตถ์ |5395|ท้องถิ่นเทศบาลตำบลตรอน|0| |0| |795|872|1,667|710|
6812|53|จังหวัดอุตรดิตถ์ |5396|ท้องถิ่นเทศบาลตำบลวังกะพี้|0| |0| |4,372|4,949|9,321|3,531|
6812|53|จังหวัดอุตรดิตถ์ |5397|ท้องถิ่นเทศบาลตำบลบ้านด่านนาขาม|0| |0| |1,801|1,925|3,726|1,425|
6812|53|จังหวัดอุตรดิตถ์ |5398|ท้องถิ่นเทศบาลตำบลศรีพนมมาศ|0| |0| |1,231|1,477|2,708|1,219|
6812|53|จังหวัดอุตรดิตถ์ |5399|ท้องถิ่นเทศบาลเมืองอุตรดิตถ์|0| |0| |12,357|14,704|27,061|15,209|
6812|54|จังหวัดแพร่ |0| |0| |0| |200,080|217,400|417,480|187,264|
6812|54|จังหวัดแพร่ |5401|อำเภอเมืองแพร่|0| |0| |28,463|32,524|60,987|28,886|
6812|54|จังหวัดแพร่ |5402|อำเภอร้องกวาง|0| |0| |16,347|17,718|34,065|13,234|
6812|54|จังหวัดแพร่ |5403|อำเภอลอง|0| |0| |14,512|14,882|29,394|11,860|
6812|54|จังหวัดแพร่ |5404|อำเภอสูงเม่น|0| |0| |31,126|34,589|65,715|28,926|
6812|54|จังหวัดแพร่ |5405|อำเภอเด่นชัย|0| |0| |9,774|9,380|19,154|8,753|
6812|54|จังหวัดแพร่ |5406|อำเภอสอง|0| |0| |19,692|20,697|40,389|16,904|
6812|54|จังหวัดแพร่ |5407|อำเภอวังชิ้น|0| |0| |20,434|20,611|41,045|15,983|
6812|54|จังหวัดแพร่ |5408|อำเภอหนองม่วงไข่|0| |0| |5,573|6,449|12,022|5,156|
6812|54|จังหวัดแพร่ |5482|ท้องถิ่นเทศบาลตำบลแม่ลานนา|0| |0| |3,105|3,252|6,357|2,801|
6812|54|จังหวัดแพร่ |5483|ท้องถิ่นเทศบาลตำบลแม่ปาน|0| |0| |1,378|1,386|2,764|1,178|
6812|54|จังหวัดแพร่ |5484|ท้องถิ่นเทศบาลตำบลเวียงต้า|0| |0| |3,020|3,008|6,028|2,528|
6812|54|จังหวัดแพร่ |5485|ท้องถิ่นเทศบาลตำบลป่าแมต|0| |0| |5,475|6,314|11,789|5,238|
6812|54|จังหวัดแพร่ |5486|ท้องถิ่นเทศบาลตำบลแม่คำมี|0| |0| |3,319|3,528|6,847|2,793|
6812|54|จังหวัดแพร่ |5487|ท้องถิ่นเทศบาลตำบลหนองม่วงไข่|0| |0| |1,931|2,255|4,186|1,952|
6812|54|จังหวัดแพร่ |5488|ท้องถิ่นเทศบาลตำบลวังชิ้น|0| |0| |1,332|1,394|2,726|1,486|
6812|54|จังหวัดแพร่ |5489|ท้องถิ่นเทศบาลตำบลสอง|0| |0| |2,783|3,355|6,138|3,197|
6812|54|จังหวัดแพร่ |5490|ท้องถิ่นเทศบาลตำบลแม่จั๊วะ|0| |0| |1,710|1,871|3,581|1,619|
6812|54|จังหวัดแพร่ |5491|ท้องถิ่นเทศบาลตำบลเด่นชัย|0| |0| |4,881|5,421|10,302|5,362|
6812|54|จังหวัดแพร่ |5492|ท้องถิ่นเทศบาลตำบลสูงเม่น|0| |0| |1,626|1,861|3,487|1,977|
6812|54|จังหวัดแพร่ |5493|ท้องถิ่นเทศบาลตำบลห้วยอ้อ|0| |0| |2,122|2,410|4,532|2,271|
6812|54|จังหวัดแพร่ |5494|ท้องถิ่นเทศบาลตำบลบ้านปิน|0| |0| |975|1,144|2,119|841|
6812|54|จังหวัดแพร่ |5495|ท้องถิ่นเทศบาลตำบลร้องกวาง|0| |0| |5,554|6,224|11,778|6,188|
6812|54|จังหวัดแพร่ |5496|ท้องถิ่นเทศบาลตำบลแม่หล่าย|0| |0| |1,916|2,276|4,192|2,072|
6812|54|จังหวัดแพร่ |5497|ท้องถิ่นเทศบาลตำบลทุ่งโฮ้ง|0| |0| |2,774|3,229|6,003|3,335|
6812|54|จังหวัดแพร่ |5498|ท้องถิ่นเทศบาลตำบลช่อแฮ|0| |0| |4,050|4,341|8,391|3,838|
6812|54|จังหวัดแพร่ |5499|ท้องถิ่นเทศบาลเมืองแพร่|0| |0| |6,208|7,281|13,489|8,886|
6812|55|จังหวัดน่าน |0| |0| |0| |233,287|235,081|468,368|182,521|
6812|55|จังหวัดน่าน |5501|อำเภอเมืองน่าน|0| |0| |31,329|31,848|63,177|27,006|
6812|55|จังหวัดน่าน |5502|อำเภอแม่จริม|0| |0| |8,365|8,005|16,370|5,071|
6812|55|จังหวัดน่าน |5503|อำเภอบ้านหลวง|0| |0| |5,570|5,485|11,055|4,075|
6812|55|จังหวัดน่าน |5504|อำเภอนาน้อย|0| |0| |14,663|14,581|29,244|10,891|
6812|55|จังหวัดน่าน |5505|อำเภอปัว|0| |0| |26,313|26,816|53,129|17,101|
6812|55|จังหวัดน่าน |5506|อำเภอท่าวังผา|0| |0| |22,027|22,398|44,425|15,447|
6812|55|จังหวัดน่าน |5507|อำเภอเวียงสา|0| |0| |32,505|32,505|65,010|25,980|
6812|55|จังหวัดน่าน |5508|อำเภอทุ่งช้าง|0| |0| |7,850|7,790|15,640|5,408|
6812|55|จังหวัดน่าน |5509|อำเภอเชียงกลาง|0| |0| |8,390|8,633|17,023|6,112|
6812|55|จังหวัดน่าน |5510|อำเภอนาหมื่น|0| |0| |6,882|6,860|13,742|4,693|
6812|55|จังหวัดน่าน |5511|อำเภอสันติสุข|0| |0| |7,861|7,487|15,348|5,410|
6812|55|จังหวัดน่าน |5512|อำเภอบ่อเกลือ|0| |0| |7,835|7,501|15,336|5,422|
6812|55|จังหวัดน่าน |5513|อำเภอสองแคว|0| |0| |6,355|6,006|12,361|4,075|
6812|55|จังหวัดน่าน |5514|อำเภอภูเพียง|0| |0| |17,453|18,141|35,594|14,745|
6812|55|จังหวัดน่าน |5515|อำเภอเฉลิมพระเกียรติ|0| |0| |4,977|4,750|9,727|3,534|
6812|55|จังหวัดน่าน |5592|ท้องถิ่นเทศบาลตำบลเชียงกลาง|0| |0| |4,596|4,757|9,353|4,147|
6812|55|จังหวัดน่าน |5593|ท้องถิ่นเทศบาลตำบลทุ่งช้าง|0| |0| |1,588|1,605|3,193|1,479|
6812|55|จังหวัดน่าน |5594|ท้องถิ่นเทศบาลตำบลเวียงสา|0| |0| |1,211|1,410|2,621|1,353|
6812|55|จังหวัดน่าน |5595|ท้องถิ่นเทศบาลตำบลท่าวังผา|0| |0| |2,422|2,683|5,105|2,873|
6812|55|จังหวัดน่าน |5596|ท้องถิ่นเทศบาลตำบลปัว|0| |0| |4,983|5,341|10,324|5,290|
6812|55|จังหวัดน่าน |5597|ท้องถิ่นเทศบาลตำบลนาน้อย|0| |0| |1,034|1,199|2,233|1,288|
6812|55|จังหวัดน่าน |5599|ท้องถิ่นเทศบาลเมืองน่าน|0| |0| |9,078|9,280|18,358|11,121|
6812|56|จังหวัดพะเยา |0| |0| |0| |218,714|233,250|451,964|207,675|
6812|56|จังหวัดพะเยา |5601|อำเภอเมืองพะเยา|0| |0| |20,274|21,756|42,030|18,267|
6812|56|จังหวัดพะเยา |5602|อำเภอจุน|0| |0| |8,158|9,074|17,232|7,612|
6812|56|จังหวัดพะเยา |5603|อำเภอเชียงคำ|0| |0| |27,267|27,768|55,035|22,537|
6812|56|จังหวัดพะเยา |5604|อำเภอเชียงม่วน|0| |0| |4,581|4,712|9,293|4,093|
6812|56|จังหวัดพะเยา |5605|อำเภอดอกคำใต้|0| |0| |17,829|18,971|36,800|15,524|
6812|56|จังหวัดพะเยา |5606|อำเภอปง|0| |0| |19,488|19,374|38,862|13,156|
6812|56|จังหวัดพะเยา |5607|อำเภอแม่ใจ|0| |0| |9,412|10,094|19,506|9,843|
6812|56|จังหวัดพะเยา |5608|อำเภอภูซาง|0| |0| |11,800|12,222|24,022|10,085|
6812|56|จังหวัดพะเยา |5609|อำเภอภูกามยาว|0| |0| |5,962|6,510|12,472|5,286|
6812|56|จังหวัดพะเยา |5677|ท้องถิ่นเทศบาลตำบลบ้านต๋อม|0| |0| |5,696|6,766|12,462|7,753|
6812|56|จังหวัดพะเยา |5678|ท้องถิ่นเทศบาลตำบลห้วยลาน|0| |0| |3,988|4,374|8,362|3,452|
6812|56|จังหวัดพะเยา |5679|ท้องถิ่นเทศบาลตำบลฝายกวาง|0| |0| |4,187|4,439|8,626|3,891|
6812|56|จังหวัดพะเยา |5680|ท้องถิ่นเทศบาลตำบลเวียงลอ|0| |0| |2,813|3,040|5,853|2,762|
6812|56|จังหวัดพะเยา |5681|ท้องถิ่นเทศบาลตำบลหงส์หิน|0| |0| |3,095|3,353|6,448|2,902|
6812|56|จังหวัดพะเยา |5682|ท้องถิ่นเทศบาลตำบลจุน|0| |0| |4,210|4,523|8,733|4,128|
6812|56|จังหวัดพะเยา |5683|ท้องถิ่นเทศบาลตำบลบ้านเหล่า|0| |0| |3,613|3,818|7,431|3,085|
6812|56|จังหวัดพะเยา |5684|ท้องถิ่นเทศบาลตำบลแม่กา|0| |0| |6,067|6,572|12,639|7,500|
6812|56|จังหวัดพะเยา |5685|ท้องถิ่นเทศบาลตำบลแม่ปืม|0| |0| |4,231|4,481|8,712|3,591|
6812|56|จังหวัดพะเยา |5686|ท้องถิ่นเทศบาลตำบลบ้านต๊ำ|0| |0| |3,346|3,584|6,930|3,399|
6812|56|จังหวัดพะเยา |5687|ท้องถิ่นเทศบาลตำบลท่าวังทอง|0| |0| |7,840|7,786|15,626|10,223|
6812|56|จังหวัดพะเยา |5688|ท้องถิ่นเทศบาลตำบลดงเจน|0| |0| |3,604|4,178|7,782|3,807|
6812|56|จังหวัดพะเยา |5689|ท้องถิ่นเทศบาลตำบลสบบง|0| |0| |4,003|4,333|8,336|3,775|
6812|56|จังหวัดพะเยา |5690|ท้องถิ่นเทศบาลตำบลแม่ใจ|0| |0| |2,239|2,465|4,704|2,274|
6812|56|จังหวัดพะเยา |5691|ท้องถิ่นเทศบาลตำบลปง|0| |0| |2,467|2,751|5,218|2,971|
6812|56|จังหวัดพะเยา |5692|ท้องถิ่นเทศบาลตำบลงิม|0| |0| |3,152|3,208|6,360|2,745|
6812|56|จังหวัดพะเยา |5693|ท้องถิ่นเทศบาลเมืองดอกคำใต้|0| |0| |5,449|6,437|11,886|5,717|
6812|56|จังหวัดพะเยา |5694|ท้องถิ่นเทศบาลตำบลบ้านถ้ำ|0| |0| |3,923|3,976|7,899|3,759|
6812|56|จังหวัดพะเยา |5695|ท้องถิ่นเทศบาลตำบลเชียงม่วน|0| |0| |4,038|4,231|8,269|4,144|
6812|56|จังหวัดพะเยา |5696|ท้องถิ่นเทศบาลตำบลเวียง|0| |0| |2,550|2,721|5,271|2,400|
6812|56|จังหวัดพะเยา |5697|ท้องถิ่นเทศบาลตำบลเชียงคำ|0| |0| |2,639|3,257|5,896|3,810|
6812|56|จังหวัดพะเยา |5698|ท้องถิ่นเทศบาลตำบลห้วยข้าวก่ำ|0| |0| |3,797|4,167|7,964|4,718|
6812|56|จังหวัดพะเยา |5699|ท้องถิ่นเทศบาลเมืองพะเยา|0| |0| |6,996|8,309|15,305|8,466|
6812|57|จังหวัดเชียงราย |0| |0| |0| |627,342|668,580|1,295,922|603,627|
6812|57|จังหวัดเชียงราย |5701|อำเภอเมืองเชียงราย|0| |0| |52,492|57,312|109,804|57,926|
6812|57|จังหวัดเชียงราย |5702|อำเภอเวียงชัย|0| |0| |18,684|19,949|38,633|16,779|
6812|57|จังหวัดเชียงราย |5703|อำเภอเชียงของ|0| |0| |12,208|12,690|24,898|11,144|
6812|57|จังหวัดเชียงราย |5704|อำเภอเทิง|0| |0| |36,271|37,355|73,626|30,417|
6812|57|จังหวัดเชียงราย |5705|อำเภอพาน|0| |0| |52,017|55,606|107,623|50,309|
6812|57|จังหวัดเชียงราย |5706|อำเภอป่าแดด|0| |0| |5,645|5,817|11,462|4,291|
6812|57|จังหวัดเชียงราย |5707|อำเภอแม่จัน|0| |0| |33,518|36,160|69,678|30,221|
6812|57|จังหวัดเชียงราย |5708|อำเภอเชียงแสน|0| |0| |23,958|25,187|49,145|19,939|
6812|57|จังหวัดเชียงราย |5709|อำเภอแม่สาย|0| |0| |36,480|41,018|77,498|32,885|
6812|57|จังหวัดเชียงราย |5710|อำเภอแม่สรวย|0| |0| |39,518|39,361|78,879|31,208|
6812|57|จังหวัดเชียงราย |5711|อำเภอเวียงป่าเป้า|0| |0| |29,670|30,445|60,115|26,033|
6812|57|จังหวัดเชียงราย |5712|อำเภอพญาเม็งราย|0| |0| |13,430|13,841|27,271|10,408|
6812|57|จังหวัดเชียงราย |5713|อำเภอเวียงแก่น|0| |0| |19,468|19,270|38,738|14,641|
6812|57|จังหวัดเชียงราย |5714|อำเภอขุนตาล|0| |0| |6,739|7,045|13,784|5,874|
6812|57|จังหวัดเชียงราย |5715|อำเภอแม่ฟ้าหลวง|0| |0| |38,599|38,788|77,387|27,107|
6812|57|จังหวัดเชียงราย |5716|อำเภอแม่ลาว|0| |0| |11,620|12,559|24,179|11,766|
6812|57|จังหวัดเชียงราย |5717|อำเภอเวียงเชียงรุ้ง|0| |0| |11,702|12,097|23,799|9,967|
6812|57|จังหวัดเชียงราย |5718|อำเภอดอยหลวง|0| |0| |9,210|9,225|18,435|9,132|
6812|57|จังหวัดเชียงราย |5764|ท้องถิ่นเทศบาลตำบลแม่ยาว|0| |0| |12,120|12,673|24,793|10,844|
6812|57|จังหวัดเชียงราย |5765|ท้องถิ่นเทศบาลตำบลห้วยซ้อ|0| |0| |5,939|6,058|11,997|5,489|
6812|57|จังหวัดเชียงราย |5766|ท้องถิ่นเทศบาลตำบลไม้ยา|0| |0| |5,106|5,168|10,274|3,991|
6812|57|จังหวัดเชียงราย |5767|ท้องถิ่นเทศบาลตำบลครึ่ง|0| |0| |3,022|3,100|6,122|2,807|
6812|57|จังหวัดเชียงราย |5768|ท้องถิ่นเทศบาลตำบลป่าอ้อดอนชัย|0| |0| |5,486|6,167|11,653|6,050|
6812|57|จังหวัดเชียงราย |5769|ท้องถิ่นเทศบาลตำบลยางฮอม|0| |0| |5,125|5,430|10,555|4,163|
6812|57|จังหวัดเชียงราย |5770|ท้องถิ่นเทศบาลตำบลเวียง|0| |0| |4,906|5,047|9,953|4,642|
6812|57|จังหวัดเชียงราย |5771|ท้องถิ่นเทศบาลตำบลนางแล|0| |0| |6,230|6,901|13,131|7,224|
6812|57|จังหวัดเชียงราย |5772|ท้องถิ่นเทศบาลตำบลป่าซาง|0| |0| |5,395|6,120|11,515|5,996|
6812|57|จังหวัดเชียงราย |5773|ท้องถิ่นเทศบาลตำบลเวียงพางคำ|0| |0| |10,923|12,609|23,532|10,989|
6812|57|จังหวัดเชียงราย |5774|ท้องถิ่นเทศบาลตำบลบ้านดู่|0| |0| |11,642|13,396|25,038|17,185|
6812|57|จังหวัดเชียงราย |5775|ท้องถิ่นเทศบาลตำบลบ้านเหล่า|0| |0| |1,828|1,871|3,699|1,822|
6812|57|จังหวัดเชียงราย |5776|ท้องถิ่นเทศบาลตำบลแม่ลาว|0| |0| |824|911|1,735|844|
6812|57|จังหวัดเชียงราย |5777|ท้องถิ่นเทศบาลตำบลป่าก่อดำ|0| |0| |1,924|2,186|4,110|2,121|
6812|57|จังหวัดเชียงราย |5778|ท้องถิ่นเทศบาลตำบลบ้านต้า|0| |0| |2,781|3,016|5,797|2,337|
6812|57|จังหวัดเชียงราย |5779|ท้องถิ่นเทศบาลตำบลพญาเม็งราย|0| |0| |1,921|2,105|4,026|2,356|
6812|57|จังหวัดเชียงราย |5780|ท้องถิ่นเทศบาลตำบลเวียงป่าเป้า|0| |0| |1,851|2,216|4,067|2,455|
6812|57|จังหวัดเชียงราย |5781|ท้องถิ่นเทศบาลตำบลแม่ขะจาน|0| |0| |1,280|1,469|2,749|1,672|
6812|57|จังหวัดเชียงราย |5782|ท้องถิ่นเทศบาลตำบลเจดีย์หลวง|0| |0| |2,232|2,321|4,553|2,221|
6812|57|จังหวัดเชียงราย |5783|ท้องถิ่นเทศบาลตำบลแม่สรวย|0| |0| |669|721|1,390|1,178|
6812|57|จังหวัดเชียงราย |5784|ท้องถิ่นเทศบาลตำบลห้วยไคร้|0| |0| |2,239|2,615|4,854|2,617|
6812|57|จังหวัดเชียงราย |5785|ท้องถิ่นเทศบาลตำบลแม่สาย|0| |0| |12,918|14,766|27,684|14,107|
6812|57|จังหวัดเชียงราย |5786|ท้องถิ่นเทศบาลตำบลเวียงเชียงแสน|0| |0| |2,853|3,210|6,063|3,429|
6812|57|จังหวัดเชียงราย |5787|ท้องถิ่นเทศบาลตำบลสันทราย|0| |0| |1,301|1,442|2,743|1,326|
6812|57|จังหวัดเชียงราย |5788|ท้องถิ่นเทศบาลตำบลแม่จัน|0| |0| |1,580|1,823|3,403|2,454|
6812|57|จังหวัดเชียงราย |5789|ท้องถิ่นเทศบาลตำบลแม่คำ|0| |0| |1,995|2,281|4,276|2,227|
6812|57|จังหวัดเชียงราย |5790|ท้องถิ่นเทศบาลตำบลจันจว้า|0| |0| |6,462|7,261|13,723|6,471|
6812|57|จังหวัดเชียงราย |5791|ท้องถิ่นเทศบาลตำบลป่าแดด|0| |0| |2,952|3,160|6,112|2,623|
6812|57|จังหวัดเชียงราย |5792|ท้องถิ่นเทศบาลตำบลป่าแงะ|0| |0| |3,558|3,679|7,237|3,316|
6812|57|จังหวัดเชียงราย |5793|ท้องถิ่นเทศบาลตำบลเมืองพาน|0| |0| |2,775|3,222|5,997|3,637|
6812|57|จังหวัดเชียงราย |5794|ท้องถิ่นเทศบาลตำบลเวียงเทิง|0| |0| |2,249|2,620|4,869|2,939|
6812|57|จังหวัดเชียงราย |5795|ท้องถิ่นเทศบาลตำบลบ้านปล้อง|0| |0| |1,799|1,951|3,750|1,635|
6812|57|จังหวัดเชียงราย |5796|ท้องถิ่นเทศบาลตำบลเวียงเชียงของ|0| |0| |1,626|1,923|3,549|2,400|
6812|57|จังหวัดเชียงราย |5797|ท้องถิ่นเทศบาลตำบลบุญเรือง|0| |0| |2,719|2,891|5,610|2,591|
6812|57|จังหวัดเชียงราย |5798|ท้องถิ่นเทศบาลตำบลเวียงชัย|0| |0| |3,113|3,584|6,697|3,376|
6812|57|จังหวัดเชียงราย |5799|ท้องถิ่นเทศบาลนครเชียงราย|0| |0| |34,770|38,942|73,712|52,046|
6812|58|จังหวัดแม่ฮ่องสอน |0| |0| |0| |145,888|142,869|288,757|125,752|
6812|58|จังหวัดแม่ฮ่องสอน |5801|อำเภอเมืองแม่ฮ่องสอน|0| |0| |28,458|28,151|56,609|25,117|
6812|58|จังหวัดแม่ฮ่องสอน |5802|อำเภอขุนยวม|0| |0| |10,440|9,954|20,394|8,396|
6812|58|จังหวัดแม่ฮ่องสอน |5803|อำเภอปาย|0| |0| |18,463|17,416|35,879|16,719|
6812|58|จังหวัดแม่ฮ่องสอน |5804|อำเภอแม่สะเรียง|0| |0| |26,524|26,430|52,954|23,194|
6812|58|จังหวัดแม่ฮ่องสอน |5805|อำเภอแม่ลาน้อย|0| |0| |16,182|16,033|32,215|11,586|
6812|58|จังหวัดแม่ฮ่องสอน |5806|อำเภอสบเมย|0| |0| |24,913|24,235|49,148|18,552|
6812|58|จังหวัดแม่ฮ่องสอน |5807|อำเภอปางมะผ้า|0| |0| |11,566|10,886|22,452|9,570|
6812|58|จังหวัดแม่ฮ่องสอน |5895|ท้องถิ่นเทศบาลตำบลแม่ลาน้อย|0| |0| |1,600|1,691|3,291|1,820|
6812|58|จังหวัดแม่ฮ่องสอน |5896|ท้องถิ่นเทศบาลตำบลแม่สะเรียง|0| |0| |1,248|1,404|2,652|2,084|
6812|58|จังหวัดแม่ฮ่องสอน |5897|ท้องถิ่นเทศบาลตำบลปาย|0| |0| |1,474|1,537|3,011|1,977|
6812|58|จังหวัดแม่ฮ่องสอน |5898|ท้องถิ่นเทศบาลตำบลขุนยวม|0| |0| |1,712|1,774|3,486|1,894|
6812|58|จังหวัดแม่ฮ่องสอน |5899|ท้องถิ่นเทศบาลเมืองแม่ฮ่องสอน|0| |0| |3,308|3,358|6,666|4,843|
6812|60|จังหวัดนครสวรรค์ |0| |0| |0| |489,891|518,471|1,008,362|442,181|
6812|60|จังหวัดนครสวรรค์ |6001|อำเภอเมืองนครสวรรค์|0| |0| |77,660|84,748|162,408|77,085|
6812|60|จังหวัดนครสวรรค์ |6002|อำเภอโกรกพระ|0| |0| |12,683|13,379|26,062|10,185|
6812|60|จังหวัดนครสวรรค์ |6003|อำเภอชุมแสง|0| |0| |24,956|26,548|51,504|19,176|
6812|60|จังหวัดนครสวรรค์ |6004|อำเภอหนองบัว|0| |0| |26,216|26,732|52,948|24,327|
6812|60|จังหวัดนครสวรรค์ |6005|อำเภอบรรพตพิสัย|0| |0| |38,424|40,093|78,517|29,691|
6812|60|จังหวัดนครสวรรค์ |6006|อำเภอเก้าเลี้ยว|0| |0| |13,578|14,334|27,912|11,129|
6812|60|จังหวัดนครสวรรค์ |6007|อำเภอตาคลี|0| |0| |36,977|38,018|74,995|31,547|
6812|60|จังหวัดนครสวรรค์ |6008|อำเภอท่าตะโก|0| |0| |28,448|29,899|58,347|24,442|
6812|60|จังหวัดนครสวรรค์ |6009|อำเภอไพศาลี|0| |0| |28,935|29,641|58,576|22,339|
6812|60|จังหวัดนครสวรรค์ |6010|อำเภอพยุหะคีรี|0| |0| |23,775|25,255|49,030|22,223|
6812|60|จังหวัดนครสวรรค์ |6011|อำเภอลาดยาว|0| |0| |34,832|36,371|71,203|28,092|
6812|60|จังหวัดนครสวรรค์ |6012|อำเภอตากฟ้า|0| |0| |16,298|16,896|33,194|13,272|
6812|60|จังหวัดนครสวรรค์ |6013|อำเภอแม่วงก์|0| |0| |24,215|24,445|48,660|19,556|
6812|60|จังหวัดนครสวรรค์ |6014|อำเภอแม่เปิน|0| |0| |10,225|10,225|20,450|6,517|
6812|60|จังหวัดนครสวรรค์ |6015|อำเภอชุมตาบง|0| |0| |8,722|8,802|17,524|6,736|
6812|60|จังหวัดนครสวรรค์ |6082|ท้องถิ่นเทศบาลตำบลตากฟ้า|0| |0| |2,462|2,664|5,126|2,889|
6812|60|จังหวัดนครสวรรค์ |6083|ท้องถิ่นเทศบาลตำบลลาดยาว|0| |0| |2,612|2,974|5,586|3,539|
6812|60|จังหวัดนครสวรรค์ |6084|ท้องถิ่นเทศบาลตำบลศาลเจ้าไก่ต่อ|0| |0| |1,475|1,702|3,177|1,522|
6812|60|จังหวัดนครสวรรค์ |6085|ท้องถิ่นเทศบาลตำบลพยุหะ|0| |0| |2,417|2,820|5,237|3,065|
6812|60|จังหวัดนครสวรรค์ |6086|ท้องถิ่นเทศบาลตำบลท่าน้ำอ้อยม่วงหัก|0| |0| |2,297|2,545|4,842|2,845|
6812|60|จังหวัดนครสวรรค์ |6087|ท้องถิ่นเทศบาลตำบลไพศาลี|0| |0| |4,622|5,159|9,781|5,183|
6812|60|จังหวัดนครสวรรค์ |6088|ท้องถิ่นเทศบาลตำบลท่าตะโก|0| |0| |2,426|2,794|5,220|2,985|
6812|60|จังหวัดนครสวรรค์ |6089|ท้องถิ่นเทศบาลตำบลช่องแค|0| |0| |1,344|1,488|2,832|1,103|
6812|60|จังหวัดนครสวรรค์ |6090|ท้องถิ่นเทศบาลตำบลเก้าเลี้ยว|0| |0| |2,635|2,915|5,550|2,429|
6812|60|จังหวัดนครสวรรค์ |6091|ท้องถิ่นเทศบาลตำบลบรรพตพิสัย|0| |0| |1,659|1,835|3,494|1,916|
6812|60|จังหวัดนครสวรรค์ |6092|ท้องถิ่นเทศบาลเมืองหนองบัว|0| |0| |5,259|5,884|11,143|5,286|
6812|60|จังหวัดนครสวรรค์ |6093|ท้องถิ่นเทศบาลตำบลทับกฤช|0| |0| |973|1,045|2,018|844|
6812|60|จังหวัดนครสวรรค์ |6094|ท้องถิ่นเทศบาลตำบลบางประมุง|0| |0| |2,415|2,504|4,919|1,684|
6812|60|จังหวัดนครสวรรค์ |6095|ท้องถิ่นเทศบาลตำบลโกรกพระ|0| |0| |1,025|1,114|2,139|1,023|
6812|60|จังหวัดนครสวรรค์ |6096|ท้องถิ่นเทศบาลตำบลหนองเบน|0| |0| |1,257|1,547|2,804|1,557|
6812|60|จังหวัดนครสวรรค์ |6097|ท้องถิ่นเทศบาลเมืองตาคลี|0| |0| |10,318|11,395|21,713|10,316|
6812|60|จังหวัดนครสวรรค์ |6098|ท้องถิ่นเทศบาลเมืองชุมแสง|0| |0| |3,316|3,736|7,052|3,689|
6812|60|จังหวัดนครสวรรค์ |6099|ท้องถิ่นเทศบาลนครนครสวรรค์|0| |0| |35,435|38,964|74,399|43,989|
6812|61|จังหวัดอุทัยธานี |0| |0| |0| |155,460|163,508|318,968|133,605|
6812|61|จังหวัดอุทัยธานี |6101|อำเภอเมืองอุทัยธานี|0| |0| |16,712|18,307|35,019|14,886|
6812|61|จังหวัดอุทัยธานี |6102|อำเภอทัพทัน|0| |0| |7,608|8,047|15,655|5,742|
6812|61|จังหวัดอุทัยธานี |6103|อำเภอสว่างอารมณ์|0| |0| |14,642|14,752|29,394|10,432|
6812|61|จังหวัดอุทัยธานี |6104|อำเภอหนองฉาง|0| |0| |16,101|17,092|33,193|12,543|
6812|61|จังหวัดอุทัยธานี |6105|อำเภอหนองขาหย่าง|0| |0| |7,077|7,956|15,033|6,314|
6812|61|จังหวัดอุทัยธานี |6106|อำเภอบ้านไร่|0| |0| |31,108|31,671|62,779|26,480|
6812|61|จังหวัดอุทัยธานี |6107|อำเภอลานสัก|0| |0| |27,097|27,623|54,720|20,140|
6812|61|จังหวัดอุทัยธานี |6108|อำเภอห้วยคต|0| |0| |9,906|10,198|20,104|7,956|
6812|61|จังหวัดอุทัยธานี |6189|ท้องถิ่นเทศบาลตำบลหนองสระ|0| |0| |990|1,106|2,096|710|
6812|61|จังหวัดอุทัยธานี |6190|ท้องถิ่นเทศบาลตำบลลานสัก|0| |0| |1,583|1,627|3,210|2,318|
6812|61|จังหวัดอุทัยธานี |6191|ท้องถิ่นเทศบาลตำบลเมืองการุ้ง|0| |0| |984|1,100|2,084|1,116|
6812|61|จังหวัดอุทัยธานี |6192|ท้องถิ่นเทศบาลตำบลบ้านไร่|0| |0| |1,159|1,222|2,381|1,463|
6812|61|จังหวัดอุทัยธานี |6193|ท้องถิ่นเทศบาลตำบลหนองขาหย่าง|0| |0| |269|310|579|359|
6812|61|จังหวัดอุทัยธานี |6194|ท้องถิ่นเทศบาลตำบลหนองฉาง|0| |0| |1,220|1,408|2,628|2,012|
6812|61|จังหวัดอุทัยธานี |6195|ท้องถิ่นเทศบาลตำบลเขาบางแกรก|0| |0| |2,860|3,128|5,988|2,505|
6812|61|จังหวัดอุทัยธานี |6196|ท้องถิ่นเทศบาลตำบลสว่างอารมณ์|0| |0| |747|807|1,554|1,035|
6812|61|จังหวัดอุทัยธานี |6197|ท้องถิ่นเทศบาลตำบลทัพทัน|0| |0| |4,084|4,448|8,532|3,886|
6812|61|จังหวัดอุทัยธานี |6198|ท้องถิ่นเทศบาลตำบลตลุกดู่|0| |0| |5,348|5,618|10,966|3,816|
6812|61|จังหวัดอุทัยธานี |6199|ท้องถิ่นเทศบาลเมืองอุทัยธานี|0| |0| |5,965|7,088|13,053|9,892|
6812|62|จังหวัดกำแพงเพชร |0| |0| |0| |342,943|354,029|696,972|294,361|
6812|62|จังหวัดกำแพงเพชร |6201|อำเภอเมืองกำแพงเพชร|0| |0| |65,939|68,611|134,550|56,452|
6812|62|จังหวัดกำแพงเพชร |6202|อำเภอไทรงาม|0| |0| |21,917|22,316|44,233|15,671|
6812|62|จังหวัดกำแพงเพชร |6203|อำเภอคลองลาน|0| |0| |19,765|19,464|39,229|15,905|
6812|62|จังหวัดกำแพงเพชร |6204|อำเภอขาณุวรลักษบุรี|0| |0| |33,141|33,796|66,937|26,836|
6812|62|จังหวัดกำแพงเพชร |6205|อำเภอคลองขลุง|0| |0| |26,589|27,792|54,381|24,585|
6812|62|จังหวัดกำแพงเพชร |6206|อำเภอพรานกระต่าย|0| |0| |24,011|24,113|48,124|16,966|
6812|62|จังหวัดกำแพงเพชร |6207|อำเภอลานกระบือ|0| |0| |15,959|16,072|32,031|11,793|
6812|62|จังหวัดกำแพงเพชร |6208|อำเภอทรายทองวัฒนา|0| |0| |6,782|6,811|13,593|4,331|
6812|62|จังหวัดกำแพงเพชร |6209|อำเภอปางศิลาทอง|0| |0| |14,768|14,823|29,591|11,804|
6812|62|จังหวัดกำแพงเพชร |6210|อำเภอบึงสามัคคี|0| |0| |8,863|8,952|17,815|7,695|
6812|62|จังหวัดกำแพงเพชร |6211|อำเภอโกสัมพีนคร|0| |0| |13,671|13,665|27,336|11,253|
6812|62|จังหวัดกำแพงเพชร |6278|ท้องถิ่นเทศบาลเมืองปางมะค่า|0| |0| |8,593|8,687|17,280|7,039|
6812|62|จังหวัดกำแพงเพชร |6279|ท้องถิ่นเทศบาลตำบลบ้านพราน|0| |0| |3,539|3,561|7,100|3,086|
6812|62|จังหวัดกำแพงเพชร |6280|ท้องถิ่นเทศบาลตำบลระหาน|0| |0| |3,467|3,619|7,086|3,744|
6812|62|จังหวัดกำแพงเพชร |6281|ท้องถิ่นเทศบาลตำบลคลองพิไกร|0| |0| |2,787|2,934|5,721|2,357|
6812|62|จังหวัดกำแพงเพชร |6282|ท้องถิ่นเทศบาลตำบลนิคมทุ่งโพธิ์ทะเล|0| |0| |4,384|4,577|8,961|3,782|
6812|62|จังหวัดกำแพงเพชร |6283|ท้องถิ่นเทศบาลตำบลวังยาง|0| |0| |2,576|2,676|5,252|2,189|
6812|62|จังหวัดกำแพงเพชร |6284|ท้องถิ่นเทศบาลตำบลทุ่งทราย|0| |0| |4,066|4,302|8,368|3,421|
6812|62|จังหวัดกำแพงเพชร |6285|ท้องถิ่นเทศบาลตำบลเทพนคร|0| |0| |9,742|10,333|20,075|9,019|
6812|62|จังหวัดกำแพงเพชร |6286|ท้องถิ่นเทศบาลตำบลคลองลานพัฒนา|0| |0| |10,752|11,207|21,959|8,914|
6812|62|จังหวัดกำแพงเพชร |6287|ท้องถิ่นเทศบาลตำบลช่องลม|0| |0| |2,812|2,830|5,642|1,847|
6812|62|จังหวัดกำแพงเพชร |6288|ท้องถิ่นเทศบาลตำบลลานกระบือ|0| |0| |2,124|2,175|4,299|2,697|
6812|62|จังหวัดกำแพงเพชร |6289|ท้องถิ่นเทศบาลตำบลพรานกระต่าย|0| |0| |3,879|4,265|8,144|3,817|
6812|62|จังหวัดกำแพงเพชร |6290|ท้องถิ่นเทศบาลตำบลท่ามะเขือ|0| |0| |1,744|1,874|3,618|2,095|
6812|62|จังหวัดกำแพงเพชร |6291|ท้องถิ่นเทศบาลตำบลท่าพุทรา|0| |0| |693|736|1,429|664|
6812|62|จังหวัดกำแพงเพชร |6292|ท้องถิ่นเทศบาลตำบลคลองขลุง|0| |0| |915|943|1,858|1,050|
6812|62|จังหวัดกำแพงเพชร |6293|ท้องถิ่นเทศบาลตำบลสลกบาตร|0| |0| |3,659|4,044|7,703|4,573|
6812|62|จังหวัดกำแพงเพชร |6294|ท้องถิ่นเทศบาลตำบลขาณุวรลักษบุรี|0| |0| |3,664|3,953|7,617|3,566|
6812|62|จังหวัดกำแพงเพชร |6295|ท้องถิ่นเทศบาลตำบลไทรงาม|0| |0| |2,294|2,535|4,829|2,604|
6812|62|จังหวัดกำแพงเพชร |6296|ท้องถิ่นเทศบาลตำบลปากดง|0| |0| |1,459|1,601|3,060|1,392|
6812|62|จังหวัดกำแพงเพชร |6297|ท้องถิ่นเทศบาลตำบลนครชุม|0| |0| |3,081|3,500|6,581|3,616|
6812|62|จังหวัดกำแพงเพชร |6298|ท้องถิ่นเทศบาลตำบลคลองแม่ลาย|0| |0| |2,739|2,908|5,647|2,576|
6812|62|จังหวัดกำแพงเพชร |6299|ท้องถิ่นเทศบาลเมืองกำแพงเพชร|0| |0| |12,569|14,354|26,923|17,022|
6812|63|จังหวัดตาก |0| |0| |0| |355,835|348,659|704,494|246,226|
6812|63|จังหวัดตาก |6301|อำเภอเมืองตาก|0| |0| |36,576|37,352|73,928|30,308|
6812|63|จังหวัดตาก |6302|อำเภอบ้านตาก|0| |0| |15,088|15,494|30,582|11,509|
6812|63|จังหวัดตาก |6303|อำเภอสามเงา|0| |0| |12,204|12,547|24,751|9,901|
6812|63|จังหวัดตาก |6304|อำเภอแม่ระมาด|0| |0| |26,411|25,119|51,530|18,182|
6812|63|จังหวัดตาก |6305|อำเภอท่าสองยาง|0| |0| |50,006|47,340|97,346|26,263|
6812|63|จังหวัดตาก |6306|อำเภอแม่สอด|0| |0| |54,117|53,088|107,205|41,925|
6812|63|จังหวัดตาก |6307|อำเภอพบพระ|0| |0| |48,163|46,257|94,420|22,567|
6812|63|จังหวัดตาก |6308|อำเภออุ้มผาง|0| |0| |24,893|23,064|47,957|12,678|
6812|63|จังหวัดตาก |6309|อำเภอวังเจ้า|0| |0| |15,431|15,299|30,730|9,887|
6812|63|จังหวัดตาก |6386|ท้องถิ่นเทศบาลตำบลไม้งาม|0| |0| |6,212|5,160|11,372|6,637|
6812|63|จังหวัดตาก |6387|ท้องถิ่นเทศบาลตำบลวังเจ้า|0| |0| |2,067|2,068|4,135|2,030|
6812|63|จังหวัดตาก |6388|ท้องถิ่นเทศบาลตำบลอุ้มผาง|0| |0| |2,780|2,642|5,422|951|
6812|63|จังหวัดตาก |6389|ท้องถิ่นเทศบาลตำบลพบพระ|0| |0| |3,729|3,539|7,268|3,048|
6812|63|จังหวัดตาก |6390|ท้องถิ่นเทศบาลตำบลแม่กุ|0| |0| |3,266|3,429|6,695|3,352|
6812|63|จังหวัดตาก |6391|ท้องถิ่นเทศบาลตำบลท่าสายลวด|0| |0| |12,209|11,517|23,726|5,169|
6812|63|จังหวัดตาก |6392|ท้องถิ่นเทศบาลตำบลแม่ต้าน|0| |0| |2,368|2,419|4,787|1,493|
6812|63|จังหวัดตาก |6393|ท้องถิ่นเทศบาลตำบลแม่ระมาด|0| |0| |1,873|1,901|3,774|1,929|
6812|63|จังหวัดตาก |6394|ท้องถิ่นเทศบาลตำบลแม่จะเรา|0| |0| |2,466|2,608|5,074|2,205|
6812|63|จังหวัดตาก |6395|ท้องถิ่นเทศบาลตำบลสามเงา|0| |0| |2,039|2,267|4,306|2,248|
6812|63|จังหวัดตาก |6396|ท้องถิ่นเทศบาลตำบลบ้านตาก|0| |0| |2,805|3,343|6,148|2,786|
6812|63|จังหวัดตาก |6397|ท้องถิ่นเทศบาลตำบลทุ่งกระเชาะ|0| |0| |2,872|2,920|5,792|2,196|
6812|63|จังหวัดตาก |6398|ท้องถิ่นเทศบาลนครแม่สอด|0| |0| |21,348|21,439|42,787|21,333|
6812|63|จังหวัดตาก |6399|ท้องถิ่นเทศบาลเมืองตาก|0| |0| |6,912|7,847|14,759|7,629|
6812|64|จังหวัดสุโขทัย |0| |0| |0| |274,878|294,384|569,262|231,232|
6812|64|จังหวัดสุโขทัย |6401|อำเภอเมืองสุโขทัย|0| |0| |28,561|30,946|59,507|24,067|
6812|64|จังหวัดสุโขทัย |6402|อำเภอบ้านด่านลานหอย|0| |0| |21,817|22,169|43,986|15,248|
6812|64|จังหวัดสุโขทัย |6403|อำเภอคีรีมาศ|0| |0| |22,395|23,005|45,400|15,045|
6812|64|จังหวัดสุโขทัย |6404|อำเภอกงไกรลาศ|0| |0| |28,047|29,625|57,672|21,364|
6812|64|จังหวัดสุโขทัย |6405|อำเภอศรีสัชนาลัย|0| |0| |33,559|34,948|68,507|28,126|
6812|64|จังหวัดสุโขทัย |6406|อำเภอศรีสำโรง|0| |0| |28,557|30,992|59,549|23,462|
6812|64|จังหวัดสุโขทัย |6407|อำเภอสวรรคโลก|0| |0| |23,387|25,601|48,988|20,908|
6812|64|จังหวัดสุโขทัย |6408|อำเภอศรีนคร|0| |0| |10,500|11,228|21,728|8,455|
6812|64|จังหวัดสุโขทัย |6409|อำเภอทุ่งเสลี่ยม|0| |0| |20,017|20,738|40,755|15,597|
6812|64|จังหวัดสุโขทัย |6484|ท้องถิ่นเทศบาลตำบลในเมือง|0| |0| |3,922|4,142|8,064|3,538|
6812|64|จังหวัดสุโขทัย |6485|ท้องถิ่นเทศบาลตำบลป่ากุมเกาะ|0| |0| |3,610|3,868|7,478|2,883|
6812|64|จังหวัดสุโขทัย |6486|ท้องถิ่นเทศบาลตำบลบ้านกล้วย|0| |0| |7,356|8,294|15,650|7,561|
6812|64|จังหวัดสุโขทัย |6487|ท้องถิ่นเทศบาลตำบลทุ่งเสลี่ยม|0| |0| |3,282|3,636|6,918|3,126|
6812|64|จังหวัดสุโขทัย |6488|ท้องถิ่นเทศบาลตำบลศรีนคร|0| |0| |1,360|1,579|2,939|1,781|
6812|64|จังหวัดสุโขทัย |6489|ท้องถิ่นเทศบาลตำบลศรีสำโรง|0| |0| |3,217|3,774|6,991|3,663|
6812|64|จังหวัดสุโขทัย |6490|ท้องถิ่นเทศบาลตำบลหาดเสี้ยว|0| |0| |2,922|3,293|6,215|3,743|
6812|64|จังหวัดสุโขทัย |6491|ท้องถิ่นเทศบาลเมืองศรีสัชนาลัย|0| |0| |6,880|7,582|14,462|6,016|
6812|64|จังหวัดสุโขทัย |6492|ท้องถิ่นเทศบาลตำบลกงไกรลาศ|0| |0| |1,863|2,054|3,917|2,132|
6812|64|จังหวัดสุโขทัย |6493|ท้องถิ่นเทศบาลตำบลบ้านโตนด|0| |0| |1,363|1,545|2,908|1,693|
6812|64|จังหวัดสุโขทัย |6494|ท้องถิ่นเทศบาลตำบลทุ่งหลวง|0| |0| |3,246|3,599|6,845|2,483|
6812|64|จังหวัดสุโขทัย |6495|ท้องถิ่นเทศบาลตำบลลานหอย|0| |0| |1,621|1,784|3,405|1,769|
6812|64|จังหวัดสุโขทัย |6496|ท้องถิ่นเทศบาลตำบลเมืองเก่า|0| |0| |3,224|3,736|6,960|2,742|
6812|64|จังหวัดสุโขทัย |6497|ท้องถิ่นเทศบาลตำบลบ้านสวน|0| |0| |1,899|2,119|4,018|1,740|
6812|64|จังหวัดสุโขทัย |6498|ท้องถิ่นเทศบาลเมืองสวรรคโลก|0| |0| |6,219|7,129|13,348|6,881|
6812|64|จังหวัดสุโขทัย |6499|ท้องถิ่นเทศบาลเมืองสุโขทัยธานี|0| |0| |6,054|6,998|13,052|7,209|
6812|65|จังหวัดพิษณุโลก |0| |0| |0| |407,212|428,268|835,480|377,281|
6812|65|จังหวัดพิษณุโลก |6501|อำเภอเมืองพิษณุโลก|0| |0| |87,826|94,582|182,408|93,951|
6812|65|จังหวัดพิษณุโลก |6502|อำเภอนครไทย|0| |0| |32,639|33,170|65,809|24,981|
6812|65|จังหวัดพิษณุโลก |6503|อำเภอชาติตระการ|0| |0| |18,306|18,032|36,338|13,035|
6812|65|จังหวัดพิษณุโลก |6504|อำเภอบางระกำ|0| |0| |35,847|37,272|73,119|27,568|
6812|65|จังหวัดพิษณุโลก |6505|อำเภอบางกระทุ่ม|0| |0| |15,377|16,359|31,736|12,449|
6812|65|จังหวัดพิษณุโลก |6506|อำเภอพรหมพิราม|0| |0| |38,209|40,425|78,634|31,946|
6812|65|จังหวัดพิษณุโลก |6507|อำเภอวัดโบสถ์|0| |0| |14,225|14,641|28,866|11,809|
6812|65|จังหวัดพิษณุโลก |6508|อำเภอวังทอง|0| |0| |55,640|57,532|113,172|46,623|
6812|65|จังหวัดพิษณุโลก |6509|อำเภอเนินมะปราง|0| |0| |18,737|18,966|37,703|15,634|
6812|65|จังหวัดพิษณุโลก |6580|ท้องถิ่นเทศบาลเมืองอรัญญิก|0| |0| |15,789|13,327|29,116|14,859|
6812|65|จังหวัดพิษณุโลก |6581|ท้องถิ่นเทศบาลตำบลบ้านมุง|0| |0| |3,367|3,443|6,810|2,803|
6812|65|จังหวัดพิษณุโลก |6582|ท้องถิ่นเทศบาลตำบลบึงระมาณ|0| |0| |2,119|2,254|4,373|1,747|
6812|65|จังหวัดพิษณุโลก |6583|ท้องถิ่นเทศบาลตำบลพลายชุมพล|0| |0| |3,835|4,307|8,142|4,683|
6812|65|จังหวัดพิษณุโลก |6584|ท้องถิ่นเทศบาลตำบลพันเสา|0| |0| |2,927|3,014|5,941|2,181|
6812|65|จังหวัดพิษณุโลก |6585|ท้องถิ่นเทศบาลตำบลไทรย้อย|0| |0| |4,032|4,169|8,201|3,321|
6812|65|จังหวัดพิษณุโลก |6586|ท้องถิ่นเทศบาลตำบลบ้านแยง|0| |0| |5,081|5,010|10,091|5,044|
6812|65|จังหวัดพิษณุโลก |6587|ท้องถิ่นเทศบาลตำบลเนินมะปราง|0| |0| |1,606|1,763|3,369|1,725|
6812|65|จังหวัดพิษณุโลก |6588|ท้องถิ่นเทศบาลตำบลวังทอง|0| |0| |1,808|2,118|3,926|1,756|
6812|65|จังหวัดพิษณุโลก |6589|ท้องถิ่นเทศบาลตำบลวัดโบสถ์|0| |0| |3,648|4,119|7,767|4,294|
6812|65|จังหวัดพิษณุโลก |6590|ท้องถิ่นเทศบาลตำบลวงฆ้อง|0| |0| |1,436|1,501|2,937|1,614|
6812|65|จังหวัดพิษณุโลก |6591|ท้องถิ่นเทศบาลตำบลพรหมพิราม|0| |0| |504|592|1,096|560|
6812|65|จังหวัดพิษณุโลก |6592|ท้องถิ่นเทศบาลตำบลบางกระทุ่ม|0| |0| |704|731|1,435|629|
6812|65|จังหวัดพิษณุโลก |6593|ท้องถิ่นเทศบาลตำบลเนินกุ่ม|0| |0| |5,524|5,837|11,361|4,734|
6812|65|จังหวัดพิษณุโลก |6594|ท้องถิ่นเทศบาลตำบลปลักแรด|0| |0| |1,628|1,783|3,411|1,380|
6812|65|จังหวัดพิษณุโลก |6595|ท้องถิ่นเทศบาลตำบลบางระกำ|0| |0| |1,852|2,100|3,952|2,054|
6812|65|จังหวัดพิษณุโลก |6596|ท้องถิ่นเทศบาลตำบลป่าแดง|0| |0| |2,513|2,699|5,212|2,709|
6812|65|จังหวัดพิษณุโลก |6597|ท้องถิ่นเทศบาลตำบลนครไทย|0| |0| |4,151|4,440|8,591|4,222|
6812|65|จังหวัดพิษณุโลก |6598|ท้องถิ่นเทศบาลตำบลบ้านใหม่|0| |0| |870|986|1,856|830|
6812|65|จังหวัดพิษณุโลก |6599|ท้องถิ่นเทศบาลนครพิษณุโลก|0| |0| |27,012|33,096|60,108|38,140|
6812|66|จังหวัดพิจิตร |0| |0| |0| |249,551|263,599|513,150|209,014|
6812|66|จังหวัดพิจิตร |6601|อำเภอเมืองพิจิตร|0| |0| |34,842|37,109|71,951|28,282|
6812|66|จังหวัดพิจิตร |6602|อำเภอวังทรายพูน|0| |0| |8,268|8,606|16,874|6,163|
6812|66|จังหวัดพิจิตร |6603|อำเภอโพธิ์ประทับช้าง|0| |0| |16,582|17,032|33,614|12,143|
6812|66|จังหวัดพิจิตร |6604|อำเภอตะพานหิน|0| |0| |21,012|22,275|43,287|16,699|
6812|66|จังหวัดพิจิตร |6605|อำเภอบางมูลนาก|0| |0| |9,518|10,246|19,764|8,274|
6812|66|จังหวัดพิจิตร |6606|อำเภอโพทะเล|0| |0| |26,049|27,276|53,325|19,609|
6812|66|จังหวัดพิจิตร |6607|อำเภอสามง่าม|0| |0| |12,349|12,706|25,055|9,130|
6812|66|จังหวัดพิจิตร |6608|อำเภอทับคล้อ|0| |0| |16,032|16,639|32,671|13,299|
6812|66|จังหวัดพิจิตร |6609|อำเภอสากเหล็ก|0| |0| |8,681|8,805|17,486|6,413|
6812|66|จังหวัดพิจิตร |6610|อำเภอบึงนาราง|0| |0| |13,907|14,587|28,494|11,222|
6812|66|จังหวัดพิจิตร |6611|อำเภอดงเจริญ|0| |0| |8,193|8,436|16,629|6,687|
6812|66|จังหวัดพิจิตร |6612|อำเภอวชิรบารมี|0| |0| |15,106|15,552|30,658|11,677|
6812|66|จังหวัดพิจิตร |6676|ท้องถิ่นเทศบาลตำบลหนองพยอม|0| |0| |3,267|3,424|6,691|2,449|
6812|66|จังหวัดพิจิตร |6677|ท้องถิ่นเทศบาลตำบลหนองปล้อง|0| |0| |1,620|1,682|3,302|1,202|
6812|66|จังหวัดพิจิตร |6678|ท้องถิ่นเทศบาลตำบลเนินมะกอก|0| |0| |3,145|3,473|6,618|3,185|
6812|66|จังหวัดพิจิตร |6679|ท้องถิ่นเทศบาลตำบลหอไกร|0| |0| |2,849|3,025|5,874|2,812|
6812|66|จังหวัดพิจิตร |6680|ท้องถิ่นเทศบาลตำบลดงป่าคำ|0| |0| |2,256|2,352|4,608|1,671|
6812|66|จังหวัดพิจิตร |6681|ท้องถิ่นเทศบาลตำบลเนินปอ|0| |0| |4,415|4,504|8,919|3,261|
6812|66|จังหวัดพิจิตร |6682|ท้องถิ่นเทศบาลตำบลสำนักขุนเณร|0| |0| |1,041|1,060|2,101|950|
6812|66|จังหวัดพิจิตร |6683|ท้องถิ่นเทศบาลตำบลสากเหล็ก|0| |0| |2,416|2,658|5,074|2,476|
6812|66|จังหวัดพิจิตร |6684|ท้องถิ่นเทศบาลตำบลทับคล้อ|0| |0| |1,896|2,065|3,961|1,819|
6812|66|จังหวัดพิจิตร |6685|ท้องถิ่นเทศบาลตำบลเขาทราย|0| |0| |1,985|2,057|4,042|1,961|
6812|66|จังหวัดพิจิตร |6686|ท้องถิ่นเทศบาลตำบลสามง่าม|0| |0| |2,087|2,410|4,497|2,306|
6812|66|จังหวัดพิจิตร |6687|ท้องถิ่นเทศบาลตำบลกำแพงดิน|0| |0| |993|1,076|2,069|835|
6812|66|จังหวัดพิจิตร |6688|ท้องถิ่นเทศบาลตำบลโพทะเล|0| |0| |1,105|1,195|2,300|1,051|
6812|66|จังหวัดพิจิตร |6689|ท้องถิ่นเทศบาลตำบลท่าเสา|0| |0| |727|715|1,442|545|
6812|66|จังหวัดพิจิตร |6690|ท้องถิ่นเทศบาลตำบลวังตะกู|0| |0| |765|757|1,522|667|
6812|66|จังหวัดพิจิตร |6691|ท้องถิ่นเทศบาลตำบลบางไผ่|0| |0| |682|744|1,426|654|
6812|66|จังหวัดพิจิตร |6692|ท้องถิ่นเทศบาลตำบลโพธิ์ประทับช้าง|0| |0| |4,184|4,487|8,671|3,714|
6812|66|จังหวัดพิจิตร |6693|ท้องถิ่นเทศบาลตำบลวังทรายพูน|0| |0| |1,559|1,621|3,180|1,311|
6812|66|จังหวัดพิจิตร |6694|ท้องถิ่นเทศบาลตำบลหัวดง|0| |0| |1,404|1,516|2,920|1,245|
6812|66|จังหวัดพิจิตร |6695|ท้องถิ่นเทศบาลตำบลวังกรด|0| |0| |1,410|1,455|2,865|1,090|
6812|66|จังหวัดพิจิตร |6696|ท้องถิ่นเทศบาลตำบลท่าฬ่อ|0| |0| |1,482|1,614|3,096|1,246|
6812|66|จังหวัดพิจิตร |6697|ท้องถิ่นเทศบาลเมืองบางมูลนาก|0| |0| |3,233|3,653|6,886|3,751|
6812|66|จังหวัดพิจิตร |6698|ท้องถิ่นเทศบาลเมืองตะพานหิน|0| |0| |5,676|6,562|12,238|6,431|
6812|66|จังหวัดพิจิตร |6699|ท้องถิ่นเทศบาลเมืองพิจิตร|0| |0| |8,815|10,225|19,040|12,784|
6812|67|จังหวัดเพชรบูรณ์ |0| |0| |0| |468,503|485,914|954,417|385,840|
6812|67|จังหวัดเพชรบูรณ์ |6701|อำเภอเมืองเพชรบูรณ์|0| |0| |77,677|78,583|156,260|65,823|
6812|67|จังหวัดเพชรบูรณ์ |6702|อำเภอชนแดน|0| |0| |32,907|33,230|66,137|28,814|
6812|67|จังหวัดเพชรบูรณ์ |6703|อำเภอหล่มสัก|0| |0| |68,292|72,468|140,760|51,748|
6812|67|จังหวัดเพชรบูรณ์ |6704|อำเภอหล่มเก่า|0| |0| |28,375|29,938|58,313|19,997|
6812|67|จังหวัดเพชรบูรณ์ |6705|อำเภอวิเชียรบุรี|0| |0| |48,263|49,667|97,930|35,232|
6812|67|จังหวัดเพชรบูรณ์ |6706|อำเภอศรีเทพ|0| |0| |27,563|28,058|55,621|20,652|
6812|67|จังหวัดเพชรบูรณ์ |6707|อำเภอหนองไผ่|0| |0| |36,566|37,264|73,830|26,360|
6812|67|จังหวัดเพชรบูรณ์ |6708|อำเภอบึงสามพัน|0| |0| |30,392|31,155|61,547|27,131|
6812|67|จังหวัดเพชรบูรณ์ |6709|อำเภอน้ำหนาว|0| |0| |9,438|9,153|18,591|7,720|
6812|67|จังหวัดเพชรบูรณ์ |6710|อำเภอวังโป่ง|0| |0| |13,619|13,950|27,569|9,736|
6812|67|จังหวัดเพชรบูรณ์ |6711|อำเภอเขาค้อ|0| |0| |18,369|18,378|36,747|13,534|
6812|67|จังหวัดเพชรบูรณ์ |6778|ท้องถิ่นเทศบาลตำบลแคมป์สน|0| |0| |2,556|2,763|5,319|3,389|
6812|67|จังหวัดเพชรบูรณ์ |6779|ท้องถิ่นเทศบาลตำบลโคกสะอาด|0| |0| |3,135|3,212|6,347|2,275|
6812|67|จังหวัดเพชรบูรณ์ |6780|ท้องถิ่นเทศบาลตำบลบัววัฒนา|0| |0| |2,845|2,848|5,693|1,978|
6812|67|จังหวัดเพชรบูรณ์ |6781|ท้องถิ่นเทศบาลตำบลบ่อไทย|0| |0| |4,566|4,743|9,309|3,151|
6812|67|จังหวัดเพชรบูรณ์ |6782|ท้องถิ่นเทศบาลตำบลนางั่ว|0| |0| |5,942|6,699|12,641|5,935|
6812|67|จังหวัดเพชรบูรณ์ |6783|ท้องถิ่นเทศบาลตำบลเฉลียงทอง|0| |0| |3,611|3,682|7,293|2,681|
6812|67|จังหวัดเพชรบูรณ์ |6784|ท้องถิ่นเทศบาลตำบลวังโป่ง|0| |0| |1,765|1,964|3,729|1,581|
6812|67|จังหวัดเพชรบูรณ์ |6785|ท้องถิ่นเทศบาลตำบลท้ายดง|0| |0| |1,541|1,690|3,231|1,121|
6812|67|จังหวัดเพชรบูรณ์ |6786|ท้องถิ่นเทศบาลตำบลซับสมอทอด|0| |0| |3,934|4,198|8,132|5,218|
6812|67|จังหวัดเพชรบูรณ์ |6787|ท้องถิ่นเทศบาลตำบลหนองไผ่|0| |0| |3,236|3,591|6,827|3,933|
6812|67|จังหวัดเพชรบูรณ์ |6788|ท้องถิ่นเทศบาลตำบลนาเฉลียง|0| |0| |1,868|2,105|3,973|1,795|
6812|67|จังหวัดเพชรบูรณ์ |6789|ท้องถิ่นเทศบาลตำบลสว่างวัฒนา|0| |0| |2,973|3,282|6,255|3,029|
6812|67|จังหวัดเพชรบูรณ์ |6790|ท้องถิ่นเทศบาลเมืองวิเชียรบุรี|0| |0| |10,125|11,230|21,355|9,186|
6812|67|จังหวัดเพชรบูรณ์ |6791|ท้องถิ่นเทศบาลตำบลพุเตย|0| |0| |3,356|3,534|6,890|3,108|
6812|67|จังหวัดเพชรบูรณ์ |6792|ท้องถิ่นเทศบาลตำบลหล่มเก่า|0| |0| |2,541|2,889|5,430|2,721|
6812|67|จังหวัดเพชรบูรณ์ |6793|ท้องถิ่นเทศบาลตำบลท่าข้าม|0| |0| |1,168|1,172|2,340|1,006|
6812|67|จังหวัดเพชรบูรณ์ |6794|ท้องถิ่นเทศบาลตำบลดงขุย|0| |0| |1,143|1,257|2,400|1,325|
6812|67|จังหวัดเพชรบูรณ์ |6795|ท้องถิ่นเทศบาลตำบลชนแดน|0| |0| |1,699|1,628|3,327|1,872|
6812|67|จังหวัดเพชรบูรณ์ |6796|ท้องถิ่นเทศบาลตำบลวังชมภู|0| |0| |1,520|1,727|3,247|1,362|
6812|67|จังหวัดเพชรบูรณ์ |6797|ท้องถิ่นเทศบาลตำบลท่าพล|0| |0| |3,510|3,847|7,357|2,672|
6812|67|จังหวัดเพชรบูรณ์ |6798|ท้องถิ่นเทศบาลเมืองหล่มสัก|0| |0| |5,056|5,708|10,764|6,774|
6812|67|จังหวัดเพชรบูรณ์ |6799|ท้องถิ่นเทศบาลเมืองเพชรบูรณ์|0| |0| |8,952|10,301|19,253|12,981|
6812|70|จังหวัดราชบุรี |0| |0| |0| |417,614|444,265|861,879|355,963|
6812|70|จังหวัดราชบุรี |7001|อำเภอเมืองราชบุรี|0| |0| |60,522|64,072|124,594|53,146|
6812|70|จังหวัดราชบุรี |7002|อำเภอจอมบึง|0| |0| |28,645|29,684|58,329|21,186|
6812|70|จังหวัดราชบุรี |7003|อำเภอสวนผึ้ง|0| |0| |25,055|23,226|48,281|15,874|
6812|70|จังหวัดราชบุรี |7004|อำเภอดำเนินสะดวก|0| |0| |29,597|31,624|61,221|21,525|
6812|70|จังหวัดราชบุรี |7005|อำเภอบ้านโป่ง|0| |0| |46,271|50,412|96,683|40,331|
6812|70|จังหวัดราชบุรี |7006|อำเภอบางแพ|0| |0| |8,416|9,189|17,605|7,035|
6812|70|จังหวัดราชบุรี |7007|อำเภอโพธาราม|0| |0| |34,293|36,771|71,064|27,522|
6812|70|จังหวัดราชบุรี |7008|อำเภอปากท่อ|0| |0| |25,366|26,150|51,516|20,204|
6812|70|จังหวัดราชบุรี |7009|อำเภอวัดเพลง|0| |0| |5,073|5,609|10,682|3,887|
6812|70|จังหวัดราชบุรี |7010|อำเภอบ้านคา|0| |0| |12,726|12,245|24,971|10,276|
6812|70|จังหวัดราชบุรี |7069|ท้องถิ่นเทศบาลตำบลบ้านไร่|0| |0| |5,088|5,446|10,534|3,372|
6812|70|จังหวัดราชบุรี |7070|ท้องถิ่นเทศบาลตำบลดอนทราย|0| |0| |3,331|3,724|7,055|3,446|
6812|70|จังหวัดราชบุรี |7071|ท้องถิ่นเทศบาลตำบลหลุมดิน|0| |0| |2,540|2,722|5,262|2,048|
6812|70|จังหวัดราชบุรี |7072|ท้องถิ่นเทศบาลตำบลเบิกไพร|0| |0| |7,663|8,751|16,414|7,318|
6812|70|จังหวัดราชบุรี |7073|ท้องถิ่นเทศบาลตำบลทุ่งหลวง|0| |0| |6,935|7,072|14,007|4,794|
6812|70|จังหวัดราชบุรี |7074|ท้องถิ่นเทศบาลตำบลบ้านฆ้อง|0| |0| |4,110|4,683|8,793|3,917|
6812|70|จังหวัดราชบุรี |7075|ท้องถิ่นเทศบาลตำบลกรับใหญ่|0| |0| |6,115|6,696|12,811|4,229|
6812|70|จังหวัดราชบุรี |7076|ท้องถิ่นเทศบาลตำบลบ้านสิงห์|0| |0| |5,694|6,283|11,977|4,915|
6812|70|จังหวัดราชบุรี |7077|ท้องถิ่นเทศบาลตำบลวัดเพลง|0| |0| |620|691|1,311|570|
6812|70|จังหวัดราชบุรี |7078|ท้องถิ่นเทศบาลตำบลปากท่อ|0| |0| |1,283|1,365|2,648|1,464|
6812|70|จังหวัดราชบุรี |7079|ท้องถิ่นเทศบาลตำบลหนองโพ|0| |0| |1,721|2,016|3,737|2,303|
6812|70|จังหวัดราชบุรี |7080|ท้องถิ่นเทศบาลตำบลบ้านเลือก|0| |0| |5,282|5,843|11,125|5,715|
6812|70|จังหวัดราชบุรี |7081|ท้องถิ่นเทศบาลตำบลเจ็ดเสมียน|0| |0| |2,741|3,004|5,745|2,552|
6812|70|จังหวัดราชบุรี |7082|ท้องถิ่นเทศบาลตำบลเขาขวาง|0| |0| |3,511|3,754|7,265|2,793|
6812|70|จังหวัดราชบุรี |7083|ท้องถิ่นเทศบาลตำบลโพหัก|0| |0| |4,992|5,336|10,328|3,922|
6812|70|จังหวัดราชบุรี |7084|ท้องถิ่นเทศบาลตำบลบางแพ|0| |0| |7,490|8,304|15,794|7,084|
6812|70|จังหวัดราชบุรี |7085|ท้องถิ่นเทศบาลตำบลห้วยกระบอก|0| |0| |778|804|1,582|759|
6812|70|จังหวัดราชบุรี |7086|ท้องถิ่นเทศบาลเมืองท่าผา|0| |0| |9,609|10,346|19,955|8,960|
6812|70|จังหวัดราชบุรี |7087|ท้องถิ่นเทศบาลตำบลกระจับ|0| |0| |3,665|4,050|7,715|4,063|
6812|70|จังหวัดราชบุรี |7088|ท้องถิ่นเทศบาลตำบลศรีดอนไผ่|0| |0| |4,803|5,342|10,145|3,671|
6812|70|จังหวัดราชบุรี |7089|ท้องถิ่นเทศบาลตำบลดำเนินสะดวก|0| |0| |3,181|3,643|6,824|3,363|
6812|70|จังหวัดราชบุรี |7090|ท้องถิ่นเทศบาลตำบลสวนผึ้ง|0| |0| |1,756|1,774|3,530|1,965|
6812|70|จังหวัดราชบุรี |7091|ท้องถิ่นเทศบาลตำบลบ้านชัฏป่าหวาย|0| |0| |1,887|1,899|3,786|2,048|
6812|70|จังหวัดราชบุรี |7092|ท้องถิ่นเทศบาลตำบลด่านทับตะโก|0| |0| |1,232|1,204|2,436|865|
6812|70|จังหวัดราชบุรี |7093|ท้องถิ่นเทศบาลตำบลจอมบึง|0| |0| |2,183|2,527|4,710|3,837|
6812|70|จังหวัดราชบุรี |7094|ท้องถิ่นเทศบาลตำบลห้วยชินสีห์|0| |0| |5,233|5,743|10,976|4,769|
6812|70|จังหวัดราชบุรี |7095|ท้องถิ่นเทศบาลตำบลหลักเมือง|0| |0| |8,910|8,098|17,008|7,774|
6812|70|จังหวัดราชบุรี |7096|ท้องถิ่นเทศบาลตำบลเขางู|0| |0| |4,413|4,954|9,367|3,547|
6812|70|จังหวัดราชบุรี |7097|ท้องถิ่นเทศบาลเมืองโพธาราม|0| |0| |3,666|4,075|7,741|3,824|
6812|70|จังหวัดราชบุรี |7098|ท้องถิ่นเทศบาลเมืองบ้านโป่ง|0| |0| |6,580|7,604|14,184|8,354|
6812|70|จังหวัดราชบุรี |7099|ท้องถิ่นเทศบาลเมืองราชบุรี|0| |0| |14,638|17,530|32,168|16,736|
6812|71|จังหวัดกาญจนบุรี |0| |0| |0| |447,296|449,377|896,673|375,254|
6812|71|จังหวัดกาญจนบุรี |7101|อำเภอเมืองกาญจนบุรี|0| |0| |53,632|43,980|97,612|41,635|
6812|71|จังหวัดกาญจนบุรี |7102|อำเภอไทรโยค|0| |0| |31,267|29,602|60,869|22,036|
6812|71|จังหวัดกาญจนบุรี |7103|อำเภอบ่อพลอย|0| |0| |24,021|24,308|48,329|19,678|
6812|71|จังหวัดกาญจนบุรี |7104|อำเภอศรีสวัสดิ์|0| |0| |13,280|12,506|25,786|10,772|
6812|71|จังหวัดกาญจนบุรี |7105|อำเภอท่ามะกา|0| |0| |43,731|46,753|90,484|33,907|
6812|71|จังหวัดกาญจนบุรี |7106|อำเภอท่าม่วง|0| |0| |28,190|30,227|58,417|26,022|
6812|71|จังหวัดกาญจนบุรี |7107|อำเภอทองผาภูมิ|0| |0| |35,522|33,078|68,600|29,193|
6812|71|จังหวัดกาญจนบุรี |7108|อำเภอสังขละบุรี|0| |0| |23,364|22,109|45,473|13,204|
6812|71|จังหวัดกาญจนบุรี |7109|อำเภอพนมทวน|0| |0| |15,644|16,763|32,407|12,122|
6812|71|จังหวัดกาญจนบุรี |7110|อำเภอเลาขวัญ|0| |0| |26,747|27,143|53,890|20,236|
6812|71|จังหวัดกาญจนบุรี |7111|อำเภอด่านมะขามเตี้ย|0| |0| |15,520|15,789|31,309|11,473|
6812|71|จังหวัดกาญจนบุรี |7112|อำเภอหนองปรือ|0| |0| |13,843|13,523|27,366|10,219|
6812|71|จังหวัดกาญจนบุรี |7113|อำเภอห้วยกระเจา|0| |0| |16,659|17,478|34,137|12,793|
6812|71|จังหวัดกาญจนบุรี |7167|ท้องถิ่นเทศบาลตำบลรางหวาย|0| |0| |3,549|3,578|7,127|2,721|
6812|71|จังหวัดกาญจนบุรี |7168|ท้องถิ่นเทศบาลตำบลหนองสาหร่าย|0| |0| |1,706|1,930|3,636|1,293|
6812|71|จังหวัดกาญจนบุรี |7169|ท้องถิ่นเทศบาลเมืองปากแพรก|0| |0| |13,589|15,178|28,767|17,248|
6812|71|จังหวัดกาญจนบุรี |7170|ท้องถิ่นเทศบาลตำบลวังศาลา|0| |0| |5,707|6,060|11,767|5,541|
6812|71|จังหวัดกาญจนบุรี |7171|ท้องถิ่นเทศบาลตำบลท่าล้อ|0| |0| |4,358|4,890|9,248|4,214|
6812|71|จังหวัดกาญจนบุรี |7172|ท้องถิ่นเทศบาลตำบลวังขนาย|0| |0| |4,349|4,899|9,248|4,135|
6812|71|จังหวัดกาญจนบุรี |7173|ท้องถิ่นเทศบาลตำบลหนองปรือ|0| |0| |2,125|2,262|4,387|1,931|
6812|71|จังหวัดกาญจนบุรี |7174|ท้องถิ่นเทศบาลตำบลด่านมะขามเตี้ย|0| |0| |1,176|1,232|2,408|1,354|
6812|71|จังหวัดกาญจนบุรี |7175|ท้องถิ่นเทศบาลตำบลหนองฝ้าย|0| |0| |1,039|1,153|2,192|990|
6812|71|จังหวัดกาญจนบุรี |7176|ท้องถิ่นเทศบาลตำบลเลาขวัญ|0| |0| |1,321|1,329|2,650|1,438|
6812|71|จังหวัดกาญจนบุรี |7177|ท้องถิ่นเทศบาลตำบลตลาดเขต|0| |0| |1,866|2,102|3,968|1,917|
6812|71|จังหวัดกาญจนบุรี |7178|ท้องถิ่นเทศบาลตำบลพนมทวน|0| |0| |2,355|2,658|5,013|2,298|
6812|71|จังหวัดกาญจนบุรี |7179|ท้องถิ่นเทศบาลตำบลวังกะ|0| |0| |5,101|4,880|9,981|2,784|
6812|71|จังหวัดกาญจนบุรี |7180|ท้องถิ่นเทศบาลตำบลทองผาภูมิ|0| |0| |1,583|1,565|3,148|1,640|
6812|71|จังหวัดกาญจนบุรี |7181|ท้องถิ่นเทศบาลตำบลหนองตากยา|0| |0| |1,470|1,539|3,009|1,025|
6812|71|จังหวัดกาญจนบุรี |7182|ท้องถิ่นเทศบาลตำบลหนองขาว|0| |0| |2,246|2,510|4,756|1,645|
6812|71|จังหวัดกาญจนบุรี |7183|ท้องถิ่นเทศบาลตำบลสำรอง|0| |0| |842|876|1,718|675|
6812|71|จังหวัดกาญจนบุรี |7184|ท้องถิ่นเทศบาลตำบลท่าม่วง|0| |0| |4,242|5,005|9,247|5,622|
6812|71|จังหวัดกาญจนบุรี |7185|ท้องถิ่นเทศบาลตำบลหวายเหนียว|0| |0| |2,168|2,293|4,461|2,098|
6812|71|จังหวัดกาญจนบุรี |7186|ท้องถิ่นเทศบาลตำบลพระแท่น|0| |0| |2,961|3,254|6,215|2,390|
6812|71|จังหวัดกาญจนบุรี |7187|ท้องถิ่นเทศบาลตำบลท่าไม้|0| |0| |4,235|4,602|8,837|4,048|
6812|71|จังหวัดกาญจนบุรี |7188|ท้องถิ่นเทศบาลตำบลท่ามะกา|0| |0| |3,595|4,178|7,773|4,842|
6812|71|จังหวัดกาญจนบุรี |7189|ท้องถิ่นเทศบาลตำบลลูกแก|0| |0| |1,494|1,752|3,246|1,536|
6812|71|จังหวัดกาญจนบุรี |7190|ท้องถิ่นเทศบาลตำบลเอราวัณ|0| |0| |482|529|1,011|728|
6812|71|จังหวัดกาญจนบุรี |7191|ท้องถิ่นเทศบาลตำบลหนองรี|0| |0| |1,031|1,091|2,122|873|
6812|71|จังหวัดกาญจนบุรี |7192|ท้องถิ่นเทศบาลตำบลบ่อพลอย|0| |0| |3,302|3,350|6,652|2,861|
6812|71|จังหวัดกาญจนบุรี |7193|ท้องถิ่นเทศบาลตำบลวังโพธิ์|0| |0| |1,072|1,067|2,139|931|
6812|71|จังหวัดกาญจนบุรี |7194|ท้องถิ่นเทศบาลตำบลน้ำตกไทรโยคน้อย|0| |0| |1,947|2,006|3,953|1,764|
6812|71|จังหวัดกาญจนบุรี |7195|ท้องถิ่นเทศบาลตำบลหนองบัว|0| |0| |3,369|3,769|7,138|3,469|
6812|71|จังหวัดกาญจนบุรี |7196|ท้องถิ่นเทศบาลตำบลลาดหญ้า|0| |0| |2,586|2,807|5,393|2,522|
6812|71|จังหวัดกาญจนบุรี |7197|ท้องถิ่นเทศบาลตำบลแก่งเสี้ยน|0| |0| |3,037|3,441|6,478|4,026|
6812|71|จังหวัดกาญจนบุรี |7198|ท้องถิ่นเทศบาลเมืองท่าเรือพระแท่น|0| |0| |4,746|5,364|10,110|5,219|
6812|71|จังหวัดกาญจนบุรี |7199|ท้องถิ่นเทศบาลเมืองกาญจนบุรี|0| |0| |11,227|12,969|24,196|16,186|
6812|72|จังหวัดสุพรรณบุรี |0| |0| |0| |393,212|424,637|817,849|327,755|
6812|72|จังหวัดสุพรรณบุรี |7201|อำเภอเมืองสุพรรณบุรี|0| |0| |50,395|56,481|106,876|41,151|
6812|72|จังหวัดสุพรรณบุรี |7202|อำเภอเดิมบางนางบวช|0| |0| |19,352|20,827|40,179|15,984|
6812|72|จังหวัดสุพรรณบุรี |7203|อำเภอด่านช้าง|0| |0| |30,120|30,857|60,977|24,563|
6812|72|จังหวัดสุพรรณบุรี |7204|อำเภอบางปลาม้า|0| |0| |27,535|28,894|56,429|20,523|
6812|72|จังหวัดสุพรรณบุรี |7205|อำเภอศรีประจันต์|0| |0| |18,665|20,479|39,144|15,834|
6812|72|จังหวัดสุพรรณบุรี |7206|อำเภอดอนเจดีย์|0| |0| |19,247|20,807|40,054|15,867|
6812|72|จังหวัดสุพรรณบุรี |7207|อำเภอสองพี่น้อง|0| |0| |53,081|55,391|108,472|38,106|
6812|72|จังหวัดสุพรรณบุรี |7208|อำเภอสามชุก|0| |0| |18,462|20,152|38,614|15,751|
6812|72|จังหวัดสุพรรณบุรี |7209|อำเภออู่ทอง|0| |0| |31,216|33,205|64,421|23,423|
6812|72|จังหวัดสุพรรณบุรี |7210|อำเภอหนองหญ้าไซ|0| |0| |22,592|23,856|46,448|17,924|
6812|72|จังหวัดสุพรรณบุรี |7265|ท้องถิ่นเทศบาลตำบลปากน้ำ|0| |0| |2,076|2,291|4,367|1,844|
6812|72|จังหวัดสุพรรณบุรี |7266|ท้องถิ่นเทศบาลตำบลท้าวอู่ทอง|0| |0| |7,531|8,014|15,545|6,268|
6812|72|จังหวัดสุพรรณบุรี |7267|ท้องถิ่นเทศบาลตำบลกระจัน|0| |0| |3,551|3,752|7,303|2,068|
6812|72|จังหวัดสุพรรณบุรี |7268|ท้องถิ่นเทศบาลตำบลบ้านโข้ง|0| |0| |4,426|4,548|8,974|3,677|
6812|72|จังหวัดสุพรรณบุรี |7269|ท้องถิ่นเทศบาลตำบลเดิมบาง|0| |0| |3,072|3,531|6,603|2,962|
6812|72|จังหวัดสุพรรณบุรี |7270|ท้องถิ่นเทศบาลตำบลบางกุ้ง|0| |0| |886|949|1,835|610|
6812|72|จังหวัดสุพรรณบุรี |7271|ท้องถิ่นเทศบาลตำบลท่าระหัด|0| |0| |4,256|5,063|9,319|5,693|
6812|72|จังหวัดสุพรรณบุรี |7272|ท้องถิ่นเทศบาลตำบลตะค่า|0| |0| |2,569|2,792|5,361|1,997|
6812|72|จังหวัดสุพรรณบุรี |7273|ท้องถิ่นเทศบาลตำบลบ้านดอน|0| |0| |3,558|3,809|7,367|2,127|
6812|72|จังหวัดสุพรรณบุรี |7274|ท้องถิ่นเทศบาลตำบลต้นคราม|0| |0| |2,508|2,728|5,236|2,129|
6812|72|จังหวัดสุพรรณบุรี |7275|ท้องถิ่นเทศบาลตำบลปลายนา|0| |0| |3,824|4,184|8,008|3,017|
6812|72|จังหวัดสุพรรณบุรี |7276|ท้องถิ่นเทศบาลตำบลขุนพัดเพ็ง|0| |0| |2,597|2,680|5,277|2,025|
6812|72|จังหวัดสุพรรณบุรี |7277|ท้องถิ่นเทศบาลตำบลวังยาง|0| |0| |3,197|3,551|6,748|2,910|
6812|72|จังหวัดสุพรรณบุรี |7278|ท้องถิ่นเทศบาลตำบลเขาดิน|0| |0| |2,879|3,061|5,940|2,175|
6812|72|จังหวัดสุพรรณบุรี |7279|ท้องถิ่นเทศบาลตำบลหนองหญ้าไซ|0| |0| |1,058|1,207|2,265|1,208|
6812|72|จังหวัดสุพรรณบุรี |7280|ท้องถิ่นเทศบาลตำบลอู่ทอง|0| |0| |3,328|3,745|7,073|3,712|
6812|72|จังหวัดสุพรรณบุรี |7281|ท้องถิ่นเทศบาลตำบลสระยายโสม|0| |0| |1,237|1,417|2,654|1,087|
6812|72|จังหวัดสุพรรณบุรี |7282|ท้องถิ่นเทศบาลตำบลสามชุก|0| |0| |5,676|6,437|12,113|7,001|
6812|72|จังหวัดสุพรรณบุรี |7283|ท้องถิ่นเทศบาลตำบลทุ่งคอก|0| |0| |1,496|1,746|3,242|1,349|
6812|72|จังหวัดสุพรรณบุรี |7284|ท้องถิ่นเทศบาลตำบลสระกระโจม|0| |0| |1,196|1,155|2,351|1,086|
6812|72|จังหวัดสุพรรณบุรี |7285|ท้องถิ่นเทศบาลตำบลดอนเจดีย์|0| |0| |1,358|1,485|2,843|1,430|
6812|72|จังหวัดสุพรรณบุรี |7286|ท้องถิ่นเทศบาลตำบลศรีประจันต์|0| |0| |2,524|2,832|5,356|2,717|
6812|72|จังหวัดสุพรรณบุรี |7287|ท้องถิ่นเทศบาลตำบลไผ่กองดิน|0| |0| |793|849|1,642|620|
6812|72|จังหวัดสุพรรณบุรี |7288|ท้องถิ่นเทศบาลตำบลบ้านแหลม|0| |0| |569|565|1,134|468|
6812|72|จังหวัดสุพรรณบุรี |7289|ท้องถิ่นเทศบาลตำบลบางปลาม้า|0| |0| |863|916|1,779|711|
6812|72|จังหวัดสุพรรณบุรี |7290|ท้องถิ่นเทศบาลตำบลโคกคราม|0| |0| |674|741|1,415|907|
6812|72|จังหวัดสุพรรณบุรี |7291|ท้องถิ่นเทศบาลตำบลด่านช้าง|0| |0| |2,514|2,862|5,376|3,470|
6812|72|จังหวัดสุพรรณบุรี |7292|ท้องถิ่นเทศบาลตำบลบ่อกรุ|0| |0| |871|1,017|1,888|794|
6812|72|จังหวัดสุพรรณบุรี |7293|ท้องถิ่นเทศบาลตำบลนางบวช|0| |0| |1,996|2,126|4,122|1,739|
6812|72|จังหวัดสุพรรณบุรี |7294|ท้องถิ่นเทศบาลตำบลเขาพระ|0| |0| |2,480|2,889|5,369|3,388|
6812|72|จังหวัดสุพรรณบุรี |7295|ท้องถิ่นเทศบาลตำบลสวนแตง|0| |0| |3,017|3,255|6,272|2,412|
6812|72|จังหวัดสุพรรณบุรี |7296|ท้องถิ่นเทศบาลตำบลโพธิ์พระยา|0| |0| |1,449|1,802|3,251|1,728|
6812|72|จังหวัดสุพรรณบุรี |7297|ท้องถิ่นเทศบาลตำบลท่าเสด็จ|0| |0| |6,546|6,978|13,524|4,651|
6812|72|จังหวัดสุพรรณบุรี |7298|ท้องถิ่นเทศบาลเมืองสองพี่น้อง|0| |0| |5,437|6,232|11,669|5,450|
6812|72|จังหวัดสุพรรณบุรี |7299|ท้องถิ่นเทศบาลเมืองสุพรรณบุรี|0| |0| |10,535|12,479|23,014|13,199|
6812|73|จังหวัดนครปฐม |0| |0| |0| |443,582|482,736|926,318|449,769|
6812|73|จังหวัดนครปฐม |7301|อำเภอเมืองนครปฐม|0| |0| |84,779|92,948|177,727|73,997|
6812|73|จังหวัดนครปฐม |7302|อำเภอกำแพงแสน|0| |0| |57,626|60,956|118,582|43,354|
6812|73|จังหวัดนครปฐม |7303|อำเภอนครชัยศรี|0| |0| |48,145|53,158|101,303|42,428|
6812|73|จังหวัดนครปฐม |7304|อำเภอดอนตูม|0| |0| |17,546|18,510|36,056|12,241|
6812|73|จังหวัดนครปฐม |7305|อำเภอบางเลน|0| |0| |39,551|40,792|80,343|31,958|
6812|73|จังหวัดนครปฐม |7306|อำเภอสามพราน|0| |0| |47,641|53,049|100,690|52,682|
6812|73|จังหวัดนครปฐม |7307|อำเภอพุทธมณฑล|0| |0| |10,680|12,566|23,246|12,684|
6812|73|จังหวัดนครปฐม |7380|ท้องถิ่นเทศบาลตำบลบ่อพลับ|0| |0| |4,616|5,096|9,712|5,191|
6812|73|จังหวัดนครปฐม |7381|ท้องถิ่นเทศบาลตำบลบางกระทึก|0| |0| |7,290|8,497|15,787|9,585|
6812|73|จังหวัดนครปฐม |7382|ท้องถิ่นเทศบาลเมืองกระทุ่มล้ม|0| |0| |13,619|15,957|29,576|19,282|
6812|73|จังหวัดนครปฐม |7383|ท้องถิ่นเทศบาลเมืองไร่ขิง|0| |0| |17,326|19,815|37,141|27,697|
6812|73|จังหวัดนครปฐม |7384|ท้องถิ่นเทศบาลเมืองคลองโยง|0| |0| |5,190|5,857|11,047|4,753|
6812|73|จังหวัดนครปฐม |7385|ท้องถิ่นเทศบาลตำบลศาลายา|0| |0| |6,646|5,318|11,964|10,163|
6812|73|จังหวัดนครปฐม |7386|ท้องถิ่นเทศบาลตำบลอ้อมใหญ่|0| |0| |11,507|12,715|24,222|22,511|
6812|73|จังหวัดนครปฐม |7387|ท้องถิ่นเทศบาลเมืองสามพราน|0| |0| |8,287|7,378|15,665|9,344|
6812|73|จังหวัดนครปฐม |7388|ท้องถิ่นเทศบาลตำบลลำพญา|0| |0| |879|959|1,838|677|
6812|73|จังหวัดนครปฐม |7389|ท้องถิ่นเทศบาลตำบลรางกระทุ่ม|0| |0| |967|1,023|1,990|763|
6812|73|จังหวัดนครปฐม |7390|ท้องถิ่นเทศบาลตำบลบางหลวง|0| |0| |962|1,011|1,973|742|
6812|73|จังหวัดนครปฐม |7391|ท้องถิ่นเทศบาลตำบลบางเลน|0| |0| |4,113|4,201|8,314|4,487|
6812|73|จังหวัดนครปฐม |7392|ท้องถิ่นเทศบาลตำบลสามง่าม|0| |0| |6,612|7,222|13,834|5,296|
6812|73|จังหวัดนครปฐม |7393|ท้องถิ่นเทศบาลตำบลห้วยพลู|0| |0| |1,001|1,127|2,128|944|
6812|73|จังหวัดนครปฐม |7394|ท้องถิ่นเทศบาลตำบลนครชัยศรี|0| |0| |3,525|4,272|7,797|5,304|
6812|73|จังหวัดนครปฐม |7395|ท้องถิ่นเทศบาลตำบลกำแพงแสน|0| |0| |3,121|3,568|6,689|4,439|
6812|73|จังหวัดนครปฐม |7396|ท้องถิ่นเทศบาลตำบลโพรงมะเดื่อ|0| |0| |5,087|5,627|10,714|4,544|
6812|73|จังหวัดนครปฐม |7397|ท้องถิ่นเทศบาลตำบลธรรมศาลา|0| |0| |3,218|3,573|6,791|3,139|
6812|73|จังหวัดนครปฐม |7398|ท้องถิ่นเทศบาลตำบลดอนยายหอม|0| |0| |2,985|3,224|6,209|2,293|
6812|73|จังหวัดนครปฐม |7399|ท้องถิ่นเทศบาลนครนครปฐม|0| |0| |30,663|34,317|64,980|39,271|
6812|74|จังหวัดสมุทรสาคร |0| |0| |0| |281,271|306,096|587,367|327,860|
6812|74|จังหวัดสมุทรสาคร |7401|อำเภอเมืองสมุทรสาคร|0| |0| |103,676|114,655|218,331|129,303|
6812|74|จังหวัดสมุทรสาคร |7402|อำเภอกระทุ่มแบน|0| |0| |32,556|35,241|67,797|41,227|
6812|74|จังหวัดสมุทรสาคร |7403|อำเภอบ้านแพ้ว|0| |0| |24,406|26,638|51,044|17,662|
6812|74|จังหวัดสมุทรสาคร |7491|ท้องถิ่นเทศบาลตำบลสวนหลวง|0| |0| |19,284|19,939|39,223|24,489|
6812|74|จังหวัดสมุทรสาคร |7492|ท้องถิ่นเทศบาลตำบลนาดี|0| |0| |13,355|14,918|28,273|17,591|
6812|74|จังหวัดสมุทรสาคร |7493|ท้องถิ่นเทศบาลตำบลหลักห้า|0| |0| |20,464|21,728|42,192|11,623|
6812|74|จังหวัดสมุทรสาคร |7494|ท้องถิ่นเทศบาลตำบลบ้านแพ้ว|0| |0| |1,255|1,352|2,607|1,065|
6812|74|จังหวัดสมุทรสาคร |7495|ท้องถิ่นเทศบาลตำบลเกษตรพัฒนา|0| |0| |2,535|2,699|5,234|1,711|
6812|74|จังหวัดสมุทรสาคร |7496|ท้องถิ่นเทศบาลตำบลบางปลา|0| |0| |3,689|3,991|7,680|5,031|
6812|74|จังหวัดสมุทรสาคร |7497|ท้องถิ่นเทศบาลนครอ้อมน้อย|0| |0| |25,411|28,344|53,755|52,099|
6812|74|จังหวัดสมุทรสาคร |7498|ท้องถิ่นเทศบาลเมืองกระทุ่มแบน|0| |0| |10,604|11,278|21,882|6,727|
6812|74|จังหวัดสมุทรสาคร |7499|ท้องถิ่นเทศบาลนครสมุทรสาคร|0| |0| |24,036|25,313|49,349|19,332|
6812|75|จังหวัดสมุทรสงคราม |0| |0| |0| |88,237|97,044|185,281|78,449|
6812|75|จังหวัดสมุทรสงคราม |7501|อำเภอเมืองสมุทรสงคราม|0| |0| |37,287|40,918|78,205|35,060|
6812|75|จังหวัดสมุทรสงคราม |7502|อำเภอบางคนที|0| |0| |12,465|13,723|26,188|10,485|
6812|75|จังหวัดสมุทรสงคราม |7503|อำเภออัมพวา|0| |0| |22,388|24,216|46,604|16,858|
6812|75|จังหวัดสมุทรสงคราม |7595|ท้องถิ่นเทศบาลตำบลเหมืองใหม่|0| |0| |873|946|1,819|825|
6812|75|จังหวัดสมุทรสงคราม |7596|ท้องถิ่นเทศบาลตำบลบางนกแขวก|0| |0| |766|903|1,669|866|
6812|75|จังหวัดสมุทรสงคราม |7597|ท้องถิ่นเทศบาลตำบลกระดังงา|0| |0| |963|1,124|2,087|886|
6812|75|จังหวัดสมุทรสงคราม |7598|ท้องถิ่นเทศบาลตำบลอัมพวา|0| |0| |2,009|2,253|4,262|2,034|
6812|75|จังหวัดสมุทรสงคราม |7599|ท้องถิ่นเทศบาลเมืองสมุทรสงคราม|0| |0| |11,486|12,961|24,447|11,435|
6812|76|จังหวัดเพชรบุรี |0| |0| |0| |232,868|251,259|484,127|241,198|
6812|76|จังหวัดเพชรบุรี |7601|อำเภอเมืองเพชรบุรี|0| |0| |42,405|48,598|91,003|38,845|
6812|76|จังหวัดเพชรบุรี |7602|อำเภอเขาย้อย|0| |0| |11,512|12,139|23,651|11,975|
6812|76|จังหวัดเพชรบุรี |7603|อำเภอหนองหญ้าปล้อง|0| |0| |8,254|8,257|16,511|7,435|
6812|76|จังหวัดเพชรบุรี |7604|อำเภอชะอำ|0| |0| |11,189|11,437|22,626|9,894|
6812|76|จังหวัดเพชรบุรี |7605|อำเภอท่ายาง|0| |0| |23,779|25,128|48,907|21,120|
6812|76|จังหวัดเพชรบุรี |7606|อำเภอบ้านลาด|0| |0| |22,906|25,211|48,117|16,981|
6812|76|จังหวัดเพชรบุรี |7607|อำเภอบ้านแหลม|0| |0| |17,648|18,278|35,926|12,481|
6812|76|จังหวัดเพชรบุรี |7608|อำเภอแก่งกระจาน|0| |0| |17,711|16,759|34,470|16,593|
6812|76|จังหวัดเพชรบุรี |7688|ท้องถิ่นเทศบาลตำบลท่าแลง|0| |0| |3,086|3,271|6,357|2,313|
6812|76|จังหวัดเพชรบุรี |7689|ท้องถิ่นเทศบาลตำบลบ้านแหลม|0| |0| |5,280|5,638|10,918|4,405|
6812|76|จังหวัดเพชรบุรี |7690|ท้องถิ่นเทศบาลตำบลบางตะบูน|0| |0| |2,370|2,479|4,849|1,929|
6812|76|จังหวัดเพชรบุรี |7691|ท้องถิ่นเทศบาลตำบลบ้านลาด|0| |0| |1,686|1,984|3,670|1,804|
6812|76|จังหวัดเพชรบุรี |7692|ท้องถิ่นเทศบาลตำบลหนองจอก|0| |0| |1,259|1,406|2,665|1,080|
6812|76|จังหวัดเพชรบุรี |7693|ท้องถิ่นเทศบาลตำบลท่ายาง|0| |0| |12,968|14,428|27,396|12,216|
6812|76|จังหวัดเพชรบุรี |7694|ท้องถิ่นเทศบาลตำบลนายาง|0| |0| |9,175|9,913|19,088|7,926|
6812|76|จังหวัดเพชรบุรี |7695|ท้องถิ่นเทศบาลตำบลเขาย้อย|0| |0| |7,053|7,758|14,811|9,167|
6812|76|จังหวัดเพชรบุรี |7696|ท้องถิ่นเทศบาลตำบลหาดเจ้าสำราญ|0| |0| |2,361|2,556|4,917|2,719|
6812|76|จังหวัดเพชรบุรี |7697|ท้องถิ่นเทศบาลตำบลหัวสะพาน|0| |0| |2,752|3,094|5,846|2,122|
6812|76|จังหวัดเพชรบุรี |7698|ท้องถิ่นเทศบาลเมืองชะอำ|0| |0| |20,482|22,710|43,192|49,769|
6812|76|จังหวัดเพชรบุรี |7699|ท้องถิ่นเทศบาลเมืองเพชรบุรี|0| |0| |8,992|10,215|19,207|10,424|
6812|77|จังหวัดประจวบคีรีขันธ์ |0| |0| |0| |269,387|282,056|551,443|299,161|
6812|77|จังหวัดประจวบคีรีขันธ์ |7701|อำเภอเมืองประจวบคีรีขันธ์|0| |0| |32,079|32,543|64,622|28,594|
6812|77|จังหวัดประจวบคีรีขันธ์ |7702|อำเภอกุยบุรี|0| |0| |17,078|17,662|34,740|12,112|
6812|77|จังหวัดประจวบคีรีขันธ์ |7703|อำเภอทับสะแก|0| |0| |20,857|21,432|42,289|16,016|
6812|77|จังหวัดประจวบคีรีขันธ์ |7704|อำเภอบางสะพาน|0| |0| |30,478|31,057|61,535|28,464|
6812|77|จังหวัดประจวบคีรีขันธ์ |7705|อำเภอบางสะพานน้อย|0| |0| |18,242|18,437|36,679|17,155|
6812|77|จังหวัดประจวบคีรีขันธ์ |7706|อำเภอปราณบุรี|0| |0| |21,253|22,797|44,050|23,474|
6812|77|จังหวัดประจวบคีรีขันธ์ |7707|อำเภอหัวหิน|0| |0| |29,298|32,203|61,501|35,540|
6812|77|จังหวัดประจวบคีรีขันธ์ |7708|อำเภอสามร้อยยอด|0| |0| |15,715|16,103|31,818|13,531|
6812|77|จังหวัดประจวบคีรีขันธ์ |7784|ท้องถิ่นเทศบาลตำบลเขาน้อย|0| |0| |6,556|3,005|9,561|6,174|
6812|77|จังหวัดประจวบคีรีขันธ์ |7785|ท้องถิ่นเทศบาลตำบลไร่เก่า|0| |0| |5,168|5,316|10,484|4,438|
6812|77|จังหวัดประจวบคีรีขันธ์ |7786|ท้องถิ่นเทศบาลตำบลหนองพลับ|0| |0| |2,377|2,617|4,994|3,028|
6812|77|จังหวัดประจวบคีรีขันธ์ |7787|ท้องถิ่นเทศบาลตำบลปากน้ำปราณ|0| |0| |3,768|3,774|7,542|3,599|
6812|77|จังหวัดประจวบคีรีขันธ์ |7788|ท้องถิ่นเทศบาลตำบลปราณบุรี|0| |0| |7,847|8,613|16,460|10,017|
6812|77|จังหวัดประจวบคีรีขันธ์ |7789|ท้องถิ่นเทศบาลตำบลบางสะพานน้อย|0| |0| |1,402|1,438|2,840|1,647|
6812|77|จังหวัดประจวบคีรีขันธ์ |7790|ท้องถิ่นเทศบาลตำบลร่อนทอง|0| |0| |3,790|3,945|7,735|3,663|
6812|77|จังหวัดประจวบคีรีขันธ์ |7791|ท้องถิ่นเทศบาลตำบลบ้านกรูด|0| |0| |1,934|2,159|4,093|2,490|
6812|77|จังหวัดประจวบคีรีขันธ์ |7792|ท้องถิ่นเทศบาลตำบลกำเนิดนพคุณ|0| |0| |1,208|1,245|2,453|1,688|
6812|77|จังหวัดประจวบคีรีขันธ์ |7793|ท้องถิ่นเทศบาลตำบลทับสะแก|0| |0| |2,841|3,295|6,136|3,671|
6812|77|จังหวัดประจวบคีรีขันธ์ |7794|ท้องถิ่นเทศบาลตำบลไร่ใหม่|0| |0| |3,578|3,879|7,457|3,069|
6812|77|จังหวัดประจวบคีรีขันธ์ |7795|ท้องถิ่นเทศบาลตำบลกุยบุรี|0| |0| |4,027|4,392|8,419|4,468|
6812|77|จังหวัดประจวบคีรีขันธ์ |7796|ท้องถิ่นเทศบาลตำบลคลองวาฬ|0| |0| |2,008|2,159|4,167|1,930|
6812|77|จังหวัดประจวบคีรีขันธ์ |7797|ท้องถิ่นเทศบาลตำบล กม.5|0| |0| |1,740|1,837|3,577|1,495|
6812|77|จังหวัดประจวบคีรีขันธ์ |7798|ท้องถิ่นเทศบาลนครหัวหิน|0| |0| |28,199|32,751|60,950|61,404|
6812|77|จังหวัดประจวบคีรีขันธ์ |7799|ท้องถิ่นเทศบาลเมืองประจวบคีรีขันธ์|0| |0| |7,944|9,397|17,341|11,494|
6812|80|จังหวัดนครศรีธรรมราช |0| |0| |0| |754,930|775,505|1,530,435|624,899|
6812|80|จังหวัดนครศรีธรรมราช |8001|อำเภอเมืองนครศรีธรรมราช|0| |0| |62,605|66,137|128,742|52,841|
6812|80|จังหวัดนครศรีธรรมราช |8002|อำเภอพรหมคีรี|0| |0| |13,443|13,869|27,312|9,762|
6812|80|จังหวัดนครศรีธรรมราช |8003|อำเภอลานสกา|0| |0| |18,990|19,957|38,947|15,471|
6812|80|จังหวัดนครศรีธรรมราช |8004|อำเภอฉวาง|0| |0| |25,500|26,560|52,060|19,933|
6812|80|จังหวัดนครศรีธรรมราช |8005|อำเภอพิปูน|0| |0| |8,743|9,085|17,828|7,588|
6812|80|จังหวัดนครศรีธรรมราช |8006|อำเภอเชียรใหญ่|0| |0| |19,909|19,863|39,772|15,501|
6812|80|จังหวัดนครศรีธรรมราช |8007|อำเภอชะอวด|0| |0| |40,047|40,759|80,806|31,430|
6812|80|จังหวัดนครศรีธรรมราช |8008|อำเภอท่าศาลา|0| |0| |55,979|57,662|113,641|40,262|
6812|80|จังหวัดนครศรีธรรมราช |8009|อำเภอทุ่งสง|0| |0| |58,465|57,508|115,973|51,349|
6812|80|จังหวัดนครศรีธรรมราช |8010|อำเภอนาบอน|0| |0| |11,889|12,134|24,023|8,979|
6812|80|จังหวัดนครศรีธรรมราช |8011|อำเภอทุ่งใหญ่|0| |0| |34,322|34,610|68,932|25,278|
6812|80|จังหวัดนครศรีธรรมราช |8012|อำเภอปากพนัง|0| |0| |38,497|38,004|76,501|28,071|
6812|80|จังหวัดนครศรีธรรมราช |8013|อำเภอร่อนพิบูลย์|0| |0| |30,418|30,758|61,176|21,617|
6812|80|จังหวัดนครศรีธรรมราช |8014|อำเภอสิชล|0| |0| |40,395|41,242|81,637|31,267|
6812|80|จังหวัดนครศรีธรรมราช |8015|อำเภอขนอม|0| |0| |10,105|10,543|20,648|10,414|
6812|80|จังหวัดนครศรีธรรมราช |8016|อำเภอหัวไทร|0| |0| |21,447|21,693|43,140|18,802|
6812|80|จังหวัดนครศรีธรรมราช |8017|อำเภอบางขัน|0| |0| |23,836|23,255|47,091|17,520|
6812|80|จังหวัดนครศรีธรรมราช |8018|อำเภอถ้ำพรรณรา|0| |0| |9,504|9,502|19,006|7,723|
6812|80|จังหวัดนครศรีธรรมราช |8019|อำเภอจุฬาภรณ์|0| |0| |15,460|15,841|31,301|11,461|
6812|80|จังหวัดนครศรีธรรมราช |8020|อำเภอพระพรหม|0| |0| |22,002|22,738|44,740|17,765|
6812|80|จังหวัดนครศรีธรรมราช |8021|อำเภอนบพิตำ|0| |0| |17,054|16,938|33,992|13,021|
6812|80|จังหวัดนครศรีธรรมราช |8022|อำเภอช้างกลาง|0| |0| |13,585|14,134|27,719|11,402|
6812|80|จังหวัดนครศรีธรรมราช |8023|อำเภอเฉลิมพระเกียรติ|0| |0| |10,825|10,938|21,763|8,375|
6812|80|จังหวัดนครศรีธรรมราช |8069|ท้องถิ่นเทศบาลเมืองปากพูน|0| |0| |17,330|16,735|34,065|16,397|
6812|80|จังหวัดนครศรีธรรมราช |8070|ท้องถิ่นเทศบาลตำบลหน้าสตน|0| |0| |3,972|3,930|7,902|3,026|
6812|80|จังหวัดนครศรีธรรมราช |8071|ท้องถิ่นเทศบาลตำบลเขาพระ|0| |0| |4,042|4,078|8,120|3,466|
6812|80|จังหวัดนครศรีธรรมราช |8072|ท้องถิ่นเทศบาลตำบลเกาะเพชร|0| |0| |3,412|3,352|6,764|2,300|
6812|80|จังหวัดนครศรีธรรมราช |8073|ท้องถิ่นเทศบาลตำบลทางพูน|0| |0| |4,500|4,250|8,750|3,037|
6812|80|จังหวัดนครศรีธรรมราช |8074|ท้องถิ่นเทศบาลตำบลที่วัง|0| |0| |7,257|7,326|14,583|6,884|
6812|80|จังหวัดนครศรีธรรมราช |8075|ท้องถิ่นเทศบาลตำบลท้องเนียน|0| |0| |2,886|2,899|5,785|3,491|
6812|80|จังหวัดนครศรีธรรมราช |8076|ท้องถิ่นเทศบาลตำบลหัวไทร|0| |0| |1,836|2,051|3,887|1,946|
6812|80|จังหวัดนครศรีธรรมราช |8077|ท้องถิ่นเทศบาลตำบลขนอม|0| |0| |2,149|2,201|4,350|2,561|
6812|80|จังหวัดนครศรีธรรมราช |8078|ท้องถิ่นเทศบาลตำบลสิชล|0| |0| |3,228|3,496|6,724|4,249|
6812|80|จังหวัดนครศรีธรรมราช |8079|ท้องถิ่นเทศบาลตำบลหินตก|0| |0| |4,201|4,169|8,370|2,983|
6812|80|จังหวัดนครศรีธรรมราช |8080|ท้องถิ่นเทศบาลตำบลร่อนพิบูลย์|0| |0| |3,579|3,904|7,483|3,505|
6812|80|จังหวัดนครศรีธรรมราช |8081|ท้องถิ่นเทศบาลตำบลเขาชุมทอง|0| |0| |2,082|2,237|4,319|1,423|
6812|80|จังหวัดนครศรีธรรมราช |8082|ท้องถิ่นเทศบาลตำบลท่ายาง|0| |0| |2,345|2,547|4,892|3,142|
6812|80|จังหวัดนครศรีธรรมราช |8083|ท้องถิ่นเทศบาลตำบลนาบอน|0| |0| |1,000|1,073|2,073|1,094|
6812|80|จังหวัดนครศรีธรรมราช |8084|ท้องถิ่นเทศบาลตำบลท่าศาลา|0| |0| |1,305|1,448|2,753|1,854|
6812|80|จังหวัดนครศรีธรรมราช |8085|ท้องถิ่นเทศบาลตำบลชะอวด|0| |0| |1,514|1,796|3,310|1,688|
6812|80|จังหวัดนครศรีธรรมราช |8086|ท้องถิ่นเทศบาลตำบลเชียรใหญ่|0| |0| |748|817|1,565|843|
6812|80|จังหวัดนครศรีธรรมราช |8087|ท้องถิ่นเทศบาลตำบลพิปูน|0| |0| |1,298|1,400|2,698|1,176|
6812|80|จังหวัดนครศรีธรรมราช |8088|ท้องถิ่นเทศบาลตำบลไม้เรียง|0| |0| |1,128|1,150|2,278|1,281|
6812|80|จังหวัดนครศรีธรรมราช |8089|ท้องถิ่นเทศบาลตำบลฉวาง|0| |0| |1,159|1,210|2,369|1,322|
6812|80|จังหวัดนครศรีธรรมราช |8090|ท้องถิ่นเทศบาลตำบลจันดี|0| |0| |3,414|3,782|7,196|4,068|
6812|80|จังหวัดนครศรีธรรมราช |8091|ท้องถิ่นเทศบาลตำบลลานสกา|0| |0| |870|961|1,831|1,064|
6812|80|จังหวัดนครศรีธรรมราช |8092|ท้องถิ่นเทศบาลตำบลพรหมโลก|0| |0| |3,251|3,386|6,637|2,915|
6812|80|จังหวัดนครศรีธรรมราช |8093|ท้องถิ่นเทศบาลตำบลทอนหงส์|0| |0| |1,667|1,698|3,365|1,195|
6812|80|จังหวัดนครศรีธรรมราช |8094|ท้องถิ่นเทศบาลตำบลปากนคร|0| |0| |3,091|3,026|6,117|2,130|
6812|80|จังหวัดนครศรีธรรมราช |8095|ท้องถิ่นเทศบาลตำบลบางจาก|0| |0| |883|920|1,803|712|
6812|80|จังหวัดนครศรีธรรมราช |8096|ท้องถิ่นเทศบาลตำบลท่าแพ|0| |0| |1,791|1,845|3,636|1,298|
6812|80|จังหวัดนครศรีธรรมราช |8097|ท้องถิ่นเทศบาลเมืองทุ่งสง|0| |0| |13,006|15,346|28,352|11,885|
6812|80|จังหวัดนครศรีธรรมราช |8098|ท้องถิ่นเทศบาลเมืองปากพนัง|0| |0| |8,950|9,141|18,091|8,326|
6812|80|จังหวัดนครศรีธรรมราช |8099|ท้องถิ่นเทศบาลนครนครศรีธรรมราช|0| |0| |44,016|49,601|93,617|47,806|
6812|81|จังหวัดกระบี่ |0| |0| |0| |240,718|244,078|484,796|212,135|
6812|81|จังหวัดกระบี่ |8101|อำเภอเมืองกระบี่|0| |0| |38,403|39,194|77,597|43,645|
6812|81|จังหวัดกระบี่ |8102|อำเภอเขาพนม|0| |0| |25,500|25,307|50,807|19,219|
6812|81|จังหวัดกระบี่ |8103|อำเภอเกาะลันตา|0| |0| |17,980|17,531|35,511|16,322|
6812|81|จังหวัดกระบี่ |8104|อำเภอคลองท่อม|0| |0| |36,836|35,625|72,461|26,427|
6812|81|จังหวัดกระบี่ |8105|อำเภออ่าวลึก|0| |0| |23,410|23,622|47,032|17,732|
6812|81|จังหวัดกระบี่ |8106|อำเภอปลายพระยา|0| |0| |16,202|16,149|32,351|11,761|
6812|81|จังหวัดกระบี่ |8107|อำเภอลำทับ|0| |0| |10,312|10,006|20,318|7,675|
6812|81|จังหวัดกระบี่ |8108|อำเภอเหนือคลอง|0| |0| |30,461|31,209|61,670|22,076|
6812|81|จังหวัดกระบี่ |8189|ท้องถิ่นเทศบาลตำบลกระบี่น้อย|0| |0| |9,851|10,269|20,120|10,055|
6812|81|จังหวัดกระบี่ |8190|ท้องถิ่นเทศบาลตำบลเหนือคลอง|0| |0| |2,040|2,192|4,232|2,520|
6812|81|จังหวัดกระบี่ |8191|ท้องถิ่นเทศบาลตำบลลำทับ|0| |0| |2,077|2,252|4,329|2,493|
6812|81|จังหวัดกระบี่ |8192|ท้องถิ่นเทศบาลตำบลปลายพระยา|0| |0| |3,037|3,029|6,066|2,757|
6812|81|จังหวัดกระบี่ |8193|ท้องถิ่นเทศบาลตำบลอ่าวลึกใต้|0| |0| |2,568|2,795|5,363|3,120|
6812|81|จังหวัดกระบี่ |8194|ท้องถิ่นเทศบาลตำบลแหลมสัก|0| |0| |2,064|2,057|4,121|1,314|
6812|81|จังหวัดกระบี่ |8195|ท้องถิ่นเทศบาลตำบลคลองพน|0| |0| |1,407|1,474|2,881|1,383|
6812|81|จังหวัดกระบี่ |8196|ท้องถิ่นเทศบาลตำบลคลองท่อมใต้|0| |0| |1,454|1,624|3,078|1,848|
6812|81|จังหวัดกระบี่ |8197|ท้องถิ่นเทศบาลตำบลเกาะลันตาใหญ่|0| |0| |567|578|1,145|518|
6812|81|จังหวัดกระบี่ |8198|ท้องถิ่นเทศบาลตำบลเขาพนม|0| |0| |2,555|2,700|5,255|2,598|
6812|81|จังหวัดกระบี่ |8199|ท้องถิ่นเทศบาลเมืองกระบี่|0| |0| |13,994|16,465|30,459|18,672|
6812|82|จังหวัดพังงา |0| |0| |0| |132,518|133,135|265,653|127,398|
6812|82|จังหวัดพังงา |8201|อำเภอเมืองพังงา|0| |0| |15,183|15,690|30,873|13,095|
6812|82|จังหวัดพังงา |8202|อำเภอเกาะยาว|0| |0| |7,486|7,351|14,837|6,431|
6812|82|จังหวัดพังงา |8203|อำเภอกะปง|0| |0| |6,651|6,609|13,260|6,327|
6812|82|จังหวัดพังงา |8204|อำเภอตะกั่วทุ่ง|0| |0| |14,642|14,451|29,093|11,248|
6812|82|จังหวัดพังงา |8205|อำเภอตะกั่วป่า|0| |0| |20,879|21,125|42,004|25,700|
6812|82|จังหวัดพังงา |8206|อำเภอคุระบุรี|0| |0| |12,640|12,259|24,899|10,932|
6812|82|จังหวัดพังงา |8207|อำเภอทับปุด|0| |0| |12,433|12,361|24,794|8,677|
6812|82|จังหวัดพังงา |8208|อำเภอท้ายเหมือง|0| |0| |22,660|22,021|44,681|22,107|
6812|82|จังหวัดพังงา |8291|ท้องถิ่นเทศบาลตำบลท้ายเหมือง|0| |0| |1,462|1,551|3,013|1,801|
6812|82|จังหวัดพังงา |8292|ท้องถิ่นเทศบาลตำบลทับปุด|0| |0| |478|488|966|650|
6812|82|จังหวัดพังงา |8293|ท้องถิ่นเทศบาลตำบลคุระบุรี|0| |0| |1,672|1,687|3,359|2,248|
6812|82|จังหวัดพังงา |8294|ท้องถิ่นเทศบาลเมืองโคกกลอย|0| |0| |6,915|7,215|14,130|7,786|
6812|82|จังหวัดพังงา |8295|ท้องถิ่นเทศบาลตำบลกระโสม|0| |0| |843|949|1,792|793|
6812|82|จังหวัดพังงา |8296|ท้องถิ่นเทศบาลตำบลท่านา|0| |0| |484|539|1,023|606|
6812|82|จังหวัดพังงา |8298|ท้องถิ่นเทศบาลเมืองตะกั่วป่า|0| |0| |3,490|3,912|7,402|2,855|
6812|82|จังหวัดพังงา |8299|ท้องถิ่นเทศบาลเมืองพังงา|0| |0| |4,600|4,927|9,527|6,142|
6812|83|จังหวัดภูเก็ต |0| |0| |0| |203,101|229,363|432,464|303,160|
6812|83|จังหวัดภูเก็ต |8301|อำเภอเมืองภูเก็ต|0| |0| |22,501|25,407|47,908|33,102|
6812|83|จังหวัดภูเก็ต |8302|อำเภอกะทู้|0| |0| |3,386|3,750|7,136|8,075|
6812|83|จังหวัดภูเก็ต |8303|อำเภอถลาง|0| |0| |49,510|53,087|102,597|84,105|
6812|83|จังหวัดภูเก็ต |8391|ท้องถิ่นเทศบาลตำบลวิชิต|0| |0| |25,947|30,182|56,129|37,306|
6812|83|จังหวัดภูเก็ต |8392|ท้องถิ่นเทศบาลตำบลราไวย์|0| |0| |9,165|10,494|19,659|22,011|
6812|83|จังหวัดภูเก็ต |8393|ท้องถิ่นเทศบาลตำบลรัษฎา|0| |0| |24,482|27,558|52,040|32,423|
6812|83|จังหวัดภูเก็ต |8394|ท้องถิ่นเทศบาลตำบลเทพกระษัตรี|0| |0| |4,768|5,125|9,893|5,344|
6812|83|จังหวัดภูเก็ต |8395|ท้องถิ่นเทศบาลตำบลเชิงทะเล|0| |0| |3,033|3,872|6,905|4,167|
6812|83|จังหวัดภูเก็ต |8396|ท้องถิ่นเทศบาลเมืองกะทู้|0| |0| |15,272|17,971|33,243|23,594|
6812|83|จังหวัดภูเก็ต |8397|ท้องถิ่นเทศบาลตำบลกะรน|0| |0| |3,617|4,009|7,626|9,256|
6812|83|จังหวัดภูเก็ต |8398|ท้องถิ่นเทศบาลเมืองป่าตอง|0| |0| |9,421|10,217|19,638|16,694|
6812|83|จังหวัดภูเก็ต |8399|ท้องถิ่นเทศบาลนครภูเก็ต|0| |0| |31,999|37,691|69,690|27,083|
6812|84|จังหวัดสุราษฎร์ธานี |0| |0| |0| |528,853|547,124|1,075,977|559,761|
6812|84|จังหวัดสุราษฎร์ธานี |8401|อำเภอเมืองสุราษฎร์ธานี|0| |0| |9,218|10,011|19,229|8,992|
6812|84|จังหวัดสุราษฎร์ธานี |8402|อำเภอกาญจนดิษฐ์|0| |0| |41,267|42,208|83,475|36,687|
6812|84|จังหวัดสุราษฎร์ธานี |8403|อำเภอดอนสัก|0| |0| |12,397|12,352|24,749|11,235|
6812|84|จังหวัดสุราษฎร์ธานี |8405|อำเภอเกาะพะงัน|0| |0| |6,147|5,867|12,014|15,105|
6812|84|จังหวัดสุราษฎร์ธานี |8406|อำเภอไชยา|0| |0| |18,973|19,747|38,720|18,017|
6812|84|จังหวัดสุราษฎร์ธานี |8407|อำเภอท่าชนะ|0| |0| |25,895|25,518|51,413|23,852|
6812|84|จังหวัดสุราษฎร์ธานี |8408|อำเภอคีรีรัฐนิคม|0| |0| |21,031|21,190|42,221|17,847|
6812|84|จังหวัดสุราษฎร์ธานี |8409|อำเภอบ้านตาขุน|0| |0| |4,601|4,664|9,265|4,181|
6812|84|จังหวัดสุราษฎร์ธานี |8410|อำเภอพนม|0| |0| |12,506|12,032|24,538|9,985|
6812|84|จังหวัดสุราษฎร์ธานี |8411|อำเภอท่าฉาง|0| |0| |14,913|14,751|29,664|13,821|
6812|84|จังหวัดสุราษฎร์ธานี |8412|อำเภอบ้านนาสาร|0| |0| |25,178|25,611|50,789|19,151|
6812|84|จังหวัดสุราษฎร์ธานี |8413|อำเภอบ้านนาเดิม|0| |0| |10,269|10,494|20,763|8,149|
6812|84|จังหวัดสุราษฎร์ธานี |8414|อำเภอเคียนซา|0| |0| |13,818|13,758|27,576|11,867|
6812|84|จังหวัดสุราษฎร์ธานี |8415|อำเภอเวียงสระ|0| |0| |8,619|8,894|17,513|7,397|
6812|84|จังหวัดสุราษฎร์ธานี |8416|อำเภอพระแสง|0| |0| |31,614|31,270|62,884|25,540|
6812|84|จังหวัดสุราษฎร์ธานี |8417|อำเภอพุนพิน|0| |0| |37,750|38,009|75,759|38,538|
6812|84|จังหวัดสุราษฎร์ธานี |8418|อำเภอชัยบุรี|0| |0| |14,293|14,120|28,413|12,130|
6812|84|จังหวัดสุราษฎร์ธานี |8419|อำเภอวิภาวดี|0| |0| |8,216|7,705|15,921|7,754|
6812|84|จังหวัดสุราษฎร์ธานี |8471|ท้องถิ่นเทศบาลตำบลบ้านเสด็จ|0| |0| |9,664|9,559|19,223|8,227|
6812|84|จังหวัดสุราษฎร์ธานี |8472|ท้องถิ่นเทศบาลตำบลคลองชะอุ่น|0| |0| |4,888|4,840|9,728|3,612|
6812|84|จังหวัดสุราษฎร์ธานี |8473|ท้องถิ่นเทศบาลตำบลทุ่งหลวง|0| |0| |5,416|5,715|11,131|4,409|
6812|84|จังหวัดสุราษฎร์ธานี |8474|ท้องถิ่นเทศบาลตำบลขุนทะเล|0| |0| |6,999|7,799|14,798|12,159|
6812|84|จังหวัดสุราษฎร์ธานี |8475|ท้องถิ่นเทศบาลตำบลช้างซ้าย|0| |0| |5,585|5,599|11,184|4,178|
6812|84|จังหวัดสุราษฎร์ธานี |8476|ท้องถิ่นเทศบาลตำบลเขานิพันธ์|0| |0| |3,394|3,426|6,820|3,137|
6812|84|จังหวัดสุราษฎร์ธานี |8477|ท้องถิ่นเทศบาลตำบลวัดประดู่|0| |0| |10,153|11,376|21,529|13,669|
6812|84|จังหวัดสุราษฎร์ธานี |8478|ท้องถิ่นเทศบาลตำบลบ้านส้อง|0| |0| |8,777|9,106|17,883|7,649|
6812|84|จังหวัดสุราษฎร์ธานี |8479|ท้องถิ่นเทศบาลตำบลย่านดินแดง|0| |0| |1,078|1,120|2,198|1,102|
6812|84|จังหวัดสุราษฎร์ธานี |8480|ท้องถิ่นเทศบาลตำบลบางสวรรค์|0| |0| |2,078|2,168|4,246|2,122|
6812|84|จังหวัดสุราษฎร์ธานี |8481|ท้องถิ่นเทศบาลเมืองเวียงสระ|0| |0| |4,317|4,810|9,127|6,011|
6812|84|จังหวัดสุราษฎร์ธานี |8482|ท้องถิ่นเทศบาลตำบลเคียนซา|0| |0| |843|788|1,631|765|
6812|84|จังหวัดสุราษฎร์ธานี |8483|ท้องถิ่นเทศบาลตำบลบ้านนา|0| |0| |1,534|1,662|3,196|1,779|
6812|84|จังหวัดสุราษฎร์ธานี |8484|ท้องถิ่นเทศบาลตำบลท่าฉาง|0| |0| |2,211|2,407|4,618|2,042|
6812|84|จังหวัดสุราษฎร์ธานี |8485|ท้องถิ่นเทศบาลตำบลพนม|0| |0| |2,442|2,466|4,908|2,110|
6812|84|จังหวัดสุราษฎร์ธานี |8486|ท้องถิ่นเทศบาลตำบลบ้านตาขุน|0| |0| |1,168|1,247|2,415|1,932|
6812|84|จังหวัดสุราษฎร์ธานี |8487|ท้องถิ่นเทศบาลตำบลบ้านเชี่ยวหลาน|0| |0| |2,284|2,317|4,601|2,109|
6812|84|จังหวัดสุราษฎร์ธานี |8488|ท้องถิ่นเทศบาลตำบลท่าขนอน|0| |0| |921|897|1,818|1,132|
6812|84|จังหวัดสุราษฎร์ธานี |8489|ท้องถิ่นเทศบาลตำบลท่าชนะ|0| |0| |1,338|1,503|2,841|1,854|
6812|84|จังหวัดสุราษฎร์ธานี |8490|ท้องถิ่นเทศบาลตำบลพุมเรียง|0| |0| |3,794|3,998|7,792|2,995|
6812|84|จังหวัดสุราษฎร์ธานี |8491|ท้องถิ่นเทศบาลตำบลตลาดไชยา|0| |0| |2,338|2,652|4,990|3,078|
6812|84|จังหวัดสุราษฎร์ธานี |8492|ท้องถิ่นเทศบาลตำบลเกาะพะงัน|0| |0| |4,182|4,284|8,466|7,002|
6812|84|จังหวัดสุราษฎร์ธานี |8493|ท้องถิ่นเทศบาลนครเกาะสมุย|0| |0| |33,993|37,006|70,999|63,979|
6812|84|จังหวัดสุราษฎร์ธานี |8494|ท้องถิ่นเทศบาลเมืองดอนสัก|0| |0| |5,892|6,159|12,051|6,238|
6812|84|จังหวัดสุราษฎร์ธานี |8495|ท้องถิ่นเทศบาลตำบลท่าทองใหม่|0| |0| |3,584|3,682|7,266|3,372|
6812|84|จังหวัดสุราษฎร์ธานี |8496|ท้องถิ่นเทศบาลตำบลกาญจนดิษฐ์|0| |0| |4,410|4,801|9,211|5,055|
6812|84|จังหวัดสุราษฎร์ธานี |8497|ท้องถิ่นเทศบาลเมืองท่าข้าม|0| |0| |8,372|9,018|17,390|9,278|
6812|84|จังหวัดสุราษฎร์ธานี |8498|ท้องถิ่นเทศบาลเมืองนาสาร|0| |0| |9,195|9,694|18,889|8,673|
6812|84|จังหวัดสุราษฎร์ธานี |8499|ท้องถิ่นเทศบาลนครสุราษฎร์ธานี|0| |0| |61,298|68,824|130,122|79,845|
6812|85|จังหวัดระนอง |0| |0| |0| |96,644|95,843|192,487|99,564|
6812|85|จังหวัดระนอง |8501|อำเภอเมืองระนอง|0| |0| |35,669|35,413|71,082|41,364|
6812|85|จังหวัดระนอง |8502|อำเภอละอุ่น|0| |0| |6,435|6,276|12,711|5,914|
6812|85|จังหวัดระนอง |8503|อำเภอกะเปอร์|0| |0| |10,473|10,195|20,668|8,535|
6812|85|จังหวัดระนอง |8504|อำเภอกระบุรี|0| |0| |22,596|21,919|44,515|23,531|
6812|85|จังหวัดระนอง |8505|อำเภอสุขสำราญ|0| |0| |7,492|7,560|15,052|4,902|
6812|85|จังหวัดระนอง |8594|ท้องถิ่นเทศบาลตำบลน้ำจืด|0| |0| |1,660|1,698|3,358|2,026|
6812|85|จังหวัดระนอง |8595|ท้องถิ่นเทศบาลตำบลกะเปอร์|0| |0| |752|793|1,545|691|
6812|85|จังหวัดระนอง |8596|ท้องถิ่นเทศบาลตำบลละอุ่น|0| |0| |1,345|1,287|2,632|1,259|
6812|85|จังหวัดระนอง |8597|ท้องถิ่นเทศบาลตำบลหงาว|0| |0| |1,156|1,276|2,432|1,140|
6812|85|จังหวัดระนอง |8598|ท้องถิ่นเทศบาลตำบลปากน้ำ|0| |0| |1,207|1,113|2,320|1,839|
6812|85|จังหวัดระนอง |8599|ท้องถิ่นเทศบาลเมืองระนอง|0| |0| |7,859|8,313|16,172|8,363|
6812|86|จังหวัดชุมพร |0| |0| |0| |249,489|257,367|506,856|259,113|
6812|86|จังหวัดชุมพร |8601|อำเภอเมืองชุมพร|0| |0| |46,472|47,402|93,874|48,099|
6812|86|จังหวัดชุมพร |8602|อำเภอท่าแซะ|0| |0| |41,211|41,607|82,818|37,829|
6812|86|จังหวัดชุมพร |8603|อำเภอปะทิว|0| |0| |19,581|20,083|39,664|19,369|
6812|86|จังหวัดชุมพร |8604|อำเภอหลังสวน|0| |0| |27,595|28,733|56,328|26,601|
6812|86|จังหวัดชุมพร |8605|อำเภอละแม|0| |0| |12,871|12,932|25,803|12,570|
6812|86|จังหวัดชุมพร |8606|อำเภอพะโต๊ะ|0| |0| |11,806|11,427|23,233|11,459|
6812|86|จังหวัดชุมพร |8607|อำเภอสวี|0| |0| |34,588|35,033|69,621|34,016|
6812|86|จังหวัดชุมพร |8608|อำเภอทุ่งตะโก|0| |0| |10,883|10,896|21,779|10,539|
6812|86|จังหวัดชุมพร |8685|ท้องถิ่นเทศบาลเมืองท่ายาง|0| |0| |5,014|5,273|10,287|5,043|
6812|86|จังหวัดชุมพร |8686|ท้องถิ่นเทศบาลตำบลปากตะโก|0| |0| |2,017|1,972|3,989|1,740|
6812|86|จังหวัดชุมพร |8687|ท้องถิ่นเทศบาลตำบลนาโพธิ์|0| |0| |1,340|1,516|2,856|1,741|
6812|86|จังหวัดชุมพร |8688|ท้องถิ่นเทศบาลตำบลพะโต๊ะ|0| |0| |743|750|1,493|736|
6812|86|จังหวัดชุมพร |8689|ท้องถิ่นเทศบาลตำบลละแม|0| |0| |1,583|1,689|3,272|2,057|
6812|86|จังหวัดชุมพร |8690|ท้องถิ่นเทศบาลตำบลปากน้ำหลังสวน|0| |0| |3,078|3,181|6,259|3,245|
6812|86|จังหวัดชุมพร |8691|ท้องถิ่นเทศบาลตำบลสะพลี|0| |0| |1,024|1,089|2,113|1,233|
6812|86|จังหวัดชุมพร |8692|ท้องถิ่นเทศบาลตำบลมาบอำมฤต|0| |0| |1,698|1,779|3,477|2,326|
6812|86|จังหวัดชุมพร |8693|ท้องถิ่นเทศบาลตำบลปะทิว|0| |0| |560|624|1,184|915|
6812|86|จังหวัดชุมพร |8694|ท้องถิ่นเทศบาลตำบลเนินสันติ|0| |0| |915|955|1,870|1,357|
6812|86|จังหวัดชุมพร |8695|ท้องถิ่นเทศบาลตำบลท่าแซะ|0| |0| |948|1,045|1,993|1,465|
6812|86|จังหวัดชุมพร |8696|ท้องถิ่นเทศบาลตำบลวังไผ่|0| |0| |3,152|3,508|6,660|4,985|
6812|86|จังหวัดชุมพร |8697|ท้องถิ่นเทศบาลตำบลปากน้ำชุมพร|0| |0| |2,820|2,947|5,767|3,469|
6812|86|จังหวัดชุมพร |8698|ท้องถิ่นเทศบาลเมืองหลังสวน|0| |0| |5,018|5,805|10,823|7,339|
6812|86|จังหวัดชุมพร |8699|ท้องถิ่นเทศบาลเมืองชุมพร|0| |0| |14,572|17,121|31,693|20,980|
6812|90|จังหวัดสงขลา |0| |0| |0| |693,970|735,155|1,429,125|602,196|
6812|90|จังหวัดสงขลา |9001|อำเภอเมืองสงขลา|0| |0| |7,291|7,891|15,182|6,009|
6812|90|จังหวัดสงขลา |9002|อำเภอสทิงพระ|0| |0| |21,388|22,365|43,753|14,737|
6812|90|จังหวัดสงขลา |9003|อำเภอจะนะ|0| |0| |50,964|51,619|102,583|30,326|
6812|90|จังหวัดสงขลา |9004|อำเภอนาทวี|0| |0| |31,575|31,139|62,714|20,737|
6812|90|จังหวัดสงขลา |9005|อำเภอเทพา|0| |0| |31,108|29,621|60,729|17,788|
6812|90|จังหวัดสงขลา |9006|อำเภอสะบ้าย้อย|0| |0| |40,563|40,039|80,602|20,627|
6812|90|จังหวัดสงขลา |9007|อำเภอระโนด|0| |0| |23,289|23,837|47,126|20,446|
6812|90|จังหวัดสงขลา |9008|อำเภอกระแสสินธุ์|0| |0| |7,139|7,444|14,583|5,571|
6812|90|จังหวัดสงขลา |9009|อำเภอรัตภูมิ|0| |0| |33,556|34,089|67,645|23,854|
6812|90|จังหวัดสงขลา |9010|อำเภอสะเดา|0| |0| |29,491|29,287|58,778|22,652|
6812|90|จังหวัดสงขลา |9011|อำเภอหาดใหญ่|0| |0| |15,836|17,293|33,129|15,629|
6812|90|จังหวัดสงขลา |9012|อำเภอนาหม่อม|0| |0| |11,106|11,969|23,075|9,940|
6812|90|จังหวัดสงขลา |9013|อำเภอควนเนียง|0| |0| |14,740|15,253|29,993|10,719|
6812|90|จังหวัดสงขลา |9014|อำเภอบางกล่ำ|0| |0| |5,187|5,349|10,536|4,118|
6812|90|จังหวัดสงขลา |9015|อำเภอสิงหนคร|0| |0| |21,349|22,355|43,704|15,943|
6812|90|จังหวัดสงขลา |9016|อำเภอคลองหอยโข่ง|0| |0| |5,875|5,871|11,746|5,520|
6812|90|จังหวัดสงขลา |9066|ท้องถิ่นเทศบาลเมืองทุ่งตำเสา|0| |0| |8,545|9,011|17,556|7,010|
6812|90|จังหวัดสงขลา |9067|ท้องถิ่นเทศบาลตำบลโคกม่วง|0| |0| |4,033|3,501|7,534|2,974|
6812|90|จังหวัดสงขลา |9068|ท้องถิ่นเทศบาลตำบลทุ่งลาน|0| |0| |3,756|4,048|7,804|2,907|
6812|90|จังหวัดสงขลา |9069|ท้องถิ่นเทศบาลตำบลเกาะแต้ว|0| |0| |5,659|5,967|11,626|4,134|
6812|90|จังหวัดสงขลา |9070|ท้องถิ่นเทศบาลตำบลคูเต่า|0| |0| |5,929|6,034|11,963|3,545|
6812|90|จังหวัดสงขลา |9071|ท้องถิ่นเทศบาลตำบลท่าช้าง|0| |0| |11,931|12,101|24,032|11,363|
6812|90|จังหวัดสงขลา |9072|ท้องถิ่นเทศบาลตำบลน้ำน้อย|0| |0| |7,360|8,291|15,651|6,997|
6812|90|จังหวัดสงขลา |9073|ท้องถิ่นเทศบาลตำบลลำไพล|0| |0| |7,833|8,063|15,896|4,912|
6812|90|จังหวัดสงขลา |9074|ท้องถิ่นเทศบาลตำบลบ้านไร่|0| |0| |4,077|4,319|8,396|3,756|
6812|90|จังหวัดสงขลา |9075|ท้องถิ่นเทศบาลตำบลพะวง|0| |0| |17,093|18,876|35,969|17,322|
6812|90|จังหวัดสงขลา |9076|ท้องถิ่นเทศบาลเมืองเขารูปช้าง|0| |0| |20,371|22,860|43,231|23,015|
6812|90|จังหวัดสงขลา |9077|ท้องถิ่นเทศบาลตำบลสำนักขาม|0| |0| |6,394|7,489|13,883|9,539|
6812|90|จังหวัดสงขลา |9078|ท้องถิ่นเทศบาลเมืองคลองแห|0| |0| |21,220|24,289|45,509|24,087|
6812|90|จังหวัดสงขลา |9079|ท้องถิ่นเทศบาลเมืองควนลัง|0| |0| |24,955|28,587|53,542|29,285|
6812|90|จังหวัดสงขลา |9080|ท้องถิ่นเทศบาลเมืองคอหงส์|0| |0| |21,753|24,604|46,357|30,521|
6812|90|จังหวัดสงขลา |9081|ท้องถิ่นเทศบาลเมืองสิงหนคร|0| |0| |19,829|20,288|40,117|14,432|
6812|90|จังหวัดสงขลา |9082|ท้องถิ่นเทศบาลตำบลควนเนียง|0| |0| |1,837|2,061|3,898|1,862|
6812|90|จังหวัดสงขลา |9083|ท้องถิ่นเทศบาลตำบลพะตง|0| |0| |3,630|4,074|7,704|5,033|
6812|90|จังหวัดสงขลา |9084|ท้องถิ่นเทศบาลตำบลคลองแงะ|0| |0| |3,904|4,106|8,010|3,287|
6812|90|จังหวัดสงขลา |9085|ท้องถิ่นเทศบาลเมืองปาดังเบซาร์|0| |0| |7,689|8,193|15,882|6,500|
6812|90|จังหวัดสงขลา |9086|ท้องถิ่นเทศบาลตำบลปริก|0| |0| |3,141|3,314|6,455|2,208|
6812|90|จังหวัดสงขลา |9087|ท้องถิ่นเทศบาลตำบลนาสีทอง|0| |0| |1,362|1,518|2,880|1,203|
6812|90|จังหวัดสงขลา |9088|ท้องถิ่นเทศบาลตำบลกำแพงเพชร|0| |0| |2,269|2,545|4,814|2,732|
6812|90|จังหวัดสงขลา |9089|ท้องถิ่นเทศบาลตำบลระโนด|0| |0| |1,959|2,155|4,114|2,056|
6812|90|จังหวัดสงขลา |9090|ท้องถิ่นเทศบาลตำบลบ่อตรุ|0| |0| |5,190|5,398|10,588|3,693|
6812|90|จังหวัดสงขลา |9091|ท้องถิ่นเทศบาลตำบลสะบ้าย้อย|0| |0| |636|677|1,313|815|
6812|90|จังหวัดสงขลา |9092|ท้องถิ่นเทศบาลตำบลเทพา|0| |0| |1,280|1,222|2,502|1,136|
6812|90|จังหวัดสงขลา |9093|ท้องถิ่นเทศบาลตำบลนาทวี|0| |0| |2,842|2,929|5,771|3,891|
6812|90|จังหวัดสงขลา |9094|ท้องถิ่นเทศบาลตำบลจะนะ|0| |0| |3,271|3,398|6,669|3,515|
6812|90|จังหวัดสงขลา |9095|ท้องถิ่นเทศบาลตำบลสทิงพระ|0| |0| |1,317|1,441|2,758|1,354|
6812|90|จังหวัดสงขลา |9096|ท้องถิ่นเทศบาลเมืองบ้านพรุ|0| |0| |13,510|15,047|28,557|14,217|
6812|90|จังหวัดสงขลา |9097|ท้องถิ่นเทศบาลเมืองสะเดา|0| |0| |10,230|10,871|21,101|9,346|
6812|90|จังหวัดสงขลา |9098|ท้องถิ่นเทศบาลนครหาดใหญ่|0| |0| |63,674|74,908|138,582|70,982|
6812|90|จังหวัดสงขลา |9099|ท้องถิ่นเทศบาลนครสงขลา|0| |0| |25,034|27,549|52,583|27,951|
6812|91|จังหวัดสตูล |0| |0| |0| |161,425|163,135|324,560|113,018|
6812|91|จังหวัดสตูล |9101|อำเภอเมืองสตูล|0| |0| |32,868|33,661|66,529|19,865|
6812|91|จังหวัดสตูล |9102|อำเภอควนโดน|0| |0| |11,116|11,234|22,350|6,440|
6812|91|จังหวัดสตูล |9103|อำเภอควนกาหลง|0| |0| |17,763|17,694|35,457|12,517|
6812|91|จังหวัดสตูล |9104|อำเภอท่าแพ|0| |0| |14,884|15,104|29,988|9,290|
6812|91|จังหวัดสตูล |9105|อำเภอละงู|0| |0| |34,300|34,772|69,072|22,585|
6812|91|จังหวัดสตูล |9106|อำเภอทุ่งหว้า|0| |0| |10,743|10,595|21,338|7,174|
6812|91|จังหวัดสตูล |9107|อำเภอมะนัง|0| |0| |9,528|9,160|18,688|6,774|
6812|91|จังหวัดสตูล |9193|ท้องถิ่นเทศบาลตำบลคลองขุด|0| |0| |10,481|9,921|20,402|9,744|
6812|91|จังหวัดสตูล |9194|ท้องถิ่นเทศบาลตำบลทุ่งหว้า|0| |0| |1,599|1,608|3,207|1,282|
6812|91|จังหวัดสตูล |9195|ท้องถิ่นเทศบาลตำบลกำแพง|0| |0| |2,326|2,582|4,908|2,964|
6812|91|จังหวัดสตูล |9196|ท้องถิ่นเทศบาลตำบลควนโดน|0| |0| |2,675|2,765|5,440|2,033|
6812|91|จังหวัดสตูล |9197|ท้องถิ่นเทศบาลตำบลฉลุง|0| |0| |1,077|1,210|2,287|1,068|
6812|91|จังหวัดสตูล |9198|ท้องถิ่นเทศบาลตำบลเจ๊ะบิลัง|0| |0| |2,005|2,031|4,036|1,055|
6812|91|จังหวัดสตูล |9199|ท้องถิ่นเทศบาลเมืองสตูล|0| |0| |10,060|10,798|20,858|10,227|
6812|92|จังหวัดตรัง |0| |0| |0| |309,150|324,266|633,416|249,101|
6812|92|จังหวัดตรัง |9201|อำเภอเมืองตรัง|0| |0| |46,594|50,575|97,169|44,041|
6812|92|จังหวัดตรัง |9202|อำเภอกันตัง|0| |0| |37,334|38,191|75,525|25,500|
6812|92|จังหวัดตรัง |9203|อำเภอย่านตาขาว|0| |0| |27,738|28,608|56,346|18,956|
6812|92|จังหวัดตรัง |9204|อำเภอปะเหลียน|0| |0| |30,549|31,327|61,876|22,544|
6812|92|จังหวัดตรัง |9205|อำเภอสิเกา|0| |0| |17,661|17,277|34,938|13,241|
6812|92|จังหวัดตรัง |9206|อำเภอห้วยยอด|0| |0| |38,117|39,231|77,348|27,980|
6812|92|จังหวัดตรัง |9207|อำเภอวังวิเศษ|0| |0| |19,920|20,147|40,067|14,468|
6812|92|จังหวัดตรัง |9208|อำเภอนาโยง|0| |0| |19,809|21,006|40,815|14,300|
6812|92|จังหวัดตรัง |9209|อำเภอรัษฎา|0| |0| |13,125|13,495|26,620|10,265|
6812|92|จังหวัดตรัง |9210|อำเภอหาดสำราญ|0| |0| |8,419|8,317|16,736|5,195|
6812|92|จังหวัดตรัง |9286|ท้องถิ่นเทศบาลตำบลคลองปาง|0| |0| |1,135|1,248|2,383|1,386|
6812|92|จังหวัดตรัง |9287|ท้องถิ่นเทศบาลตำบลนาโยงเหนือ|0| |0| |1,592|1,785|3,377|1,622|
6812|92|จังหวัดตรัง |9288|ท้องถิ่นเทศบาลตำบลวังวิเศษ|0| |0| |1,467|1,486|2,953|1,422|
6812|92|จังหวัดตรัง |9289|ท้องถิ่นเทศบาลตำบลลำภูรา|0| |0| |1,732|1,435|3,167|1,483|
6812|92|จังหวัดตรัง |9290|ท้องถิ่นเทศบาลตำบลนาวง|0| |0| |1,974|2,095|4,069|1,947|
6812|92|จังหวัดตรัง |9291|ท้องถิ่นเทศบาลตำบลสิเกา|0| |0| |606|684|1,290|667|
6812|92|จังหวัดตรัง |9292|ท้องถิ่นเทศบาลตำบลควนกุน|0| |0| |983|1,046|2,029|797|
6812|92|จังหวัดตรัง |9293|ท้องถิ่นเทศบาลตำบลทุ่งยาว|0| |0| |1,076|1,212|2,288|1,124|
6812|92|จังหวัดตรัง |9294|ท้องถิ่นเทศบาลตำบลท่าข้าม|0| |0| |628|640|1,268|670|
6812|92|จังหวัดตรัง |9295|ท้องถิ่นเทศบาลตำบลย่านตาขาว|0| |0| |3,404|3,954|7,358|3,906|
6812|92|จังหวัดตรัง |9296|ท้องถิ่นเทศบาลตำบลคลองเต็ง|0| |0| |1,834|1,998|3,832|1,829|
6812|92|จังหวัดตรัง |9297|ท้องถิ่นเทศบาลตำบลห้วยยอด|0| |0| |3,647|4,061|7,708|4,251|
6812|92|จังหวัดตรัง |9298|ท้องถิ่นเทศบาลเมืองกันตัง|0| |0| |5,407|5,631|11,038|5,169|
6812|92|จังหวัดตรัง |9299|ท้องถิ่นเทศบาลนครตรัง|0| |0| |24,399|28,817|53,216|26,338|
6812|93|จังหวัดพัทลุง |0| |0| |0| |251,652|266,414|518,066|211,206|
6812|93|จังหวัดพัทลุง |9301|อำเภอเมืองพัทลุง|0| |0| |42,662|46,987|89,649|36,860|
6812|93|จังหวัดพัทลุง |9302|อำเภอกงหรา|0| |0| |14,720|14,930|29,650|10,191|
6812|93|จังหวัดพัทลุง |9303|อำเภอเขาชัยสน|0| |0| |15,049|15,753|30,802|12,254|
6812|93|จังหวัดพัทลุง |9304|อำเภอตะโหมด|0| |0| |7,105|7,199|14,304|5,133|
6812|93|จังหวัดพัทลุง |9305|อำเภอควนขนุน|0| |0| |37,429|40,730|78,159|31,722|
6812|93|จังหวัดพัทลุง |9306|อำเภอปากพะยูน|0| |0| |16,075|16,660|32,735|11,753|
6812|93|จังหวัดพัทลุง |9307|อำเภอศรีบรรพต|0| |0| |9,012|9,017|18,029|7,197|
6812|93|จังหวัดพัทลุง |9308|อำเภอป่าบอน|0| |0| |21,289|21,828|43,117|16,872|
6812|93|จังหวัดพัทลุง |9309|อำเภอบางแก้ว|0| |0| |8,919|9,120|18,039|6,900|
6812|93|จังหวัดพัทลุง |9310|อำเภอป่าพะยอม|0| |0| |13,089|13,613|26,702|11,505|
6812|93|จังหวัดพัทลุง |9311|อำเภอศรีนครินทร์|0| |0| |5,080|5,253|10,333|3,842|
6812|93|จังหวัดพัทลุง |9382|ท้องถิ่นเทศบาลตำบลเขาหัวช้าง|0| |0| |3,610|3,582|7,192|2,437|
6812|93|จังหวัดพัทลุง |9383|ท้องถิ่นเทศบาลตำบลชะรัด|0| |0| |3,616|3,683|7,299|2,430|
6812|93|จังหวัดพัทลุง |9384|ท้องถิ่นเทศบาลตำบลหารเทา|0| |0| |4,865|5,068|9,933|3,675|
6812|93|จังหวัดพัทลุง |9385|ท้องถิ่นเทศบาลตำบลบางแก้ว|0| |0| |1,892|1,918|3,810|1,515|
6812|93|จังหวัดพัทลุง |9386|ท้องถิ่นเทศบาลตำบลอ่าวพะยูน|0| |0| |2,247|2,307|4,554|1,746|
6812|93|จังหวัดพัทลุง |9387|ท้องถิ่นเทศบาลตำบลชุมพล|0| |0| |4,724|4,129|8,853|3,731|
6812|93|จังหวัดพัทลุง |9388|ท้องถิ่นเทศบาลตำบลโคกม่วง|0| |0| |5,015|5,290|10,305|3,866|
6812|93|จังหวัดพัทลุง |9389|ท้องถิ่นเทศบาลตำบลบ้านนา|0| |0| |3,698|3,810|7,508|3,341|
6812|93|จังหวัดพัทลุง |9390|ท้องถิ่นเทศบาลตำบลลานข่อย|0| |0| |4,211|4,429|8,640|3,129|
6812|93|จังหวัดพัทลุง |9391|ท้องถิ่นเทศบาลตำบลท่ามะเดื่อ|0| |0| |1,883|2,067|3,950|1,955|
6812|93|จังหวัดพัทลุง |9392|ท้องถิ่นเทศบาลตำบลป่าบอน|0| |0| |1,992|2,047|4,039|1,856|
6812|93|จังหวัดพัทลุง |9393|ท้องถิ่นเทศบาลตำบลปากพะยูน|0| |0| |1,429|1,608|3,037|1,555|
6812|93|จังหวัดพัทลุง |9394|ท้องถิ่นเทศบาลตำบลมะกอกเหนือ|0| |0| |990|1,134|2,124|812|
6812|93|จังหวัดพัทลุง |9395|ท้องถิ่นเทศบาลตำบลควนขนุน|0| |0| |878|1,058|1,936|1,220|
6812|93|จังหวัดพัทลุง |9396|ท้องถิ่นเทศบาลตำบลแม่ขรี|0| |0| |2,922|3,198|6,120|3,608|
6812|93|จังหวัดพัทลุง |9397|ท้องถิ่นเทศบาลตำบลตะโหมด|0| |0| |2,031|2,187|4,218|1,672|
6812|93|จังหวัดพัทลุง |9398|ท้องถิ่นเทศบาลตำบลเขาชัยสน|0| |0| |1,572|1,737|3,309|1,704|
6812|93|จังหวัดพัทลุง |9399|ท้องถิ่นเทศบาลเมืองพัทลุง|0| |0| |13,648|16,072|29,720|16,725|
6812|94|จังหวัดปัตตานี |0| |0| |0| |368,511|376,460|744,971|212,220|
6812|94|จังหวัดปัตตานี |9401|อำเภอเมืองปัตตานี|0| |0| |45,151|47,113|92,264|34,322|
6812|94|จังหวัดปัตตานี |9402|อำเภอโคกโพธิ์|0| |0| |30,923|32,369|63,292|18,990|
6812|94|จังหวัดปัตตานี |9403|อำเภอหนองจิก|0| |0| |30,840|31,261|62,101|14,817|
6812|94|จังหวัดปัตตานี |9404|อำเภอปะนาเระ|0| |0| |18,371|19,087|37,458|10,136|
6812|94|จังหวัดปัตตานี |9405|อำเภอมายอ|0| |0| |29,104|29,761|58,865|14,221|
6812|94|จังหวัดปัตตานี |9406|อำเภอทุ่งยางแดง|0| |0| |13,034|13,407|26,441|6,365|
6812|94|จังหวัดปัตตานี |9407|อำเภอสายบุรี|0| |0| |28,677|30,023|58,700|14,696|
6812|94|จังหวัดปัตตานี |9408|อำเภอไม้แก่น|0| |0| |6,509|6,753|13,262|3,712|
6812|94|จังหวัดปัตตานี |9409|อำเภอยะหริ่ง|0| |0| |36,750|37,149|73,899|17,478|
6812|94|จังหวัดปัตตานี |9410|อำเภอยะรัง|0| |0| |46,837|47,290|94,127|23,363|
6812|94|จังหวัดปัตตานี |9411|อำเภอกะพ้อ|0| |0| |9,719|9,931|19,650|4,803|
6812|94|จังหวัดปัตตานี |9412|อำเภอแม่ลาน|0| |0| |8,958|9,126|18,084|4,899|
6812|94|จังหวัดปัตตานี |9488|ท้องถิ่นเทศบาลตำบลยะรัง|0| |0| |2,535|2,679|5,214|1,475|
6812|94|จังหวัดปัตตานี |9489|ท้องถิ่นเทศบาลตำบลยะหริ่ง|0| |0| |3,183|3,039|6,222|2,034|
6812|94|จังหวัดปัตตานี |9490|ท้องถิ่นเทศบาลตำบลบางปู|0| |0| |5,287|5,423|10,710|2,549|
6812|94|จังหวัดปัตตานี |9491|ท้องถิ่นเทศบาลตำบลตันหยง|0| |0| |1,372|1,531|2,903|767|
6812|94|จังหวัดปัตตานี |9492|ท้องถิ่นเทศบาลตำบลมายอ|0| |0| |2,511|2,540|5,051|1,362|
6812|94|จังหวัดปัตตานี |9493|ท้องถิ่นเทศบาลตำบลปะนาเระ|0| |0| |5,571|5,588|11,159|2,982|
6812|94|จังหวัดปัตตานี |9494|ท้องถิ่นเทศบาลตำบลหนองจิก|0| |0| |3,115|3,125|6,240|2,114|
6812|94|จังหวัดปัตตานี |9495|ท้องถิ่นเทศบาลตำบลบ่อทอง|0| |0| |9,373|6,685|16,058|6,222|
6812|94|จังหวัดปัตตานี |9496|ท้องถิ่นเทศบาลตำบลนาประดู่|0| |0| |1,469|1,593|3,062|1,483|
6812|94|จังหวัดปัตตานี |9497|ท้องถิ่นเทศบาลตำบลโคกโพธิ์|0| |0| |1,582|1,813|3,395|1,965|
6812|94|จังหวัดปัตตานี |9498|ท้องถิ่นเทศบาลเมืองตะลุบัน|0| |0| |7,169|7,389|14,558|4,815|
6812|94|จังหวัดปัตตานี |9499|ท้องถิ่นเทศบาลเมืองปัตตานี|0| |0| |20,471|21,785|42,256|16,650|
6812|95|จังหวัดยะลา |0| |0| |0| |276,503|279,584|556,087|183,827|
6812|95|จังหวัดยะลา |9501|อำเภอเมืองยะลา|0| |0| |39,087|39,967|79,054|20,634|
6812|95|จังหวัดยะลา |9502|อำเภอเบตง|0| |0| |18,790|17,769|36,559|16,371|
6812|95|จังหวัดยะลา |9503|อำเภอบันนังสตา|0| |0| |29,635|28,764|58,399|16,881|
6812|95|จังหวัดยะลา |9504|อำเภอธารโต|0| |0| |12,975|12,009|24,984|9,533|
6812|95|จังหวัดยะลา |9505|อำเภอยะหา|0| |0| |32,120|31,925|64,045|15,491|
6812|95|จังหวัดยะลา |9506|อำเภอรามัน|0| |0| |43,817|44,770|88,587|22,162|
6812|95|จังหวัดยะลา |9507|อำเภอกาบัง|0| |0| |13,513|12,878|26,391|7,568|
6812|95|จังหวัดยะลา |9508|อำเภอกรงปินัง|0| |0| |15,917|15,670|31,587|6,844|
6812|95|จังหวัดยะลา |9590|ท้องถิ่นเทศบาลเมืองสะเตงนอก|0| |0| |18,645|20,232|38,877|17,788|
6812|95|จังหวัดยะลา |9591|ท้องถิ่นเทศบาลตำบลเขื่อนบางลาง|0| |0| |2,460|2,224|4,684|2,084|
6812|95|จังหวัดยะลา |9592|ท้องถิ่นเทศบาลตำบลโกตาบารู|0| |0| |2,976|3,086|6,062|1,847|
6812|95|จังหวัดยะลา |9593|ท้องถิ่นเทศบาลตำบลเมืองรามันห์|0| |0| |2,514|2,600|5,114|1,976|
6812|95|จังหวัดยะลา |9594|ท้องถิ่นเทศบาลตำบลยะหา|0| |0| |1,233|1,223|2,456|824|
6812|95|จังหวัดยะลา |9595|ท้องถิ่นเทศบาลตำบลคอกช้าง|0| |0| |703|702|1,405|629|
6812|95|จังหวัดยะลา |9596|ท้องถิ่นเทศบาลตำบลบันนังสตา|0| |0| |1,268|1,295|2,563|1,072|
6812|95|จังหวัดยะลา |9597|ท้องถิ่นเทศบาลตำบลลำใหม่|0| |0| |514|514|1,028|399|
6812|95|จังหวัดยะลา |9598|ท้องถิ่นเทศบาลเมืองเบตง|0| |0| |12,402|13,461|25,863|11,765|
6812|95|จังหวัดยะลา |9599|ท้องถิ่นเทศบาลนครยะลา|0| |0| |27,934|30,495|58,429|29,959|
6812|96|จังหวัดนราธิวาส |0| |0| |0| |409,752|418,594|828,346|235,934|
6812|96|จังหวัดนราธิวาส |9601|อำเภอเมืองนราธิวาส|0| |0| |44,792|44,691|89,483|29,087|
6812|96|จังหวัดนราธิวาส |9602|อำเภอตากใบ|0| |0| |27,789|28,369|56,158|13,032|
6812|96|จังหวัดนราธิวาส |9603|อำเภอบาเจาะ|0| |0| |20,933|21,578|42,511|9,973|
6812|96|จังหวัดนราธิวาส |9604|อำเภอยี่งอ|0| |0| |22,547|23,150|45,697|11,297|
6812|96|จังหวัดนราธิวาส |9605|อำเภอระแงะ|0| |0| |39,423|40,734|80,157|18,597|
6812|96|จังหวัดนราธิวาส |9606|อำเภอรือเสาะ|0| |0| |34,523|34,616|69,139|16,633|
6812|96|จังหวัดนราธิวาส |9607|อำเภอศรีสาคร|0| |0| |19,378|18,856|38,234|10,155|
6812|96|จังหวัดนราธิวาส |9608|อำเภอแว้ง|0| |0| |22,332|22,748|45,080|11,130|
6812|96|จังหวัดนราธิวาส |9609|อำเภอสุคิริน|0| |0| |11,771|11,410|23,181|7,713|
6812|96|จังหวัดนราธิวาส |9610|อำเภอสุไหงโกลก|0| |0| |19,154|20,383|39,537|12,053|
6812|96|จังหวัดนราธิวาส |9611|อำเภอสุไหงปาดี|0| |0| |24,441|25,130|49,571|12,918|
6812|96|จังหวัดนราธิวาส |9612|อำเภอจะแนะ|0| |0| |20,620|20,044|40,664|10,272|
6812|96|จังหวัดนราธิวาส |9613|อำเภอเจาะไอร้อง|0| |0| |20,896|21,102|41,998|10,385|
6812|96|จังหวัดนราธิวาส |9686|ท้องถิ่นเทศบาลตำบลปะลุรู|0| |0| |3,379|3,574|6,953|2,197|
6812|96|จังหวัดนราธิวาส |9687|ท้องถิ่นเทศบาลตำบลสุคิริน|0| |0| |1,752|1,681|3,433|1,679|
6812|96|จังหวัดนราธิวาส |9688|ท้องถิ่นเทศบาลตำบลแว้ง|0| |0| |2,544|2,697|5,241|1,752|
6812|96|จังหวัดนราธิวาส |9689|ท้องถิ่นเทศบาลตำบลบูเก๊ะตา|0| |0| |2,581|2,747|5,328|1,494|
6812|96|จังหวัดนราธิวาส |9690|ท้องถิ่นเทศบาลตำบลศรีสาคร|0| |0| |2,644|2,574|5,218|1,961|
6812|96|จังหวัดนราธิวาส |9691|ท้องถิ่นเทศบาลตำบลรือเสาะ|0| |0| |3,654|3,803|7,457|3,808|
6812|96|จังหวัดนราธิวาส |9692|ท้องถิ่นเทศบาลตำบลมะรือโบตก|0| |0| |4,419|4,315|8,734|1,865|
6812|96|จังหวัดนราธิวาส |9693|ท้องถิ่นเทศบาลตำบลตันหยงมัส|0| |0| |3,233|3,462|6,695|3,956|
6812|96|จังหวัดนราธิวาส |9694|ท้องถิ่นเทศบาลตำบลยี่งอ|0| |0| |1,561|1,525|3,086|1,161|
6812|96|จังหวัดนราธิวาส |9695|ท้องถิ่นเทศบาลตำบลบาเจาะ|0| |0| |4,852|4,840|9,692|2,406|
6812|96|จังหวัดนราธิวาส |9696|ท้องถิ่นเทศบาลตำบลต้นไทร|0| |0| |2,499|2,699|5,198|1,544|
6812|96|จังหวัดนราธิวาส |9697|ท้องถิ่นเทศบาลเมืองตากใบ|0| |0| |9,847|10,428|20,275|6,070|
6812|96|จังหวัดนราธิวาส |9698|ท้องถิ่นเทศบาลเมืองสุไหงโกลก|0| |0| |18,681|20,830|39,511|15,957|
6812|96|จังหวัดนราธิวาส |9699|ท้องถิ่นเทศบาลเมืองนราธิวาส|0| |0| |19,507|20,608|40,115|16,839|
