กรุงเทพมหานคร|11640|10838|14323|13274|15588|14635|15814|14567|17733|16699|19301|18173|20543|19576|21443|20518|22556|21836|23165|22067|24015|23203|25698|24507|26114|24831|28228|27405|27006|26115|26447|25571|27320|26680|27955|27265|29191|28372|29170|28288|29325|29029|33610|29951|33444|29477|30955|29701|30107|30037|33420|33217|31371|31822|33470|33724|38112|39203|39328|40743|40360|42174|38366|40214|38140|40280|38073|40981|37749|40649|37176|40617|35551|38814|35707|39567|33557|37417|34984|39456|36669|41829|37192|42556|38201|44399|38943|45947|40039|46494|40993|47878|41111|47591|38893|46393|39468|46697|39220|46574|37538|44796|37109|44615|35947|43468|37168|45023|37910|46265|37003|45174|35859|44445|36648|45623|35386|43656|33672|42939|34340|43957|33967|44027|32189|42569|31046|41434|29564|39875|29527|40656|27988|38755|26012|35907|24683|34740|23992|33589|21848|31682|21598|31612|19915|29085|18576|27586|17442|26538|16364|24496|15163|23153|13123|20250|11517|17682|9967|15718|8900|14191|8216|13294|7503|12180|6503|11021|6219|10905|5028|8436|5161|9086|4527|8000|3969|6941|3453|6183|2792|5129|2382|4293|1897|3434|1619|3060|1295|2344|1028|1812|814|1458|671|1148|582|912|510|719|377|482|2332|2355|0|0|0|41512|32052|73564|37804|28545|66349|1333|1150|2483|2526272|2896296|5422568|
เขตพระนคร |52|40|55|47|73|48|70|64|78|78|96|74|105|97|132|108|140|113|165|153|176|165|234|177|189|169|164|173|168|153|124|143|173|156|169|166|214|163|242|164|238|194|274|169|237|170|185|150|224|203|235|196|223|185|216|197|265|233|240|244|273|265|232|226|251|200|230|229|196|234|227|193|234|180|254|232|203|213|219|231|250|210|224|242|247|221|219|274|263|247|273|285|266|277|280|275|273|270|300|279|246|274|252|276|244|272|243|267|272|267|247|277|258|235|267|263|258|259|238|257|248|281|225|292|257|307|236|297|281|288|265|324|240|301|232|335|229|320|263|335|242|308|209|310|238|279|213|286|219|285|203|250|189|266|173|225|141|218|106|201|101|170|84|153|100|147|69|121|78|119|90|108|52|143|64|120|55|102|63|75|50|71|33|72|30|58|28|55|21|34|22|27|21|27|14|23|7|22|12|15|8|11|65|50|0|0|0|263|173|436|388|256|644|1|3|4|18723|19685|38408|
แขวงพระบรมมหาราชวัง|4|2|7|2|3|4|2|5|4|3|3|2|3|2|6|9|4|3|6|8|5|10|10|5|3|9|9|6|12|13|4|13|13|10|9|8|32|10|47|8|44|9|38|10|49|11|18|11|35|7|20|8|27|7|28|9|20|12|21|17|20|20|22|15|24|19|20|19|24|11|10|5|15|14|17|11|18|12|18|11|16|9|16|16|26|11|17|12|26|15|20|16|23|18|25|16|26|16|17|15|25|16|17|8|20|13|12|14|23|14|27|16|22|9|27|14|25|13|20|9|24|18|26|15|14|17|21|16|26|12|20|14|15|22|16|22|23|18|14|23|16|18|19|22|19|11|21|16|13|13|18|10|19|7|17|9|5|8|13|8|13|14|7|6|12|11|8|5|6|8|13|7|4|6|13|10|11|5|12|6|9|8|5|4|4|1|6|3|7|1|3|2|8|0|4|1|1|1|2|0|3|1|19|7|0|0|0|33|42|75|17|16|33|1|0|1|1684|1104|2788|
แขวงวังบูรพาภิรมย์|10|9|12|10|20|8|14|15|26|22|24|12|28|19|54|26|63|26|73|32|96|21|115|26|87|44|49|36|45|27|39|30|47|22|48|31|53|41|49|34|44|32|50|32|36|31|34|25|53|40|55|33|48|49|48|33|49|53|45|48|58|57|39|39|58|29|38|46|32|52|64|37|52|42|52|47|38|53|54|52|59|46|52|57|50|60|52|90|67|54|68|74|55|65|64|68|54|66|72|65|65|57|55|47|49|61|53|65|49|46|52|51|44|49|45|54|45|46|41|56|40|58|36|41|50|76|47|57|60|58|45|63|53|45|46|78|49|60|56|70|40|54|46|69|48|57|36|56|45|52|52|64|41|57|36|45|34|37|16|34|15|37|12|28|20|26|15|20|11|24|11|16|10|26|12|23|7|21|5|13|9|14|5|11|3|8|7|19|1|8|3|5|3|5|1|3|0|5|1|0|1|2|8|7|0|0|0|36|26|62|110|90|200|0|0|0|4172|4066|8238|
แขวงวัดราชบพิธ|5|6|4|2|5|3|1|3|1|6|4|3|4|7|7|6|6|3|7|5|2|10|9|6|6|6|14|9|13|15|7|10|15|17|5|9|13|11|5|14|15|17|11|20|11|19|21|16|15|15|18|17|18|13|11|20|13|11|21|18|14|23|9|19|16|15|13|21|17|17|15|18|14|15|23|16|17|12|10|15|20|16|19|19|9|14|14|23|12|26|19|20|13|14|17|18|24|21|23|16|13|21|17|26|15|18|16|19|17|24|17|31|13|13|19|20|28|34|21|15|23|22|23|15|20|29|10|29|16|18|19|25|19|25|13|30|25|23|22|30|26|25|23|29|21|28|13|19|14|20|14|15|14|21|8|11|8|25|6|14|8|12|8|13|8|9|5|10|7|10|7|11|3|11|4|11|3|10|3|2|3|8|3|7|4|3|2|3|0|2|0|2|0|2|2|3|2|2|0|1|0|0|1|2|0|0|0|3|3|6|24|23|47|0|0|0|1218|1509|2727|
แขวงสำราญราษฎร์|4|1|5|1|6|5|5|3|5|3|10|5|3|4|6|9|15|5|19|9|20|8|23|6|17|6|14|11|14|7|14|6|14|13|17|8|14|8|15|9|7|12|17|10|14|8|13|12|18|8|16|13|20|8|14|14|29|12|17|13|24|20|17|6|19|16|19|11|13|11|16|12|17|11|21|14|11|14|9|12|23|14|17|13|25|17|14|19|15|14|16|16|23|29|18|19|14|24|26|17|15|21|17|24|15|20|24|18|20|22|23|28|22|9|19|18|16|9|12|18|14|23|16|23|20|17|15|13|17|22|16|24|19|18|15|24|11|22|14|21|18|24|12|15|12|21|14|23|15|22|20|23|9|18|8|15|10|21|8|11|4|9|8|10|7|5|2|8|3|7|5|8|2|10|4|13|3|8|6|5|2|2|1|8|2|3|0|4|2|1|1|0|3|0|1|0|0|0|0|4|0|0|5|4|0|0|0|8|6|14|35|12|47|0|0|0|1332|1260|2592|
แขวงศาลเจ้าพ่อเสือ|1|3|1|3|1|2|7|5|1|5|2|4|8|6|10|7|9|9|8|16|8|18|11|19|9|18|7|17|13|13|4|8|8|11|8|17|13|10|9|14|6|17|9|12|10|10|12|11|9|17|8|16|9|16|11|8|9|25|11|16|13|18|14|15|20|10|17|17|7|13|15|14|15|8|20|11|11|13|14|28|18|18|14|19|18|18|11|15|14|20|16|26|13|30|24|12|16|19|23|25|14|18|11|14|18|16|15|27|21|21|20|12|18|18|19|20|16|19|13|12|12|19|12|23|12|17|13|29|16|23|14|27|12|28|21|29|14|33|12|22|19|15|10|12|17|17|17|25|11|22|7|14|8|26|9|17|14|15|9|13|6|11|5|12|9|11|2|7|5|7|9|8|4|11|4|9|3|5|4|8|4|4|0|5|2|2|0|6|1|2|0|4|1|2|2|0|0|1|1|2|0|0|1|2|0|0|0|23|5|28|20|10|30|0|0|0|1075|1439|2514|
แขวงเสาชิงช้า|2|3|2|5|1|4|5|3|5|1|5|3|10|4|5|5|8|7|4|5|3|9|7|8|7|5|8|4|7|6|9|4|8|7|10|5|4|7|6|10|12|6|11|9|8|6|10|2|6|10|10|6|6|8|12|10|10|14|7|11|12|13|11|14|12|14|6|8|15|17|11|8|9|11|13|11|7|10|14|12|9|13|14|12|12|4|14|11|16|12|12|10|8|8|10|12|15|15|10|14|7|8|15|11|9|23|13|10|12|12|10|16|14|8|13|8|8|16|8|15|12|12|11|23|13|15|10|18|9|11|11|15|10|12|11|18|9|14|17|11|11|18|8|26|13|15|12|17|10|11|12|13|8|13|12|9|8|11|6|12|8|4|3|6|6|11|10|6|2|5|8|6|1|10|4|6|1|7|6|2|2|4|0|2|4|1|0|2|1|5|0|2|0|3|0|1|1|2|1|0|0|1|2|0|0|0|0|8|7|15|19|13|32|0|0|0|847|943|1790|
แขวงบวรนิเวศ|3|4|6|6|4|6|2|5|5|7|5|7|10|6|5|7|9|10|6|14|7|27|7|29|7|16|11|16|13|14|12|17|13|11|12|11|6|13|11|14|12|18|19|12|13|16|9|14|14|19|25|23|17|15|16|20|20|15|25|23|28|25|23|25|25|9|19|25|18|17|21|19|24|16|25|22|19|14|16|23|13|15|17|20|19|20|17|16|20|26|23|22|25|16|31|25|31|21|23|16|23|26|20|17|17|15|18|22|18|24|23|21|20|28|19|20|29|35|20|28|21|19|12|34|28|20|15|27|26|27|31|33|18|24|20|26|22|23|29|26|23|37|14|19|16|23|20|20|28|23|15|25|15|21|12|23|14|19|6|21|9|19|5|17|12|12|6|6|14|12|9|9|7|12|2|9|7|12|2|10|6|11|4|3|4|5|4|2|2|2|5|1|1|4|0|5|1|3|1|1|0|2|10|10|0|0|0|30|27|57|43|15|58|0|0|0|1537|1742|3279|
แขวงตลาดยอด|3|3|1|1|3|2|2|5|3|6|3|2|8|6|3|9|3|4|9|7|2|19|6|14|5|8|7|13|6|5|4|10|5|6|5|11|5|9|5|7|6|10|9|11|7|9|5|4|6|10|11|6|7|11|9|10|20|9|12|12|21|9|21|13|12|15|11|13|10|13|11|14|11|11|5|10|18|12|7|7|8|10|9|4|14|9|10|17|5|10|8|11|18|17|13|12|11|9|17|16|6|10|8|14|15|10|9|5|18|12|10|12|11|10|25|16|18|9|16|16|12|10|12|16|11|16|14|6|13|9|10|12|14|10|10|14|5|19|13|19|10|15|13|10|16|15|10|15|8|19|6|10|8|13|8|11|7|11|4|10|2|7|4|7|3|12|3|3|2|3|0|8|1|7|1|4|1|4|2|1|4|3|2|3|0|2|1|3|0|2|1|1|0|1|2|2|0|1|1|2|0|0|5|2|0|0|0|7|8|15|23|16|39|0|0|0|825|947|1772|
แขวงชนะสงคราม|4|0|4|3|4|3|5|3|1|1|6|3|3|4|5|1|0|3|2|6|5|5|5|9|5|4|9|5|2|2|3|7|3|4|5|2|3|7|9|7|6|11|4|5|5|7|9|7|3|7|4|6|12|10|12|12|17|8|11|8|8|10|10|10|9|10|14|8|8|9|8|6|14|4|7|8|7|16|6|7|8|5|10|8|8|10|10|7|17|5|10|9|16|6|8|8|11|12|15|17|13|5|7|11|9|11|12|10|14|10|6|14|13|15|17|12|13|10|8|13|10|11|8|13|11|9|15|10|11|17|15|15|8|23|12|12|14|16|12|16|7|13|9|14|10|13|7|7|17|12|11|7|6|11|6|13|9|7|10|11|7|9|2|7|3|5|1|10|0|9|7|5|3|8|3|8|4|5|1|6|3|1|3|6|1|3|1|1|0|2|4|3|0|2|0|2|2|2|2|1|0|1|4|2|0|0|0|11|6|17|10|7|17|0|1|1|762|808|1570|
แขวงบ้านพานถม|7|5|8|7|12|3|12|9|7|12|18|15|11|20|17|13|9|21|12|30|18|25|21|33|16|33|16|30|23|17|14|19|21|32|20|39|21|21|18|19|18|31|30|32|28|32|20|28|24|36|27|33|27|19|22|30|37|33|39|41|35|28|30|41|24|33|27|25|23|39|21|26|28|22|27|44|30|26|30|27|25|31|29|42|25|36|30|35|36|32|37|43|36|32|30|39|30|28|32|35|23|41|39|50|34|40|36|30|32|39|22|38|34|34|23|37|26|33|37|35|39|51|33|38|46|39|36|40|47|44|40|36|30|50|31|38|35|48|33|54|39|40|26|42|32|36|30|35|31|39|17|35|28|33|27|26|11|33|15|23|12|17|11|25|6|23|7|24|9|14|10|14|6|20|6|16|9|13|10|11|5|7|7|14|3|17|5|5|3|5|3|5|2|5|1|3|0|3|2|0|1|1|6|6|0|0|0|31|25|56|48|22|70|0|1|1|2293|2835|5128|
แขวงบางขุนพรหม|3|3|5|4|10|6|7|5|8|7|9|10|9|10|11|11|8|7|11|10|6|5|15|10|16|11|7|17|13|22|7|8|12|14|21|8|39|18|58|20|60|18|62|11|51|11|23|13|28|25|29|22|22|14|25|21|28|19|21|25|22|22|21|19|18|18|29|23|14|23|17|24|25|13|28|22|17|20|26|21|28|19|19|19|23|14|17|21|21|23|28|20|25|20|22|27|24|26|21|31|26|25|29|30|23|25|24|25|28|23|19|20|32|34|21|23|21|22|20|25|24|20|21|29|16|31|23|28|25|28|22|35|23|25|25|20|17|28|24|20|21|28|16|28|21|25|18|35|16|24|19|16|21|28|17|26|15|15|5|22|8|19|6|9|7|16|5|10|7|10|5|8|5|11|5|6|3|3|8|8|2|5|2|4|0|7|1|3|3|2|1|1|2|1|1|2|0|2|0|2|1|0|1|3|0|0|0|32|4|36|22|19|41|0|1|1|1828|1729|3557|
แขวงวัดสามพระยา|6|1|0|3|4|2|8|3|12|5|7|8|8|9|3|5|6|15|8|11|4|8|5|12|11|9|13|9|7|12|7|11|14|9|9|17|11|8|10|8|8|13|14|5|5|10|11|7|13|9|12|13|10|15|8|10|13|22|10|12|18|20|15|10|14|12|17|13|15|12|18|10|10|13|16|16|10|11|15|16|23|14|8|13|18|8|13|8|14|10|16|18|11|22|18|19|17|13|21|12|16|26|17|24|20|20|11|22|20|20|18|18|15|8|20|21|13|13|22|15|17|18|15|22|16|21|17|24|15|19|22|25|19|19|12|24|5|16|17|23|12|21|13|24|13|18|15|18|11|28|12|18|12|18|13|20|6|16|8|22|9|12|13|13|7|6|5|12|12|10|6|8|6|11|6|5|3|9|4|3|1|4|1|5|3|6|1|4|1|2|1|1|1|2|0|1|0|0|1|2|2|3|3|5|0|0|0|41|14|55|17|13|30|0|0|0|1150|1303|2453|
เขตดุสิต |105|111|126|141|170|159|162|150|174|165|205|188|233|207|217|222|238|219|246|227|261|237|274|257|281|283|325|271|303|242|266|245|303|277|281|299|327|288|354|273|403|280|1485|341|1566|326|680|312|532|330|519|395|467|365|576|362|559|385|493|385|505|368|464|366|423|356|429|359|430|370|428|351|427|336|375|341|371|300|439|390|477|368|466|383|469|382|468|420|503|394|466|438|491|426|475|419|467|433|460|474|437|462|506|450|449|441|440|453|447|447|445|441|466|464|499|475|484|515|474|506|442|506|481|540|424|538|427|509|433|534|454|575|426|524|420|505|394|446|410|527|377|531|362|527|343|452|356|471|320|401|298|420|244|373|276|351|243|327|219|278|198|300|183|251|177|254|164|271|180|250|173|213|157|184|174|215|193|173|160|180|121|174|130|140|115|115|108|130|101|121|89|84|67|68|64|51|53|49|71|41|42|34|323|254|0|0|0|1939|666|2605|462|316|778|23|22|45|38627|34161|72788|
แขวงดุสิต|7|7|4|11|10|7|9|8|13|14|11|12|19|19|7|16|16|21|14|14|18|22|18|12|24|12|21|13|22|26|23|20|23|25|31|27|47|17|53|34|64|20|193|28|229|25|130|28|68|23|56|33|66|31|67|28|62|29|41|22|38|34|43|23|36|37|46|27|20|29|31|23|38|23|22|29|22|24|30|29|36|34|23|27|26|38|40|32|38|22|41|30|38|27|36|29|33|40|42|31|29|48|31|44|40|39|49|42|46|52|38|39|37|40|39|40|45|51|39|45|31|42|46|50|43|55|35|56|42|49|43|62|31|57|40|49|40|48|46|65|28|45|36|67|34|46|35|58|32|38|27|49|26|33|40|39|31|38|21|31|24|26|16|37|14|23|12|23|14|26|14|22|16|16|24|21|36|20|17|17|14|20|15|15|19|9|12|15|12|14|12|14|5|10|7|4|5|7|7|4|4|3|47|24|0|0|0|1939|666|2605|50|49|99|16|20|36|5496|3714|9210|
แขวงวชิรพยาบาล|7|11|14|8|16|12|15|16|13|16|19|25|26|20|17|16|22|29|29|15|23|15|40|26|37|37|26|38|35|32|33|22|27|30|19|32|23|31|34|33|43|33|34|34|34|46|41|36|39|38|39|75|34|74|42|82|49|62|53|61|58|48|45|55|44|50|37|56|56|53|43|41|45|56|47|48|40|27|51|54|60|47|52|51|58|45|53|56|64|49|51|60|58|46|52|59|51|48|57|59|51|61|56|68|49|59|50|61|56|58|67|63|61|70|67|54|74|66|63|86|55|78|79|87|61|84|69|54|59|84|72|86|57|67|71|79|49|72|50|72|56|83|59|71|54|57|50|60|44|55|35|59|34|46|35|50|44|40|22|42|17|42|21|27|31|27|15|30|19|36|14|25|16|22|12|29|14|23|21|18|7|23|8|15|9|11|6|8|8|13|5|9|5|6|0|7|9|5|8|7|5|0|17|31|0|0|0|0|0|0|95|56|151|0|0|0|3916|4455|8371|
แขวงสวนจิตรลดา|5|10|8|9|8|11|13|21|13|5|14|5|18|9|15|13|21|14|12|11|27|17|15|16|19|28|23|23|21|18|16|19|18|25|32|21|24|23|23|11|22|23|26|23|28|35|27|33|33|26|28|32|26|23|34|22|27|40|29|29|43|33|24|36|34|27|34|25|35|30|27|28|19|27|28|18|18|17|36|30|41|25|30|24|32|25|35|23|44|25|39|41|38|29|40|45|32|50|40|52|29|44|42|43|23|41|40|32|40|47|38|46|43|40|40|34|35|44|33|37|35|52|35|43|38|64|43|46|42|45|33|52|40|39|49|53|39|32|34|41|37|56|35|65|33|53|32|50|33|41|29|40|27|38|25|43|24|32|25|28|20|38|17|32|15|32|20|32|14|28|24|25|18|18|18|27|23|14|21|24|15|20|15|15|19|14|15|14|19|13|18|8|8|3|14|8|10|6|7|5|6|7|37|19|0|0|0|0|0|0|29|22|51|0|0|0|2747|2950|5697|
แขวงสี่แยกมหานาค|10|13|9|14|23|21|13|12|19|16|30|22|12|15|21|24|30|23|24|30|22|25|30|36|28|33|27|33|32|14|30|29|34|44|29|25|32|34|29|30|38|34|35|45|29|31|39|29|31|33|50|36|30|33|30|36|42|33|35|35|33|36|42|37|38|36|35|31|51|25|40|33|37|34|34|38|28|29|32|40|41|32|38|40|32|40|38|54|30|36|45|38|41|48|45|42|33|31|31|46|32|43|32|38|34|40|35|39|29|32|35|39|32|35|36|47|45|47|51|48|46|43|43|59|41|48|39|50|35|60|43|58|33|65|36|55|39|38|44|62|38|51|36|48|29|44|41|50|35|37|31|40|18|30|26|30|11|29|21|22|28|21|17|23|22|20|16|21|17|18|20|17|18|18|12|16|21|12|15|9|11|16|14|17|20|15|12|15|10|9|12|12|14|4|9|2|9|6|10|6|7|4|53|28|0|0|0|0|0|0|105|81|186|0|0|0|3105|3301|6406|
แขวงถนนนครไชยศรี|76|70|91|99|113|108|112|93|116|114|131|124|158|144|157|153|149|132|167|157|171|158|171|167|173|173|228|164|193|152|164|155|201|153|170|194|201|183|215|165|236|170|1197|211|1246|189|443|186|361|210|346|219|311|204|403|194|379|221|335|238|333|217|310|215|271|206|277|220|268|233|287|226|288|196|244|208|263|203|290|237|299|230|323|241|321|234|302|255|327|262|290|269|316|276|302|244|318|264|290|286|296|266|345|257|303|262|266|279|276|258|267|254|293|279|317|300|285|307|288|290|275|291|278|301|241|287|241|303|255|296|263|317|265|296|224|269|227|256|236|287|218|296|196|276|193|252|198|253|176|230|176|232|139|226|150|189|133|188|130|155|109|173|112|132|95|152|101|165|116|142|101|124|89|110|108|122|99|104|86|112|74|95|78|78|48|66|63|78|52|72|42|41|35|45|34|30|20|25|39|19|20|20|169|152|0|0|0|0|0|0|183|108|291|7|2|9|23363|19741|43104|
เขตหนองจอก |733|603|787|732|932|824|850|842|936|875|1021|915|952|1000|1075|956|1093|1031|1096|969|1095|1081|1169|1092|1216|1127|1259|1212|1265|1188|1223|1173|1291|1215|1301|1289|1398|1336|1292|1315|1317|1365|1235|1340|1268|1327|1344|1315|1262|1347|1354|1389|1339|1373|1392|1410|1531|1587|1506|1524|1541|1585|1421|1479|1448|1473|1385|1511|1403|1493|1292|1471|1265|1385|1212|1262|1193|1272|1290|1313|1241|1313|1261|1343|1396|1471|1339|1503|1390|1523|1401|1605|1451|1553|1408|1542|1398|1671|1439|1636|1438|1593|1411|1577|1398|1551|1393|1558|1536|1722|1390|1497|1402|1563|1395|1543|1344|1469|1255|1436|1233|1397|1195|1274|1100|1140|960|1046|880|1044|916|1012|742|882|645|794|599|750|556|650|478|630|483|585|426|528|367|565|380|494|299|433|306|401|280|379|227|297|189|260|165|233|144|217|136|219|108|161|117|192|98|143|87|160|72|115|64|108|66|99|36|64|28|59|35|53|22|41|21|21|25|22|9|16|17|11|6|13|6|7|7|2|23|31|0|0|0|438|294|732|428|371|799|12|10|22|91099|96888|187987|
แขวงกระทุ่มราย|164|133|155|156|214|195|169|171|229|203|224|193|202|230|228|215|227|252|239|215|260|233|251|257|265|256|288|272|290|283|285|273|275|259|300|289|309|326|295|285|291|314|281|293|308|296|299|295|266|310|282|298|332|289|316|286|338|339|298|354|329|363|316|329|311|305|286|359|307|331|299|335|283|320|261|288|265|318|288|307|284|285|291|285|342|313|322|368|315|353|320|372|358|411|340|394|299|394|345|360|317|347|315|371|322|362|335|328|338|373|319|319|299|328|285|332|268|326|221|286|243|269|259|259|209|222|192|197|165|216|163|191|142|190|127|155|109|142|122|151|88|124|91|108|90|109|70|111|65|102|63|76|59|88|57|71|35|69|42|39|39|42|32|43|29|42|18|25|25|39|17|25|20|32|12|25|12|22|14|22|8|18|7|9|10|8|5|4|1|2|4|2|1|1|5|4|0|4|3|1|3|1|5|8|0|0|0|438|294|732|72|79|151|6|5|11|20237|21578|41815|
แขวงหนองจอก|115|82|121|107|144|134|119|134|126|140|148|138|161|157|169|129|180|148|153|157|158|171|175|159|160|151|190|164|181|168|156|150|162|153|174|161|193|160|169|181|176|176|181|172|162|157|175|168|149|158|160|182|163|187|193|199|190|204|216|222|194|232|199|208|204|242|190|206|189|213|178|207|182|196|155|167|165|172|177|193|156|194|165|203|170|219|161|196|184|215|185|198|183|183|194|218|181|202|188|214|175|181|183|185|179|171|178|200|170|187|164|204|178|196|168|168|167|170|168|185|147|190|135|158|123|139|111|145|100|115|108|114|92|97|95|103|64|107|74|82|63|81|63|81|52|63|53|81|52|61|52|54|43|45|28|51|22|28|25|34|23|36|13|26|17|26|13|24|12|31|9|23|12|16|10|14|14|13|5|18|8|9|1|7|6|11|2|7|1|1|3|3|4|0|1|0|2|3|1|0|0|0|2|1|0|0|0|0|0|0|75|63|138|2|2|4|11987|12857|24844|
แขวงคลองสิบ|41|48|47|39|52|54|45|44|47|54|52|58|55|58|51|49|57|59|61|51|65|52|78|58|67|52|67|58|73|60|67|57|66|55|75|69|81|78|62|69|75|92|59|61|64|48|68|66|67|60|69|72|72|62|58|70|88|85|68|71|77|97|72|69|78|76|64|70|75|78|74|74|64|69|71|61|72|61|57|77|65|66|64|62|77|74|81|74|73|71|68|73|87|60|91|64|84|87|76|76|69|68|69|75|73|65|74|65|71|88|49|73|74|98|65|68|73|86|70|82|59|68|64|65|73|64|50|71|49|46|52|49|38|49|43|51|38|50|26|36|35|50|31|35|28|33|22|34|32|31|22|37|22|33|23|33|15|27|12|14|7|15|11|20|9|15|7|12|14|8|13|10|3|10|6|9|6|10|10|9|0|6|1|4|0|3|2|2|4|1|2|1|0|2|2|0|2|0|1|0|0|0|2|2|0|0|0|0|0|0|20|23|43|0|0|0|4910|5054|9964|
แขวงคลองสิบสอง|47|41|41|29|50|46|66|55|52|42|63|59|50|76|76|65|69|57|60|61|70|60|79|64|74|60|95|68|61|67|76|72|78|77|78|82|75|88|67|89|90|69|64|88|72|89|76|81|92|98|100|83|83|81|89|84|98|90|94|93|86|103|92|103|86|104|87|117|107|100|78|87|77|109|84|94|87|68|98|78|73|75|67|92|85|93|100|90|87|102|78|96|98|100|82|85|93|102|102|103|100|118|93|107|100|101|83|103|113|120|101|92|97|93|101|102|94|103|104|110|96|103|97|113|88|86|80|91|81|80|82|79|61|68|43|61|66|43|48|46|37|62|39|42|37|38|36|38|25|29|22|37|28|36|26|25|16|20|17|28|13|16|16|24|15|15|15|19|7|18|9|9|5|20|5|18|6|12|5|7|4|9|3|8|2|3|4|3|5|3|3|0|0|2|2|1|0|1|0|1|0|0|2|3|0|0|0|0|0|0|29|32|61|0|0|0|6093|6413|12506|
แขวงโคกแฝด|135|103|149|153|161|144|167|177|185|160|194|148|176|166|217|167|207|189|210|179|201|215|216|205|263|219|243|260|245|211|257|194|253|248|268|254|259|253|268|248|251|254|265|278|274|284|258|259|254|276|294|263|242|273|269|283|266|332|306|310|312|278|263|277|278|256|326|267|283|275|234|293|244|240|236|210|219|220|228|237|221|257|238|251|273|282|257|261|254|274|263|338|248|254|241|301|255|293|253|325|279|326|272|289|251|311|251|305|286|329|261|286|272|286|274|304|248|274|242|271|211|268|217|241|217|233|182|163|176|182|187|193|132|162|109|129|112|134|80|111|89|94|79|95|71|73|57|93|62|86|50|81|52|61|48|49|52|50|29|35|18|43|26|36|23|32|15|28|23|23|13|23|19|24|16|14|10|10|11|13|7|7|2|13|3|10|4|6|2|6|2|4|0|3|0|1|1|0|0|2|1|0|6|6|0|0|0|0|0|0|72|66|138|1|2|3|17202|17980|35182|
แขวงคู้ฝั่งเหนือ|86|68|96|95|108|82|111|80|97|80|121|106|94|100|102|119|102|117|133|93|118|115|119|115|127|125|138|133|143|120|120|132|143|125|131|149|151|128|121|141|137|132|123|140|117|144|146|133|155|134|150|149|133|151|143|138|176|149|137|120|158|141|143|145|138|133|113|121|117|143|114|135|113|118|117|111|119|116|113|101|120|118|104|124|126|129|109|151|144|138|137|150|155|179|135|132|136|171|127|152|134|156|126|155|115|143|114|158|126|180|131|142|130|150|143|154|129|153|125|137|125|136|129|126|103|102|94|118|89|127|99|119|91|94|57|88|59|88|63|58|36|61|41|61|48|57|38|62|40|43|33|36|27|36|28|45|25|33|12|16|23|22|19|14|9|22|8|14|3|16|10|10|5|15|4|6|6|13|4|9|3|7|4|5|0|8|0|4|4|1|2|5|3|2|3|2|0|3|0|2|1|1|2|6|0|0|0|0|0|0|32|17|49|1|0|1|8972|9559|18531|
แขวงลำผักชี|113|102|132|124|153|120|127|131|147|153|175|153|160|171|168|164|194|149|188|170|169|180|195|172|199|210|192|195|205|211|193|235|238|242|211|223|252|233|243|232|236|256|209|235|209|239|240|251|225|222|234|287|238|256|245|274|292|312|315|280|314|300|260|276|278|284|237|296|256|281|243|274|250|261|244|282|204|251|256|248|265|261|245|268|254|286|237|288|265|298|278|305|255|298|244|276|284|329|276|310|280|325|280|324|270|328|286|324|340|350|288|301|271|316|280|326|285|282|255|291|272|278|230|249|223|219|196|201|156|216|172|198|130|175|127|161|122|137|103|115|100|131|109|119|71|130|69|119|80|105|38|88|57|81|48|77|43|53|40|77|33|46|25|39|29|46|25|26|25|38|22|28|18|37|15|21|6|25|12|13|6|7|7|9|7|9|4|12|1|7|3|6|1|6|2|2|1|2|1|0|1|0|2|3|0|0|0|0|0|0|116|84|200|1|1|2|16826|18417|35243|
แขวงลำต้อยติ่ง|32|26|46|29|50|49|46|50|53|43|44|60|54|42|64|48|57|60|52|43|54|55|56|62|61|54|46|62|67|68|69|60|76|56|64|62|78|70|67|70|61|72|53|73|62|70|82|62|54|89|65|55|76|74|79|76|83|76|72|74|71|71|76|72|75|73|82|75|69|72|72|66|52|72|44|49|62|66|73|72|57|57|87|58|69|75|72|75|68|72|72|73|67|68|81|72|66|93|72|96|84|72|73|71|88|70|72|75|92|95|77|80|81|96|79|89|80|75|70|74|80|85|64|63|64|75|55|60|64|62|53|69|56|47|44|46|29|49|40|51|30|27|30|44|29|25|22|27|24|37|19|24|18|21|22|28|19|17|12|17|9|13|2|15|5|21|7|13|8|19|5|15|5|6|4|8|4|3|5|8|0|1|3|4|7|1|1|3|3|0|6|1|0|0|2|1|0|0|0|1|1|0|2|2|0|0|0|0|0|0|12|7|19|1|0|1|4872|5030|9902|
เขตบางรัก |61|48|74|54|73|60|74|57|76|89|97|86|102|109|95|100|101|115|108|109|111|105|116|105|142|137|138|130|135|116|136|118|124|115|171|160|163|147|153|131|163|172|142|198|164|171|147|165|171|149|188|178|175|178|156|184|213|214|188|259|211|249|234|232|208|205|225|249|219|213|231|252|215|236|264|237|239|242|216|222|216|228|207|256|222|282|261|266|242|231|264|288|253|288|224|315|235|284|208|301|226|284|224|274|228|278|213|285|255|296|219|275|225|271|202|281|237|270|175|279|230|272|205|283|189|290|182|305|179|296|207|297|198|290|190|282|191|286|193|260|198|263|180|297|178|238|152|255|154|267|162|257|164|255|134|227|129|179|92|154|86|144|84|131|76|109|68|128|65|104|54|85|40|110|44|115|37|73|40|75|26|59|24|53|18|49|16|45|15|29|8|22|7|14|6|19|3|11|12|13|4|5|17|25|0|0|0|2563|2306|4869|1276|809|2085|39|45|84|18890|21659|40549|
แขวงมหาพฤฒาราม|12|11|19|12|15|13|15|13|19|19|26|23|22|29|18|26|29|38|20|24|34|29|31|30|37|45|39|37|42|34|43|35|32|29|48|37|48|38|38|36|40|42|39|65|40|52|38|51|55|46|61|52|57|60|50|53|71|70|61|82|65|84|64|73|62|70|51|70|54|52|71|65|49|77|74|57|71|60|73|48|62|63|62|62|61|79|72|79|65|63|76|71|51|71|54|79|63|75|51|67|73|83|62|66|59|76|61|72|69|74|66|81|61|84|57|82|73|79|52|77|71|83|60|86|58|88|59|85|66|92|67|80|66|77|59|83|63|85|47|78|68|82|56|87|59|67|35|71|46|69|48|66|47|71|30|59|36|46|26|39|21|33|21|25|19|34|21|30|11|21|13|21|7|28|9|20|5|16|7|16|6|8|3|11|1|6|4|13|2|6|1|3|1|4|1|2|2|3|3|4|0|0|4|8|0|0|0|69|58|127|86|81|167|0|0|0|4367|5215|9582|
แขวงสีลม|24|13|20|15|27|17|22|14|22|28|33|29|31|31|39|22|28|25|33|33|33|35|36|29|38|47|42|31|43|34|50|27|47|33|53|48|52|37|51|38|50|56|43|56|51|44|41|40|49|36|57|49|42|44|39|53|53|55|41|79|56|51|57|70|64|53|73|80|60|55|78|61|71|75|69|76|71|61|49|73|56|62|58|84|68|78|62|78|65|64|79|82|82|91|55|101|73|88|58|97|62|94|60|88|64|88|62|97|84|80|69|80|69|88|62|90|70|78|45|85|53|77|49|72|59|83|40|78|45|84|51|71|58|87|52|92|40|65|46|78|45|74|40|70|41|68|41|68|32|70|42|66|47|66|41|58|38|51|17|40|22|37|21|49|14|31|19|37|23|35|19|30|10|25|13|36|8|27|12|27|6|22|8|15|7|17|4|5|4|7|4|9|2|4|3|7|1|5|2|3|1|2|3|6|0|0|0|2221|2030|4251|444|228|672|29|36|65|6918|7594|14512|
แขวงสุริยวงศ์|3|3|10|6|8|4|11|3|7|3|8|5|15|16|8|11|11|7|13|11|8|6|13|11|16|9|17|12|11|9|2|9|11|7|16|16|7|11|12|14|11|18|10|17|16|17|13|14|12|7|16|19|15|16|15|7|17|15|19|27|22|33|14|16|22|22|26|29|18|20|21|20|19|22|23|25|17|32|22|22|17|18|19|26|15|22|41|16|29|28|23|32|39|23|26|34|24|24|29|29|13|22|21|29|32|31|22|34|31|29|22|25|20|28|18|28|19|23|14|36|23|23|19|30|19|29|18|33|13|34|25|34|16|25|23|31|10|30|20|29|24|25|23|25|18|20|20|34|21|32|12|33|18|29|14|26|16|21|13|23|12|27|7|12|14|14|7|10|10|9|6|14|7|19|8|12|6|8|4|10|7|9|4|3|2|4|1|6|1|3|2|1|2|2|0|2|0|0|3|1|1|1|5|3|0|0|0|166|134|300|186|105|291|8|9|17|1863|2092|3955|
แขวงบางรัก|7|6|7|4|3|6|6|6|2|5|7|5|4|8|4|9|7|7|12|5|8|6|4|6|15|7|10|7|3|10|12|8|5|4|6|11|12|12|12|5|10|12|12|8|11|11|12|6|9|10|11|10|11|15|9|12|14|17|13|16|13|12|21|16|12|10|16|13|16|13|8|17|19|8|17|13|11|16|16|7|17|16|11|15|14|13|17|8|14|14|14|12|20|10|14|16|16|14|10|18|16|16|21|14|12|10|12|19|11|16|7|17|13|13|11|12|14|11|11|18|21|16|21|25|11|27|17|19|14|15|11|14|11|24|12|13|16|20|19|17|17|15|16|20|14|19|13|20|12|15|11|19|15|19|12|20|16|11|8|13|6|11|8|11|9|5|1|13|5|6|4|3|7|7|4|9|3|1|4|4|1|4|2|8|4|6|2|6|1|4|1|3|2|1|0|0|0|0|3|1|0|0|2|1|0|0|0|27|17|44|61|31|92|0|0|0|1126|1174|2300|
แขวงสี่พระยา|15|15|18|17|20|20|20|21|26|34|23|24|30|25|26|32|26|38|30|36|28|29|32|29|36|29|30|43|36|29|29|39|29|42|48|48|44|49|40|38|52|44|38|52|46|47|43|54|46|50|43|48|50|43|43|59|58|57|54|55|55|69|78|57|48|50|59|57|71|73|53|89|57|54|81|66|69|73|56|72|64|69|57|69|64|90|69|85|69|62|72|91|61|93|75|85|59|83|60|90|62|69|60|77|61|73|56|63|60|97|55|72|62|58|54|69|61|79|53|63|62|73|56|70|42|63|48|90|41|71|53|98|47|77|44|63|62|86|61|58|44|67|45|95|46|64|43|62|43|81|49|73|37|70|37|64|23|50|28|39|25|36|27|34|20|25|20|38|16|33|12|17|9|31|10|38|15|21|13|18|6|16|7|16|4|16|5|15|7|9|0|6|0|3|2|8|0|3|1|4|2|2|3|7|0|0|0|80|67|147|499|364|863|2|0|2|4616|5584|10200|
เขตบางเขน |384|324|470|447|488|446|562|475|569|525|621|575|615|636|707|626|707|677|721|705|704|690|787|747|846|795|909|837|915|825|919|853|859|833|930|853|935|902|935|924|901|973|1183|1003|1174|954|1007|1027|985|1028|1100|1085|1100|1063|1156|1136|1298|1374|1326|1399|1378|1452|1265|1328|1332|1355|1344|1432|1348|1323|1296|1449|1223|1291|1282|1387|1175|1290|1183|1406|1247|1493|1355|1545|1324|1569|1438|1715|1465|1630|1438|1767|1521|1784|1406|1648|1454|1687|1376|1743|1412|1656|1403|1628|1289|1626|1367|1662|1342|1705|1348|1657|1370|1641|1383|1673|1362|1662|1145|1597|1241|1606|1232|1539|1125|1453|1070|1478|1024|1388|1018|1414|955|1319|906|1220|798|1194|777|1165|708|1064|658|1049|595|919|600|863|517|830|524|802|470|784|392|653|373|576|326|520|312|458|248|451|255|383|203|363|211|349|141|277|156|273|133|237|90|190|116|172|86|157|66|127|48|84|46|108|35|71|23|52|14|51|13|23|19|25|8|17|9|13|30|37|0|0|0|896|443|1339|558|441|999|12|9|21|85121|98185|183306|
แขวงอนุสาวรีย์|151|142|200|188|188|184|243|205|203|198|219|223|251|251|295|282|285|262|292|283|305|292|317|318|356|333|406|375|390|347|399|368|353|335|399|356|378|373|412|387|404|416|650|421|655|408|488|438|465|451|505|477|487|473|556|480|606|581|627|625|652|656|638|567|621|579|633|646|673|594|673|680|583|603|609|580|567|566|555|631|600|682|658|685|606|718|669|749|658|707|647|783|702|783|622|714|634|697|610|740|616|708|609|695|584|702|630|712|576|675|576|719|596|662|621|702|595|731|519|738|553|749|535|645|515|670|483|699|459|688|488|687|464|644|440|619|385|585|385|598|353|538|326|522|299|461|286|404|271|427|265|417|238|411|198|330|205|304|166|249|155|232|128|251|136|196|102|173|126|187|73|165|81|143|95|127|56|112|64|101|55|85|39|62|25|47|29|54|20|40|14|33|11|29|9|13|14|12|4|10|7|6|22|26|0|0|0|896|443|1339|231|198|429|7|3|10|39730|44271|84001|
แขวงท่าแร้ง|233|182|270|259|300|262|319|270|366|327|402|352|364|385|412|344|422|415|429|422|399|398|470|429|490|462|503|462|525|478|520|485|506|498|531|497|557|529|523|537|497|557|533|582|519|546|519|589|520|577|595|608|613|590|600|656|692|793|699|774|726|796|627|761|711|776|711|786|675|729|623|769|640|688|673|807|608|724|628|775|647|811|697|860|718|851|769|966|807|923|791|984|819|1001|784|934|820|990|766|1003|796|948|794|933|705|924|737|950|766|1030|772|938|774|979|762|971|767|931|626|859|688|857|697|894|610|783|587|779|565|700|530|727|491|675|466|601|413|609|392|567|355|526|332|527|296|458|314|459|246|403|259|385|232|373|194|323|168|272|160|271|157|226|120|200|119|187|101|190|85|162|68|112|75|130|38|110|34|78|52|71|31|72|27|65|23|37|17|54|15|31|9|19|3|22|4|10|5|13|4|7|2|7|8|11|0|0|0|0|0|0|327|243|570|5|6|11|45391|53914|99305|
เขตบางกะปิ |279|253|334|341|340|366|366|321|448|407|501|429|488|493|507|514|598|601|581|601|604|531|630|628|602|612|697|674|672|662|622|662|687|694|744|725|772|735|711|713|704|725|723|762|722|724|722|785|703|791|753|857|727|831|812|854|895|967|966|1054|1008|1078|957|1041|970|1034|976|1050|910|1074|993|1063|931|1041|951|1044|845|1015|914|1049|905|1143|1058|1211|1010|1286|1102|1390|1087|1442|1172|1422|1102|1479|1165|1398|1080|1412|1062|1409|1018|1345|987|1260|993|1254|1020|1288|994|1343|973|1338|939|1304|908|1278|915|1226|845|1098|846|1128|801|1197|768|1097|750|1055|736|1047|727|1045|713|986|599|886|625|848|603|857|548|829|520|778|485|755|432|675|449|676|422|596|376|550|316|534|302|453|256|392|206|371|203|393|183|290|171|299|136|312|125|218|156|234|95|207|97|186|87|171|67|138|50|120|38|78|32|77|38|65|19|43|10|40|12|24|9|19|7|13|3|6|28|36|0|0|0|1057|675|1732|838|704|1542|23|7|30|63664|77237|140901|
แขวงคลองจั่น|114|120|155|143|157|165|178|137|194|188|238|190|235|236|256|249|278|283|287|300|285|244|324|301|297|310|351|325|375|342|326|324|368|362|391|396|407|404|372|370|377|391|386|420|364|390|393|406|376|414|414|423|405|415|447|439|469|467|512|509|514|538|458|489|460|478|476|463|416|483|468|506|441|465|427|490|396|475|442|497|413|546|499|542|474|600|544|630|519|689|583|686|546|682|564|664|537|701|546|701|523|689|512|645|523|647|551|657|530|684|490|733|523|714|488|676|488|669|453|583|467|634|429|661|433|616|427|575|413|581|401|605|400|547|322|497|354|460|315|463|288|470|279|444|279|444|248|373|240|365|210|330|187|287|174|284|150|258|144|213|106|203|123|226|98|167|77|160|73|175|80|131|86|134|43|124|48|115|52|100|38|76|29|73|19|47|17|36|22|34|10|21|6|20|5|7|4|10|5|6|2|4|17|17|0|0|0|1057|675|1732|391|366|757|22|7|29|33125|39726|72851|
แขวงหัวหมาก|165|133|179|198|183|201|188|184|254|219|263|239|253|257|251|265|320|318|294|301|319|287|306|327|305|302|346|349|297|320|296|338|319|332|353|329|365|331|339|343|327|334|337|342|358|334|329|379|327|377|339|434|322|416|365|415|426|500|454|545|494|540|499|552|510|556|500|587|494|591|525|557|490|576|524|554|449|540|472|552|492|597|559|669|536|686|558|760|568|753|589|736|556|797|601|734|543|711|516|708|495|656|475|615|470|607|469|631|464|659|483|605|416|590|420|602|427|557|392|515|379|494|372|536|335|481|323|480|323|466|326|440|313|439|277|389|271|388|288|394|260|359|241|334|206|311|184|302|209|311|212|266|189|263|142|250|152|195|112|179|100|168|80|167|85|123|94|139|63|137|45|87|70|100|52|83|49|71|35|71|29|62|21|47|19|31|15|41|16|31|9|22|4|20|7|17|5|9|2|7|1|2|11|19|0|0|0|0|0|0|447|338|785|1|0|1|30539|37511|68050|
เขตปทุมวัน |49|57|102|66|73|75|96|72|79|81|99|93|96|104|105|112|134|131|103|120|138|145|150|129|166|133|156|155|162|125|146|154|164|158|178|147|180|148|170|175|198|198|187|224|192|206|183|205|198|209|215|226|207|219|210|194|215|253|251|231|256|256|240|239|269|282|249|270|232|232|227|238|234|222|224|255|205|223|222|256|227|278|218|258|236|273|253|261|261|285|288|275|261|282|222|302|250|269|255|280|248|278|217|267|211|236|216|276|240|293|235|289|242|305|247|313|237|293|221|281|252|279|219|309|213|308|204|293|207|282|207|293|211|297|196|255|192|236|187|293|178|229|166|270|187|230|142|224|148|207|160|178|126|193|116|158|110|152|85|115|66|108|64|106|52|81|56|89|42|94|43|48|38|67|33|72|22|55|28|46|16|40|13|35|15|26|13|27|6|21|1|16|4|16|1|7|2|4|0|6|1|2|2|5|0|0|0|1046|1011|2057|1242|990|2232|64|54|118|18121|20439|38560|
แขวงรองเมือง|16|17|40|20|24|27|33|26|28|32|39|31|44|49|48|38|51|52|43|50|64|60|65|55|73|42|78|65|66|50|60|60|63|78|90|62|69|65|66|63|80|83|64|92|84|84|59|78|70|75|85|94|69|76|70|75|69|104|103|84|92|112|80|87|100|96|91|109|87|91|90|81|87|65|89|86|88|67|88|89|96|97|76|97|81|102|95|101|94|105|107|113|105|108|87|114|102|102|112|112|111|115|94|88|96|85|83|98|101|115|101|100|97|112|101|118|98|123|85|106|111|106|89|122|93|120|98|123|107|119|102|130|74|128|86|111|81|105|88|124|84|107|72|110|77|117|68|90|71|98|77|80|64|88|50|72|58|74|39|64|31|49|30|47|27|41|30|43|21|36|22|25|15|23|12|30|14|31|13|19|7|20|8|20|9|13|4|15|5|9|1|8|3|7|0|2|1|1|0|2|1|0|1|3|0|0|0|331|256|587|133|94|227|1|0|1|6936|7663|14599|
แขวงวังใหม่|3|7|6|4|4|1|12|5|9|9|7|11|6|14|6|7|17|12|11|12|10|15|19|9|18|13|17|16|16|11|10|18|14|11|7|14|14|9|11|21|28|21|39|37|19|32|41|42|35|29|41|34|31|36|30|25|30|30|27|23|36|24|19|28|35|26|23|22|20|17|18|25|27|20|25|18|16|17|23|18|24|19|18|28|27|16|21|20|21|19|17|18|25|28|15|23|16|26|14|20|22|17|9|22|14|29|29|28|25|23|26|27|25|24|22|22|18|20|17|23|28|27|21|21|13|21|11|18|12|24|10|23|17|21|13|14|15|20|8|22|17|11|12|21|16|16|9|21|11|18|13|15|12|10|11|14|12|8|2|6|3|3|4|7|2|2|2|7|4|6|1|6|2|5|3|2|1|5|3|1|1|2|0|4|1|1|0|1|1|2|0|0|0|2|0|2|0|1|0|1|0|1|0|0|0|0|0|218|164|382|737|686|1423|0|1|1|2431|2458|4889|
แขวงปทุมวัน|5|3|5|1|6|1|1|0|0|0|3|2|2|5|2|3|5|2|1|5|3|4|4|7|8|6|2|5|6|7|11|6|12|10|11|10|9|9|19|13|13|10|15|7|20|9|11|7|19|9|19|11|21|20|6|7|17|6|23|10|8|14|21|14|16|29|15|21|20|9|15|15|14|23|17|28|7|36|12|29|9|25|1|14|3|13|14|7|14|20|10|11|13|13|10|22|8|13|16|12|16|14|14|19|3|13|8|12|7|8|10|14|6|21|11|21|10|12|8|8|10|8|8|8|8|14|5|9|2|6|5|6|8|10|3|5|5|5|5|8|1|6|5|3|3|9|3|5|2|8|0|1|2|3|5|1|1|2|2|1|0|0|2|2|2|1|1|3|1|1|2|0|1|4|2|2|1|0|0|1|1|0|0|0|1|0|0|0|0|3|0|1|0|0|0|0|0|0|0|0|0|0|0|1|0|0|0|297|430|727|17|7|24|63|53|116|1089|1332|2421|
แขวงลุมพินี|25|30|51|41|39|46|50|41|42|40|50|49|44|36|49|64|61|65|48|53|61|66|62|58|67|72|59|69|74|57|65|70|75|59|70|61|88|65|74|78|77|84|69|88|69|81|72|78|74|96|70|87|86|87|104|87|99|113|98|114|120|106|120|110|118|131|120|118|105|115|104|117|106|114|93|123|94|103|99|120|98|137|123|119|125|142|123|133|132|141|154|133|118|133|110|143|124|128|113|136|99|132|100|138|98|109|96|138|107|147|98|148|114|148|113|152|111|138|111|144|103|138|101|158|99|153|90|143|86|133|90|134|112|138|94|125|91|106|86|139|76|105|77|136|91|88|62|108|64|83|70|82|48|92|50|71|39|68|42|44|32|56|28|50|21|37|23|36|16|51|18|17|20|35|16|38|6|19|12|25|7|18|5|11|4|12|9|11|0|7|0|7|1|7|1|3|1|2|0|3|0|1|1|1|0|0|0|200|161|361|355|203|558|0|0|0|7665|8986|16651|
เขตป้อมปราบศัตรูพ่าย |52|38|60|36|63|50|74|62|82|64|104|73|114|85|97|90|123|95|129|93|135|117|141|102|143|124|141|131|157|123|147|114|150|112|146|111|168|140|151|130|143|118|171|162|151|149|161|183|198|187|209|197|195|178|210|177|216|202|232|194|214|238|237|200|222|191|227|199|225|199|187|183|230|163|220|201|198|183|195|156|205|211|195|189|197|224|227|205|207|201|223|238|237|230|255|238|245|234|241|254|246|262|209|233|247|238|238|233|246|220|227|263|213|237|222|277|275|246|217|286|233|279|219|304|250|271|212|287|266|285|260|331|248|334|248|314|240|289|215|322|199|293|227|318|223|298|209|280|198|275|198|263|182|223|158|261|137|194|110|158|100|142|86|122|79|112|89|111|62|125|60|100|71|117|74|109|68|81|47|79|54|75|40|54|31|53|31|47|23|35|17|28|17|27|16|25|15|14|7|8|11|8|68|51|0|0|0|617|558|1175|594|436|1030|17|19|36|17516|18384|35900|
แขวงป้อมปราบ|15|10|15|9|15|13|14|23|27|15|36|14|23|22|21|19|35|25|31|21|38|29|34|32|38|32|49|33|51|29|35|37|54|32|51|27|55|48|46|36|47|38|51|48|50|40|42|55|47|55|75|70|61|53|66|56|62|64|63|56|66|75|79|71|65|62|68|57|63|61|56|62|73|52|67|58|57|60|58|46|65|60|56|54|61|77|64|76|65|57|72|71|66|74|76|73|84|74|69|77|83|98|53|66|79|86|67|69|75|72|65|84|75|70|67|79|84|67|54|97|64|94|68|93|66|80|59|80|67|89|67|102|73|98|73|84|71|99|58|93|52|96|75|105|71|104|67|92|58|69|63|79|54|64|60|89|30|68|35|39|31|37|28|35|20|37|29|50|16|32|18|19|22|36|19|30|18|26|14|25|16|25|14|16|8|20|6|15|9|7|4|10|6|8|5|10|5|5|1|4|5|3|13|14|0|0|0|358|325|683|305|236|541|2|1|3|5482|5869|11351|
แขวงวัดเทพศิรินทร์|6|9|7|6|7|8|13|7|15|7|12|8|22|10|12|14|14|14|24|14|22|18|31|15|21|19|26|18|25|19|22|16|20|17|20|20|25|16|21|25|20|19|31|20|21|23|24|25|30|31|31|30|23|27|29|21|34|33|49|28|41|39|35|23|32|38|35|30|40|31|30|28|36|26|37|33|31|25|27|17|30|28|25|28|30|30|50|31|38|29|32|41|45|38|32|40|32|43|35|33|30|42|38|38|41|36|34|46|39|33|44|48|34|35|35|51|45|36|35|40|29|45|27|41|45|40|35|52|51|53|50|55|37|50|40|55|45|38|35|51|31|51|40|53|37|43|39|39|37|44|27|41|36|44|27|32|37|30|20|32|12|18|18|27|15|11|10|9|13|20|9|16|13|18|8|15|10|13|5|10|5|7|7|8|2|7|2|2|3|7|3|5|3|5|3|3|3|3|0|1|1|0|9|6|0|0|0|6|2|8|60|41|101|0|0|0|2670|2716|5386|
แขวงคลองมหานาค|20|11|14|9|20|14|18|17|16|17|33|19|26|21|33|22|38|23|28|26|35|33|31|24|34|39|26|26|37|30|33|26|31|28|32|26|37|38|39|28|25|20|38|45|32|32|45|54|39|39|38|37|45|41|41|39|51|40|44|50|45|48|47|46|52|33|47|50|47|47|44|47|46|34|42|48|40|43|43|46|37|59|42|53|49|48|41|41|39|41|48|50|46|52|57|54|52|41|51|54|42|38|50|51|50|49|50|42|44|50|48|59|43|64|50|71|54|59|53|72|57|56|44|72|58|64|49|66|64|53|54|72|52|75|50|82|62|67|44|101|56|58|47|64|46|64|45|66|34|65|33|58|33|42|25|55|29|43|24|45|25|29|8|19|16|25|15|18|7|24|13|23|8|20|14|27|11|23|10|19|14|16|3|14|2|12|4|6|2|7|3|4|1|7|5|7|1|0|4|1|4|1|13|11|0|0|0|53|47|100|105|82|187|0|0|0|3625|4074|7699|
แขวงบ้านบาตร|5|3|9|7|11|7|12|5|11|10|9|15|19|17|13|12|14|18|21|14|23|15|17|11|25|13|22|26|18|19|26|14|25|16|24|12|24|22|28|21|27|21|27|25|21|22|26|17|43|28|25|28|35|35|35|25|35|28|25|25|27|35|31|29|37|31|41|26|34|28|31|19|35|25|33|30|29|30|32|23|37|36|37|25|26|42|33|26|33|39|35|40|45|42|54|33|38|40|50|45|51|46|35|40|34|36|41|42|47|31|45|43|32|31|33|38|49|40|29|42|37|35|39|45|45|39|35|36|36|34|39|47|47|48|36|46|25|48|45|35|26|42|37|51|36|40|28|33|29|46|40|38|26|33|24|47|21|25|16|20|15|30|16|21|15|19|18|23|14|25|15|23|15|22|25|19|17|9|9|11|13|12|10|8|12|6|7|10|3|6|5|4|5|3|2|2|5|2|1|0|0|1|19|7|0|0|0|12|13|25|76|39|115|0|1|1|2765|2668|5433|
แขวงวัดโสมนัส|6|5|15|5|10|8|17|10|13|15|14|17|24|15|18|23|22|15|25|18|17|22|28|20|25|21|18|28|26|26|31|21|20|19|19|26|27|16|17|20|24|20|24|24|27|32|24|32|39|34|40|32|31|22|39|36|34|37|51|35|35|41|45|31|36|27|36|36|41|32|26|27|40|26|41|32|41|25|35|24|36|28|35|29|31|27|39|31|32|35|36|36|35|24|36|38|39|36|36|45|40|38|33|38|43|31|46|34|41|34|25|29|29|37|37|38|43|44|46|35|46|49|41|53|36|48|34|53|48|56|50|55|39|63|49|47|37|37|33|42|34|46|28|45|33|47|30|50|40|51|35|47|33|40|22|38|20|28|15|22|17|28|16|20|13|20|17|11|12|24|5|19|13|21|8|18|12|10|9|14|6|15|6|8|7|8|12|14|6|8|2|5|2|4|1|3|1|4|1|2|1|3|14|13|0|0|0|188|171|359|48|38|86|15|17|32|2974|3057|6031|
เขตพระโขนง |164|130|177|166|179|189|210|192|228|201|219|200|285|265|253|243|245|234|291|316|288|271|332|337|287|290|357|353|348|326|316|345|348|351|330|364|396|386|339|378|377|380|386|405|403|394|372|441|386|469|482|495|433|490|476|525|577|653|598|725|672|698|627|714|612|700|581|750|643|783|640|764|582|753|637|750|542|647|613|693|578|717|602|725|595|792|597|783|635|723|629|796|585|805|552|714|545|742|578|736|512|704|579|688|505|676|526|716|555|683|522|682|547|645|507|699|506|710|484|678|537|704|531|757|515|707|455|688|431|642|472|681|485|644|409|666|453|640|409|570|343|561|345|602|335|544|336|455|287|464|300|455|265|398|232|380|175|346|166|262|148|267|155|224|114|224|102|221|118|201|61|142|83|156|80|150|73|101|56|98|39|92|17|80|39|79|16|60|11|34|11|41|12|20|11|16|4|17|4|9|3|8|3|10|0|0|0|946|673|1619|454|317|771|9|8|17|37420|46594|84014|
แขวงบางจาก|111|94|134|125|132|140|156|140|178|148|160|144|219|200|195|185|189|189|228|248|233|206|264|274|233|230|282|285|264|259|251|272|267|269|248|283|321|306|266|292|292|283|304|318|323|333|294|339|299|363|391|393|341|379|367|414|437|514|470|548|522|538|488|552|454|527|419|568|475|554|463|539|426|519|439|506|385|466|447|475|431|515|432|515|436|584|449|580|466|516|467|598|447|590|416|542|413|552|424|592|395|544|437|529|393|549|386|557|408|538|420|524|436|503|402|558|391|563|373|539|409|550|411|597|420|593|364|571|337|513|381|543|401|506|313|545|367|525|328|463|268|436|272|491|274|453|275|375|232|368|242|366|221|334|190|314|135|268|135|197|117|201|126|172|91|179|77|174|93|142|52|111|64|123|57|118|56|85|46|83|28|69|12|61|29|61|10|43|7|24|8|30|9|14|7|12|4|14|3|5|2|6|2|5|0|0|0|0|0|0|311|233|544|5|7|12|27980|35385|63365|
แขวงพระโขนงใต้|53|36|43|41|47|49|54|52|50|53|59|56|66|65|58|58|56|45|63|68|55|65|68|63|54|60|75|68|84|67|65|73|81|82|82|81|75|80|73|86|85|97|82|87|80|61|78|102|87|106|91|102|92|111|109|111|140|139|128|177|150|160|139|162|158|173|162|182|168|229|177|225|156|234|198|244|157|181|166|218|147|202|170|210|159|208|148|203|169|207|162|198|138|215|136|172|132|190|154|144|117|160|142|159|112|127|140|159|147|145|102|158|111|142|105|141|115|147|111|139|128|154|120|160|95|114|91|117|94|129|91|138|84|138|96|121|86|115|81|107|75|125|73|111|61|91|61|80|55|96|58|89|44|64|42|66|40|78|31|65|31|66|29|52|23|45|25|47|25|59|9|31|19|33|23|32|17|16|10|15|11|23|5|19|10|18|6|17|4|10|3|11|3|6|4|4|0|3|1|4|1|2|1|5|0|0|0|946|673|1619|143|84|227|4|1|5|9440|11209|20649|
เขตมีนบุรี |391|355|461|422|517|499|528|456|574|558|644|534|642|575|647|617|722|680|738|677|800|726|814|808|846|759|886|873|879|850|850|832|904|911|878|908|831|924|897|891|943|899|873|876|866|912|926|967|859|887|964|967|880|925|931|990|1077|1122|1085|1072|1080|1142|977|1034|1018|1046|969|1038|950|971|899|976|882|929|832|963|786|878|851|989|850|1035|884|964|960|1049|983|1103|1027|1152|989|1241|1060|1202|1034|1214|1022|1236|1071|1218|1030|1241|951|1240|991|1197|1010|1288|1058|1312|1024|1300|1008|1285|1045|1332|1014|1213|965|1191|972|1191|884|1178|899|1113|810|1029|745|963|718|956|669|899|609|794|538|786|509|700|488|617|472|650|388|544|410|524|333|488|286|466|290|383|241|351|205|286|155|216|127|240|138|233|119|228|84|174|104|180|71|126|78|134|63|119|54|113|34|88|39|71|35|63|16|45|14|38|16|27|8|28|11|16|6|11|8|6|6|4|5|7|27|24|0|0|0|607|450|1057|574|399|973|49|53|102|65987|74462|140449|
แขวงมีนบุรี|222|214|289|241|298|327|318|283|364|337|412|327|426|353|407|393|479|426|484|447|521|486|534|519|565|501|579|581|584|568|548|552|562|594|565|599|539|610|593|586|610|594|532|546|551|584|595|635|544|554|643|635|541|603|617|644|692|757|693|688|710|781|628|688|664|723|611|711|622|634|600|684|569|636|580|697|540|626|600|726|612|724|636|693|686|758|675|801|740|859|708|900|739|884|711|871|727|886|732|852|724|875|637|855|691|815|695|884|691|902|653|914|686|878|697|889|663|821|636|787|605|769|559|820|596|749|561|722|512|680|479|651|448|638|431|565|373|553|343|491|346|453|326|459|288|397|292|376|233|351|199|331|197|282|176|247|142|218|115|170|94|178|88|169|82|160|55|122|68|127|47|90|50|95|44|83|39|78|21|60|28|46|27|38|12|30|9|27|10|18|7|23|5|13|3|10|6|6|5|2|4|5|21|20|0|0|0|607|450|1057|441|316|757|48|50|98|44212|51076|95288|
แขวงแสนแสบ|169|141|172|181|219|172|210|173|210|221|232|207|216|222|240|224|243|254|254|230|279|240|280|289|281|258|307|292|295|282|302|280|342|317|313|309|292|314|304|305|333|305|341|330|315|328|331|332|315|333|321|332|339|322|314|346|385|365|392|384|370|361|349|346|354|323|358|327|328|337|299|292|313|293|252|266|246|252|251|263|238|311|248|271|274|291|308|302|287|293|281|341|321|318|323|343|295|350|339|366|306|366|314|385|300|382|315|404|367|410|371|386|322|407|348|443|351|392|329|404|367|422|325|358|303|364|249|307|233|283|239|305|221|261|178|229|165|233|166|209|142|164|146|191|100|147|118|148|100|137|87|135|93|101|65|104|63|68|40|46|33|62|50|64|37|68|29|52|36|53|24|36|28|39|19|36|15|35|13|28|11|25|8|25|4|15|5|11|6|9|1|5|6|3|3|1|2|0|1|2|1|2|6|4|0|0|0|0|0|0|133|83|216|1|3|4|21775|23386|45161|
เขตลาดกระบัง |542|493|632|581|663|640|653|609|706|687|828|765|837|835|859|847|919|902|935|894|1034|902|1066|975|1055|996|1210|1079|1040|1076|1084|1099|1049|1093|1097|1087|1122|1108|1093|1113|1122|1118|1114|1197|1160|1154|1086|1157|1085|1126|1207|1225|1164|1194|1243|1302|1343|1500|1434|1578|1447|1605|1436|1492|1346|1503|1397|1541|1328|1509|1393|1446|1256|1391|1218|1385|1152|1333|1252|1460|1353|1541|1340|1546|1392|1614|1499|1658|1531|1725|1463|1700|1475|1724|1351|1608|1514|1684|1391|1626|1366|1519|1317|1496|1269|1510|1322|1579|1367|1646|1302|1576|1349|1535|1243|1487|1223|1480|1157|1479|1212|1483|1156|1360|1019|1325|993|1229|920|1136|895|1195|769|1041|690|919|680|850|634|766|555|704|565|757|476|675|418|598|348|586|357|500|294|504|267|375|219|335|194|280|163|258|175|257|142|224|98|198|131|238|89|174|91|174|83|131|53|125|53|113|44|89|41|61|29|62|15|47|25|28|15|28|11|20|7|16|5|8|7|7|6|11|25|23|0|0|0|376|282|658|598|469|1067|19|7|26|85793|96398|182191|
แขวงลาดกระบัง|72|67|81|93|87|79|93|95|95|112|141|125|130|123|120|109|139|130|135|113|151|129|131|145|140|146|173|145|159|159|159|133|148|151|140|142|152|143|141|151|170|136|135|197|178|187|159|158|149|159|175|169|174|175|200|193|213|233|244|238|234|263|240|260|207|248|235|274|230|251|215|264|228|224|205|242|198|208|208|237|237|267|241|285|246|274|258|260|262|309|230|267|258|290|192|275|255|281|215|245|199|233|209|218|177|206|204|248|198|230|183|232|202|250|172|217|196|254|163|199|187|249|187|217|153|221|161|226|143|214|133|226|125|214|126|164|134|162|108|189|112|166|124|176|90|157|94|149|81|138|75|120|79|132|61|110|58|103|47|72|46|70|57|67|31|57|21|54|39|58|33|53|24|42|25|39|14|30|15|35|14|24|15|18|6|15|7|13|7|5|1|6|6|7|6|4|1|0|1|3|3|7|11|9|0|0|0|192|143|335|139|91|230|6|5|11|13879|16106|29985|
แขวงคลองสองต้นนุ่น|199|183|247|186|255|240|243|216|275|242|302|272|300|297|335|316|350|349|333|342|408|357|366|375|383|384|433|398|380|385|438|417|405|401|411|428|425|423|413|421|421|426|457|446|436|446|405|420|427|416|492|476|451|457|451|490|465|524|508|595|547|575|552|480|495|536|500|513|486|522|508|502|435|488|445|519|399|488|450|511|499|579|471|577|508|593|514|640|556|631|558|674|504|630|516|604|550|646|512|642|509|580|473|565|491|599|507|606|510|652|505|626|523|587|471|594|438|566|436|629|471|569|414|539|395|503|395|469|350|448|362|461|302|385|261|356|224|328|231|272|212|247|205|279|164|233|148|222|110|213|127|167|94|153|106|128|63|102|72|87|47|82|60|78|43|72|34|54|33|66|20|50|23|46|18|34|17|35|16|35|12|27|11|18|9|14|2|12|7|7|4|8|1|6|1|2|2|2|3|1|3|1|3|6|0|0|0|116|88|204|217|162|379|3|0|3|31693|35749|67442|
แขวงคลองสามประเวศ|43|33|43|48|51|54|52|46|46|50|51|61|66|55|59|79|49|63|72|74|59|70|78|56|83|59|106|92|99|77|85|97|94|89|97|90|98|107|93|97|97|104|103|101|112|102|97|107|101|117|105|114|102|95|114|115|114|131|144|138|128|154|122|136|136|144|125|126|104|139|124|141|111|124|108|104|95|103|101|110|103|111|99|104|88|114|113|128|100|137|117|119|109|153|105|126|137|137|112|130|118|147|116|128|107|168|100|146|160|171|108|157|130|139|130|165|142|165|123|143|107|162|113|143|101|147|83|129|116|102|95|113|75|93|81|86|78|85|64|72|52|60|45|61|49|66|32|48|38|61|34|50|27|51|21|27|19|27|16|22|15|25|6|28|16|26|14|18|9|28|9|17|8|20|9|14|4|14|7|8|3|10|2|7|2|7|3|5|2|2|2|3|1|0|0|2|0|0|0|0|0|1|0|0|0|0|0|13|13|26|70|46|116|2|0|2|7427|8489|15916|
แขวงลำปลาทิว|86|66|88|105|102|103|87|104|105|97|123|109|127|139|136|136|142|138|162|147|169|131|186|141|164|147|180|189|161|189|158|170|154|175|180|171|178|185|193|195|176|194|174|180|170|181|171|198|174|151|184|181|154|202|213|194|211|246|199|254|238|258|213|253|208|212|210|241|200|232|221|218|174|221|171|206|169|185|211|235|198|226|199|212|218|248|241|242|249|254|217|268|246|244|211|234|233|243|216|223|220|206|193|226|187|226|202|244|179|230|209|247|212|210|199|208|181|202|167|208|191|202|176|193|157|182|153|170|131|150|127|167|122|137|95|130|93|103|91|94|62|87|79|105|61|80|51|71|39|64|46|64|38|67|28|50|31|49|26|38|27|40|21|34|15|26|14|30|24|31|9|24|13|30|13|12|10|25|7|18|8|12|5|9|8|12|1|7|1|2|2|3|1|4|0|3|1|3|3|1|0|2|4|4|0|0|0|24|20|44|83|57|140|1|1|2|12991|14293|27284|
แขวงทับยาว|111|105|127|120|131|125|139|126|150|149|172|152|166|187|170|163|182|180|179|167|196|175|238|219|230|208|252|212|194|212|191|222|185|223|205|196|210|192|195|186|197|207|189|210|201|168|202|221|178|233|198|231|231|209|205|245|263|273|271|288|241|305|254|304|248|296|279|319|254|301|259|270|250|270|240|266|236|286|235|298|247|294|278|302|281|320|306|342|312|320|277|315|274|323|265|304|273|310|266|323|253|291|254|288|256|258|246|277|259|298|247|250|220|272|215|240|205|232|223|236|200|246|208|212|169|214|152|175|131|170|119|169|123|152|94|127|110|127|104|107|80|105|90|99|74|100|67|82|54|75|51|72|36|71|37|43|36|39|20|38|17|29|21|35|26|26|8|24|14|41|16|22|12|25|11|24|6|15|7|16|3|11|2|6|2|8|2|6|7|8|5|4|1|2|0|2|1|3|0|0|0|0|7|3|0|0|0|29|16|45|74|101|175|5|1|6|15642|17365|33007|
แขวงขุมทอง|31|39|46|29|37|39|39|22|35|37|39|46|48|34|39|44|57|42|54|51|51|40|67|39|55|52|66|43|47|54|53|60|63|54|64|60|59|58|58|63|61|51|56|63|63|70|52|53|56|50|53|54|52|56|60|65|77|93|68|65|59|50|55|59|52|67|48|68|54|64|66|51|58|64|49|48|55|63|47|69|69|64|52|66|51|65|67|46|52|74|64|57|84|84|62|65|66|67|70|63|67|62|72|71|51|53|63|58|61|65|50|64|62|77|56|63|61|61|45|64|56|55|58|56|44|58|49|60|49|52|59|59|22|60|33|56|41|45|36|32|37|39|22|37|38|39|26|26|26|35|24|27|20|30|14|17|12|15|13|23|11|12|10|15|11|17|7|18|12|14|2|8|11|11|7|8|2|6|1|1|4|5|6|3|2|6|0|4|1|4|1|4|1|1|0|3|0|0|0|2|0|0|0|1|0|0|0|2|2|4|15|12|27|2|0|2|4161|4396|8557|
เขตยานนาวา |148|121|169|162|208|181|186|224|241|202|242|256|287|255|254|249|281|274|273|279|307|285|339|301|310|313|340|344|334|311|356|285|343|321|309|328|349|360|348|342|336|338|363|366|353|332|361|374|359|359|419|349|329|391|408|388|432|444|485|487|501|487|429|434|439|451|422|461|442|479|463|511|448|498|462|516|452|447|468|541|483|582|529|626|497|622|536|631|514|642|542|638|544|714|495|640|516|658|543|671|456|610|481|629|452|597|479|595|440|621|477|584|426|594|440|617|445|575|419|560|410|572|456|613|444|614|409|589|368|547|407|610|415|558|388|482|377|488|377|520|332|509|335|526|318|445|301|382|286|436|273|408|260|390|192|311|181|268|143|261|154|203|136|202|148|167|101|151|100|168|72|129|89|124|67|116|68|107|48|101|54|67|37|92|32|64|26|52|23|37|21|34|22|31|14|24|12|12|17|15|6|8|47|62|0|0|0|253|166|419|1358|906|2264|64|44|108|33350|39063|72413|
แขวงช่องนนทรี|93|79|89|114|138|123|109|149|160|138|138|150|183|166|155|158|173|180|178|185|188|180|216|171|189|189|228|221|196|189|208|165|222|195|192|199|218|231|202|221|221|222|239|243|225|214|205|221|219|228|274|211|211|237|249|229|266|281|287|302|306|311|261|293|266|295|271|285|274|290|293|307|269|316|305|324|288|295|282|345|305|382|330|380|324|414|336|421|332|432|343|402|349|452|314|406|332|438|339|439|267|397|304|410|269|407|306|405|271|425|305|380|271|386|284|419|280|388|254|346|245|392|262|404|287|383|238|380|221|348|233|358|252|365|244|304|226|310|239|343|209|314|209|341|204|274|186|236|172|264|170|244|156|238|114|197|106|179|101|182|97|136|78|127|101|114|70|100|67|111|41|86|56|89|39|78|44|60|35|65|38|43|26|62|20|44|20|26|10|20|15|24|13|19|8|15|5|5|9|8|4|8|23|44|0|0|0|214|154|368|1017|672|1689|53|39|92|20978|25186|46164|
แขวงบางโพงพาง|55|42|80|48|70|58|77|75|81|64|104|106|104|89|99|91|108|94|95|94|119|105|123|130|121|124|112|123|138|122|148|120|121|126|117|129|131|129|146|121|115|116|124|123|128|118|156|153|140|131|145|138|118|154|159|159|166|163|198|185|195|176|168|141|173|156|151|176|168|189|170|204|179|182|157|192|164|152|186|196|178|200|199|246|173|208|200|210|182|210|199|236|195|262|181|234|184|220|204|232|189|213|177|219|183|190|173|190|169|196|172|204|155|208|156|198|165|187|165|214|165|180|194|209|157|231|171|209|147|199|174|252|163|193|144|178|151|178|138|177|123|195|126|185|114|171|115|146|114|172|103|164|104|152|78|114|75|89|42|79|57|67|58|75|47|53|31|51|33|57|31|43|33|35|28|38|24|47|13|36|16|24|11|30|12|20|6|26|13|17|6|10|9|12|6|9|7|7|8|7|2|0|24|18|0|0|0|39|12|51|341|234|575|11|5|16|12372|13877|26249|
เขตสัมพันธวงศ์ |17|11|32|23|32|26|44|27|31|41|40|40|38|48|47|43|44|42|33|47|59|55|49|56|61|39|76|75|68|52|58|52|58|69|85|57|61|82|89|58|89|67|75|79|96|81|84|89|103|97|124|100|110|91|103|73|111|103|100|111|117|103|127|93|110|100|106|103|108|90|100|120|107|86|109|113|104|101|87|88|95|95|102|108|144|92|124|115|108|100|116|121|107|129|123|109|157|115|133|154|149|103|125|132|123|133|140|159|129|136|112|132|130|121|127|149|122|121|109|148|133|137|129|158|128|165|129|148|137|140|114|190|129|161|130|160|141|151|138|159|120|148|95|176|125|154|114|145|107|139|93|135|93|144|83|130|66|115|60|108|36|81|45|72|40|78|36|68|41|57|42|52|34|55|34|54|22|54|28|33|21|49|13|31|12|32|11|26|6|18|10|17|6|15|9|9|5|6|7|5|1|2|12|11|0|0|0|249|108|357|346|227|573|4|2|6|8901|9428|18329|
แขวงจักรวรรดิ|3|2|6|7|7|5|13|8|10|13|12|15|7|16|15|11|13|12|15|16|18|14|18|19|17|14|29|17|16|17|22|10|20|18|25|13|17|23|26|15|25|21|22|20|28|14|25|23|31|25|43|27|30|21|26|22|34|27|25|29|38|26|40|22|32|36|28|30|36|25|30|33|27|17|34|32|26|33|25|33|23|20|26|32|43|24|43|30|41|28|32|57|27|34|40|28|56|28|42|48|42|40|32|45|36|51|55|35|48|35|50|33|34|38|50|43|34|37|34|48|37|45|42|47|38|51|42|45|51|46|35|56|34|47|37|49|38|48|37|42|47|50|29|54|34|44|32|44|39|52|30|45|34|50|26|38|28|37|23|40|16|24|18|23|15|30|14|25|16|23|16|18|15|16|16|14|12|24|6|13|8|23|7|7|7|7|4|8|3|6|5|6|1|6|7|0|1|4|3|1|0|0|5|4|0|0|0|43|36|79|136|71|207|0|0|0|2789|2834|5623|
แขวงสัมพันธวงศ์|10|6|15|7|14|7|18|9|9|14|15|13|15|19|10|11|18|17|10|16|25|23|12|21|23|10|21|28|27|17|20|17|15|26|35|22|25|28|32|20|27|28|24|31|33|32|30|36|38|40|33|42|44|37|38|19|34|41|31|35|36|37|47|36|45|31|30|37|38|33|29|36|41|42|45|35|48|39|29|27|37|39|46|39|45|36|38|44|40|39|50|34|46|49|49|43|61|36|44|56|58|31|46|50|51|42|53|61|44|49|32|54|50|34|36|49|42|42|33|54|46|37|41|51|54|61|41|54|40|55|38|77|46|61|43|65|57|46|54|66|43|48|34|61|52|66|55|47|30|51|34|48|34|53|34|53|24|40|27|32|11|28|14|30|19|25|13|19|10|23|16|16|10|21|10|25|8|15|12|13|7|16|3|16|3|12|5|9|2|6|5|7|2|3|1|4|2|2|1|2|0|1|7|7|0|0|0|172|59|231|145|96|241|0|1|1|3295|3434|6729|
แขวงตลาดน้อย|4|3|11|9|11|14|13|10|12|14|13|12|16|13|22|21|13|13|8|15|16|18|19|16|21|15|26|30|25|18|16|25|23|25|25|22|19|31|31|23|37|18|29|28|35|35|29|30|34|32|48|31|36|33|39|32|43|35|44|47|43|40|40|35|33|33|48|36|34|32|41|51|39|27|30|46|30|29|33|28|35|36|30|37|56|32|43|41|27|33|34|30|34|46|34|38|40|51|47|50|49|32|47|37|36|40|32|63|37|52|30|45|46|49|41|57|46|42|42|46|50|55|46|60|36|53|46|49|46|39|41|57|49|53|50|46|46|57|47|51|30|50|32|61|39|44|27|54|38|36|29|42|25|41|23|39|14|38|10|36|9|29|13|19|6|23|9|24|15|11|10|18|9|18|8|15|2|15|10|7|6|10|3|8|2|13|2|9|1|6|0|4|3|6|1|5|2|0|3|2|1|1|0|0|0|0|0|34|13|47|65|60|125|4|1|5|2817|3160|5977|
เขตพญาไท |129|129|139|142|149|152|205|151|221|226|217|204|237|208|244|249|254|257|291|253|276|292|284|316|273|286|298|292|291|245|309|272|312|283|321|294|351|316|358|287|344|310|608|311|558|317|435|308|406|314|458|363|402|307|397|280|471|352|425|355|457|399|414|415|442|400|436|449|464|419|472|484|454|464|447|485|425|437|411|510|440|501|463|529|437|557|393|534|465|575|437|578|453|548|427|553|436|520|398|549|408|518|433|526|439|506|450|496|397|513|420|496|412|499|385|485|415|469|328|416|331|450|353|444|299|447|267|404|292|422|306|417|249|381|295|382|225|370|248|360|230|405|250|357|199|313|189|322|195|304|182|341|209|276|152|250|135|231|107|221|125|200|98|172|95|186|93|160|84|166|70|114|87|120|58|117|45|129|56|119|33|76|40|73|28|69|30|49|24|44|14|40|11|30|4|30|8|21|4|14|7|10|20|35|0|0|0|1005|417|1422|358|224|582|15|16|31|29646|32629|62275|
แขวงสามเสนใน|66|60|76|62|75|80|102|73|107|118|104|112|107|100|119|118|129|122|147|115|128|124|137|130|130|137|137|152|123|102|156|139|147|130|178|127|184|153|177|119|185|148|460|142|397|134|270|137|254|145|283|168|256|132|232|115|280|153|237|157|239|183|226|190|242|198|231|200|258|202|244|215|252|204|218|235|219|225|213|224|236|218|228|256|211|257|184|237|225|270|194|262|200|251|193|265|215|227|188|248|203|229|207|229|189|218|188|219|178|225|204|206|198|224|162|214|171|200|135|179|135|178|159|184|141|195|100|182|125|183|119|158|113|156|134|154|82|156|111|171|105|183|112|144|86|127|82|143|84|114|89|148|90|117|56|108|54|91|40|87|45|80|43|73|35|69|38|66|27|70|28|47|36|39|17|42|19|59|12|36|15|27|17|33|11|17|10|17|9|17|5|9|4|13|1|14|4|5|2|4|2|2|8|22|0|0|0|0|0|0|137|89|226|1|0|1|14177|14243|28420|
แขวงพญาไท|63|69|63|80|74|72|103|78|114|108|113|92|130|108|125|131|125|135|144|138|148|168|147|186|143|149|161|140|168|143|153|133|165|153|143|167|167|163|181|168|159|162|148|169|161|183|165|171|152|169|175|195|146|175|165|165|191|199|188|198|218|216|188|225|200|202|205|249|206|217|228|269|202|260|229|250|206|212|198|286|204|283|235|273|226|300|209|297|240|305|243|316|253|297|234|288|221|293|210|301|205|289|226|297|250|288|262|277|219|288|216|290|214|275|223|271|244|269|193|237|196|272|194|260|158|252|167|222|167|239|187|259|136|225|161|228|143|214|137|189|125|222|138|213|113|186|107|179|111|190|93|193|119|159|96|142|81|140|67|134|80|120|55|99|60|117|55|94|57|96|42|67|51|81|41|75|26|70|44|83|18|49|23|40|17|52|20|32|15|27|9|31|7|17|3|16|4|16|2|10|5|8|12|13|0|0|0|1005|417|1422|221|135|356|14|16|30|15469|18386|33855|
เขตธนบุรี |185|141|200|184|238|183|199|185|247|225|269|241|270|248|278|300|314|321|311|330|332|311|315|322|385|394|388|403|414|422|420|425|416|416|429|427|442|475|443|482|489|533|491|564|485|510|473|491|456|517|563|573|539|566|622|571|692|726|657|746|716|759|704|754|723|770|689|797|685|768|680|726|658|627|638|675|583|646|641|666|674|687|700|721|680|726|695|756|665|756|766|769|738|816|674|723|685|807|705|783|646|727|631|739|641|727|618|726|716|732|630|762|655|735|645|807|640|794|641|740|645|766|652|769|576|768|596|771|579|770|578|810|596|794|586|738|541|769|527|719|491|656|475|694|423|605|407|589|395|541|346|545|315|494|272|427|255|401|201|325|196|311|188|286|133|283|148|262|140|229|129|204|105|225|105|190|89|154|85|159|69|134|80|103|57|71|48|97|31|62|25|53|26|35|21|26|12|27|9|13|18|12|58|77|0|0|0|507|410|917|516|420|936|25|19|44|44400|51266|95666|
แขวงวัดกัลยาณ์|17|14|18|12|13|20|13|11|23|16|16|15|24|30|22|18|22|31|14|26|32|27|20|29|32|39|27|30|35|39|47|52|27|45|39|44|35|31|32|40|46|46|27|44|37|34|36|39|29|50|43|49|37|44|42|37|51|62|32|52|48|46|49|51|60|57|36|51|48|47|58|49|48|54|55|39|41|46|51|46|54|47|42|51|46|41|45|54|49|44|57|47|60|49|43|47|43|53|50|55|41|45|47|50|45|52|42|53|67|49|53|64|52|43|65|45|49|62|55|74|58|58|64|71|47|69|46|80|55|67|53|74|48|71|52|54|39|44|42|58|43|63|33|37|36|48|32|38|35|49|31|46|20|49|23|40|20|37|18|31|17|25|16|22|14|25|14|18|14|19|22|20|7|20|15|16|10|16|14|18|9|13|9|6|9|6|5|15|2|6|3|6|4|3|2|1|2|2|2|1|0|1|10|5|0|0|0|25|13|38|37|31|68|0|0|0|3444|3929|7373|
แขวงหิรัญรูจี|14|16|19|16|26|23|17|20|23|29|27|25|30|23|31|39|44|39|33|28|32|43|41|35|58|50|56|48|44|52|61|42|49|54|41|66|51|40|45|49|42|55|50|50|54|51|51|58|59|66|56|67|62|62|68|55|96|71|74|78|75|70|68|82|73|80|70|76|66|68|67|66|50|66|64|65|59|66|66|65|61|63|49|60|77|71|73|62|60|69|75|63|82|75|63|71|68|80|63|82|73|79|59|84|65|93|69|71|76|69|64|84|53|65|74|71|56|79|65|83|68|93|82|83|63|77|71|107|66|91|65|100|71|92|53|79|79|89|51|75|56|80|55|80|54|68|47|59|45|67|40|60|28|57|32|45|25|54|20|33|24|36|16|35|17|35|14|27|22|29|14|23|16|27|8|28|11|17|11|29|11|19|9|14|9|12|6|14|7|10|10|11|3|6|6|0|4|6|2|1|6|3|8|12|0|0|0|85|77|162|68|43|111|0|0|0|4795|5531|10326|
แขวงบางยี่เรือ|42|27|30|37|61|44|44|54|50|53|57|58|59|43|64|64|67|79|68|75|67|59|69|63|76|88|81|83|88|90|89|86|87|88|96|80|87|92|99|88|100|94|114|99|92|103|114|110|99|95|96|128|101|115|109|113|137|115|127|126|127|121|136|119|113|112|125|133|142|114|124|97|126|102|115|101|106|79|125|118|126|99|125|125|130|111|112|127|124|106|136|132|116|141|136|110|110|138|131|143|132|110|114|142|142|124|107|134|147|130|130|153|123|157|105|145|110|163|129|136|140|178|112|160|120|155|115|130|117|135|109|148|113|139|125|125|113|155|93|151|90|117|97|131|73|107|77|114|77|102|75|104|52|82|53|78|44|86|41|63|37|54|35|56|30|49|39|52|31|43|24|35|25|32|23|31|12|29|17|26|16|32|20|16|9|10|13|19|6|10|2|10|2|5|2|6|1|4|2|3|4|3|11|14|0|0|0|21|10|31|112|86|198|1|0|1|8525|9266|17791|
แขวงบุคคโล|29|21|36|32|36|19|43|25|47|40|35|45|35|50|38|52|54|43|51|51|75|47|58|57|48|57|56|70|72|56|63|74|73|76|71|63|71|92|82|111|100|130|98|145|86|108|69|70|62|80|82|87|78|67|96|79|89|109|89|89|106|104|118|109|125|123|129|132|121|126|121|126|105|127|106|129|102|128|95|101|115|110|138|140|116|148|119|159|113|169|133|174|134|174|100|146|132|170|122|157|127|120|106|133|103|129|104|156|124|139|103|115|129|112|109|136|130|129|92|104|87|97|105|117|70|107|91|103|80|110|77|112|65|114|68|100|70|101|58|97|71|72|54|90|50|82|50|87|56|60|41|69|47|56|26|50|34|42|21|39|30|44|28|31|10|25|15|26|12|17|16|25|14|33|10|20|17|21|6|17|4|13|8|10|6|7|5|9|2|7|3|4|1|5|3|3|0|2|0|3|2|1|2|10|0|0|0|346|284|630|66|49|115|23|19|42|7249|8460|15709|
แขวงตลาดพลู|28|27|27|30|26|30|20|30|31|25|39|33|38|32|38|41|40|34|50|43|49|53|34|47|55|47|60|59|65|55|54|55|53|51|56|47|65|70|56|64|62|75|66|79|64|75|64|71|71|70|98|84|92|124|133|128|137|181|149|182|160|203|137|174|153|172|130|183|124|167|125|166|116|116|108|120|90|121|96|114|125|137|111|127|102|144|102|124|106|134|120|121|123|125|121|99|101|135|119|120|89|129|97|107|91|107|98|87|97|116|99|102|102|108|94|136|101|122|95|116|97|114|99|113|91|132|94|121|101|108|87|110|79|108|84|129|82|132|86|109|73|101|87|111|60|87|55|89|49|85|53|78|42|82|48|65|41|69|43|55|41|45|34|50|18|51|24|41|23|42|20|34|18|35|14|28|14|28|11|30|12|21|12|19|10|10|2|9|3|8|0|8|4|5|2|4|0|3|2|1|1|0|9|13|0|0|0|14|9|23|88|57|145|0|0|0|6979|8423|15402|
แขวงดาวคะนอง|39|21|43|35|48|27|31|26|49|35|55|43|54|37|50|53|55|55|51|54|43|46|63|51|64|67|65|69|53|64|59|65|68|59|72|66|75|94|70|75|77|75|75|86|77|78|88|91|73|83|95|90|88|84|101|87|100|100|105|131|113|132|112|132|131|138|117|141|112|162|107|158|129|101|113|141|114|128|140|132|108|156|137|141|126|121|149|142|124|135|145|130|141|152|109|135|142|133|119|134|107|130|104|125|94|120|97|114|105|114|90|144|99|123|102|149|94|122|123|126|103|115|95|110|100|113|98|107|92|128|114|145|108|139|115|116|75|116|92|111|75|129|69|116|82|100|84|101|71|91|53|94|63|90|41|79|42|59|28|49|19|60|32|49|16|50|23|53|23|46|17|32|12|37|15|36|13|26|12|20|6|14|8|16|7|12|8|21|5|9|0|7|4|6|2|8|2|2|1|2|2|3|7|10|0|0|0|0|0|0|88|95|183|1|0|1|7412|8680|16092|
แขวงสำเหร่|16|15|27|22|28|20|31|19|24|27|40|22|30|33|35|33|32|40|44|53|34|36|30|40|52|46|43|44|57|66|47|51|59|43|54|61|58|56|59|55|62|58|61|61|75|61|51|52|63|73|93|68|81|70|73|72|82|88|81|88|87|83|84|87|68|88|82|81|72|84|78|64|84|61|77|80|71|78|68|90|85|75|98|77|83|90|95|88|89|99|100|102|82|100|102|115|89|98|101|92|77|114|104|98|101|102|101|111|100|115|91|100|97|127|96|125|100|117|82|101|92|111|95|115|85|115|81|123|68|131|73|121|112|131|89|135|83|132|105|118|83|94|80|129|68|113|62|101|62|87|53|94|63|78|49|70|49|54|30|55|28|47|27|43|28|48|19|45|15|33|16|35|13|41|20|31|12|17|14|19|11|22|14|22|7|14|9|10|6|12|7|7|8|5|4|4|3|8|0|2|3|1|11|13|0|0|0|16|17|33|57|59|116|0|0|0|5996|6977|12973|
เขตบางกอกใหญ่ |104|80|113|104|123|121|127|105|143|163|144|142|173|167|183|165|190|159|183|164|207|212|192|234|206|201|274|250|235|237|246|223|228|219|256|280|256|271|279|307|266|273|326|241|301|317|319|308|328|311|363|323|330|338|351|353|432|407|453|408|481|478|458|431|455|469|447|439|441|435|426|431|372|402|423|394|378|380|384|416|384|443|398|432|392|441|368|448|368|423|432|472|479|455|412|479|435|453|428|523|392|478|441|435|381|442|427|474|427|444|372|473|350|470|380|464|380|441|355|491|419|512|388|543|364|518|383|491|375|442|389|527|389|509|338|486|292|473|337|459|317|435|317|451|278|438|269|394|249|418|252|349|218|361|208|331|167|261|148|231|121|222|111|211|105|185|84|167|105|181|80|139|83|147|86|123|63|115|53|91|50|76|44|68|25|55|38|50|17|38|13|32|8|20|5|10|7|10|4|11|4|8|23|20|0|0|0|171|105|276|277|275|552|6|0|6|27277|31527|58804|
แขวงวัดอรุณ|11|13|21|19|23|21|13|19|16|27|21|27|32|20|33|21|37|32|30|26|40|41|26|39|29|38|49|48|36|31|43|40|38|44|34|57|46|44|49|50|55|38|63|29|54|46|68|63|71|52|72|42|79|60|79|56|82|56|106|58|97|69|102|55|92|77|78|70|60|56|71|66|54|47|63|72|64|62|62|54|63|70|60|62|57|79|67|72|66|62|84|78|85|76|73|67|66|67|69|75|61|67|67|62|70|64|67|62|82|64|56|77|57|82|60|83|65|84|67|90|78|82|68|79|69|77|81|85|84|92|76|110|68|89|72|90|58|98|71|87|60|93|63|79|60|89|51|67|50|66|43|68|44|72|44|59|31|49|28|37|23|39|27|42|21|46|20|35|18|37|22|28|21|29|11|25|11|25|22|26|20|18|17|19|8|11|13|12|2|11|4|12|4|5|2|5|4|3|1|1|2|2|6|6|0|0|0|171|105|276|27|25|52|0|0|0|5117|5363|10480|
แขวงวัดท่าพระ|93|67|92|85|100|100|114|86|127|136|123|115|141|147|150|144|153|127|153|138|167|171|166|195|177|163|225|202|199|206|203|183|190|175|222|223|210|227|230|257|211|235|263|212|247|271|251|245|257|259|291|281|251|278|272|297|350|351|347|350|384|409|356|376|363|392|369|369|381|379|355|365|318|355|360|322|314|318|322|362|321|373|338|370|335|362|301|376|302|361|348|394|394|379|339|412|369|386|359|448|331|411|374|373|311|378|360|412|345|380|316|396|293|388|320|381|315|357|288|401|341|430|320|464|295|441|302|406|291|350|313|417|321|420|266|396|234|375|266|372|257|342|254|372|218|349|218|327|199|352|209|281|174|289|164|272|136|212|120|194|98|183|84|169|84|139|64|132|87|144|58|111|62|118|75|98|52|90|31|65|30|58|27|49|17|44|25|38|15|27|9|20|4|15|3|5|3|7|3|10|2|6|17|14|0|0|0|0|0|0|250|250|500|6|0|6|22160|26164|48324|
เขตห้วยขวาง |154|159|238|206|252|195|237|230|269|243|300|260|315|295|282|282|335|317|327|318|307|279|314|344|350|320|343|346|320|349|329|324|322|330|321|346|335|348|353|345|366|370|368|390|321|385|355|382|336|357|403|464|372|476|430|466|500|598|548|605|599|694|616|716|678|777|656|815|661|800|691|860|654|918|681|873|630|788|728|896|703|918|677|884|707|994|689|1037|747|1018|698|941|724|915|651|914|606|849|569|780|565|761|526|712|539|691|505|695|524|671|477|661|456|587|462|608|413|612|422|567|402|541|408|603|423|537|380|528|358|560|364|501|354|496|335|490|301|502|303|464|289|454|290|473|293|407|282|455|243|425|234|377|243|386|200|310|186|300|173|225|145|198|130|209|124|201|119|178|104|178|78|128|82|123|58|120|60|105|57|105|35|70|45|67|25|50|26|52|13|40|19|29|14|21|13|12|11|14|12|13|5|4|31|48|0|0|0|876|799|1675|894|629|1523|19|18|37|37312|46726|84038|
แขวงห้วยขวาง|37|57|66|64|77|63|76|66|83|70|91|67|112|99|89|99|93|102|96|99|81|77|87|108|79|69|105|92|90|96|83|77|83|84|82|91|101|100|78|96|96|96|105|113|92|111|99|102|86|109|108|145|129|133|124|136|160|211|195|218|195|244|205|257|236|257|214|316|234|261|214|310|210|310|226|318|182|303|241|288|235|369|230|285|241|370|265|345|255|352|237|326|238|315|203|320|176|260|169|283|175|255|151|206|172|231|155|218|160|214|139|210|125|189|137|204|112|192|133|164|115|170|120|172|124|169|109|164|90|173|95|148|120|168|94|146|92|147|88|139|82|150|84|132|86|103|74|128|62|108|77|93|62|130|57|95|56|78|55|79|40|53|39|62|33|57|38|52|27|44|26|28|22|30|15|41|17|23|17|23|11|22|13|19|8|15|7|13|5|12|3|9|4|3|2|2|1|1|1|4|1|1|2|12|0|0|0|876|799|1675|414|266|680|19|16|35|12131|15521|27652|
แขวงบางกะปิ|49|40|68|65|67|56|67|61|75|61|78|76|73|70|81|64|89|76|75|80|83|62|82|91|94|99|85|89|52|84|78|96|80|81|78|94|84|91|93|87|111|98|95|96|76|82|80|94|101|89|98|106|78|137|110|132|124|125|136|152|133|165|173|172|176|209|166|206|170|225|188|236|175|241|183|223|172|193|201|258|180|219|158|240|155|238|151|240|177|258|172|244|167|203|175|210|146|217|142|155|151|175|134|157|126|157|126|162|133|176|125|166|118|142|128|126|110|135|105|126|96|125|113|136|108|119|93|126|99|109|87|118|78|82|85|101|64|104|62|88|48|85|52|103|57|86|48|94|48|76|37|76|55|78|34|51|30|75|27|42|32|35|36|42|21|41|26|39|23|41|22|32|19|21|13|21|19|31|15|24|5|14|16|15|6|12|9|12|4|10|6|8|5|7|8|3|5|5|7|3|3|1|17|18|0|0|0|0|0|0|276|188|464|0|1|1|9070|11006|20076|
แขวงสามเสนนอก|68|62|104|77|108|76|94|103|111|112|131|117|130|126|112|119|153|139|156|139|143|140|145|145|177|152|153|165|178|169|168|151|159|165|161|161|150|157|182|162|159|176|168|181|153|192|176|186|149|159|197|213|165|206|196|198|216|262|217|235|271|285|238|287|266|311|276|293|257|314|289|314|269|367|272|332|276|292|286|350|288|330|289|359|311|386|273|452|315|408|289|371|319|397|273|384|284|372|258|342|239|331|241|349|241|303|224|315|231|281|213|285|213|256|197|278|191|285|184|277|191|246|175|295|191|249|178|238|169|278|182|235|156|246|156|243|145|251|153|237|159|219|154|238|150|218|160|233|133|241|120|208|126|178|109|164|100|147|91|104|73|110|55|105|70|103|55|87|54|93|30|68|41|72|30|58|24|51|25|58|19|34|16|33|11|23|10|27|4|18|10|12|5|11|3|7|5|8|4|6|1|2|12|18|0|0|0|0|0|0|204|175|379|0|1|1|16111|20199|36310|
เขตคลองสาน |89|91|105|105|126|120|135|122|124|158|163|160|166|163|175|157|188|189|203|185|190|218|218|220|241|251|256|263|230|246|246|243|230|232|273|277|283|282|264|281|284|274|273|297|273|277|270|294|276|296|370|356|308|349|337|369|377|419|367|438|440|427|399|434|377|394|404|439|377|407|390|376|381|388|357|459|345|427|379|395|378|432|410|418|450|470|382|459|411|494|442|510|445|520|411|495|424|467|446|478|397|438|377|446|428|464|380|483|410|508|401|469|374|478|368|516|386|484|358|495|402|521|407|531|373|524|363|503|379|506|406|524|347|565|349|520|384|478|345|481|308|443|315|476|300|463|293|432|272|424|261|384|258|386|213|341|201|286|139|248|128|230|115|215|111|169|105|160|85|162|86|135|74|155|72|112|62|96|51|119|41|89|33|72|31|58|25|40|27|45|23|20|16|34|10|17|14|15|6|7|7|7|41|33|0|0|0|877|751|1628|967|734|1701|13|17|30|28302|33530|61832|
แขวงสมเด็จเจ้าพระยา|16|10|17|15|16|20|19|24|20|25|28|26|31|28|24|21|31|32|34|23|22|39|48|40|53|50|50|52|50|42|51|49|41|42|43|42|51|64|49|39|53|45|51|61|52|50|53|48|39|57|54|64|50|47|52|46|57|62|70|59|67|64|61|54|59|55|69|73|70|58|83|50|53|66|68|74|55|65|58|59|65|56|58|64|69|73|61|66|62|82|70|81|79|72|72|82|67|76|78|80|82|83|60|86|85|77|61|77|55|88|72|83|69|74|58|79|68|77|66|79|62|101|63|87|85|108|63|88|68|93|77|85|64|99|68|104|74|86|68|89|69|90|73|99|51|89|56|79|63|85|51|75|42|74|39|63|56|66|34|49|19|37|13|48|20|34|28|31|16|32|21|25|18|37|21|22|12|18|16|27|5|22|8|14|8|7|6|9|5|10|3|5|5|7|2|3|2|5|1|0|2|2|6|8|0|0|0|190|136|326|187|151|338|2|0|2|5067|5774|10841|
แขวงคลองสาน|16|11|16|11|24|17|25|18|24|28|27|21|28|30|32|30|30|27|37|37|31|31|39|43|44|49|48|48|34|55|43|42|52|35|46|43|49|46|62|48|52|51|62|54|45|49|58|64|57|58|76|70|53|62|63|75|71|93|60|88|84|59|76|87|60|65|61|73|65|70|71|64|62|55|52|72|47|59|57|57|64|69|77|62|84|68|63|66|73|75|66|74|68|91|67|72|83|66|81|68|62|76|59|63|81|71|68|75|90|86|79|65|76|72|74|78|78|78|60|87|88|80|85|96|66|82|63|88|63|68|74|88|60|74|64|100|58|75|66|69|47|65|59|78|57|72|58|67|42|75|40|80|39|70|31|61|23|45|23|41|23|45|19|43|14|29|20|27|9|27|13|19|9|21|11|15|10|15|4|19|11|17|3|8|11|8|4|6|8|11|8|1|3|3|1|3|5|1|0|2|2|2|7|7|0|0|0|632|583|1215|180|182|362|7|17|24|5512|6042|11554|
แขวงบางลำภูล่าง|23|38|44|49|50|48|41|38|39|58|66|51|59|60|65|52|66|78|70|64|79|83|78|76|80|91|87|96|88|90|100|87|93|90|113|113|98|104|88|103|104|97|85|93|103|88|80|94|105|110|131|125|113|140|113|133|152|158|132|172|170|170|149|160|148|144|158|158|143|146|134|134|149|136|127|162|114|160|152|150|117|149|151|161|159|168|141|160|155|182|166|194|159|188|145|183|156|171|155|177|145|138|148|156|150|180|148|174|155|172|134|178|135|196|123|197|123|174|136|165|142|194|144|201|117|179|143|187|127|194|145|194|133|220|127|188|139|178|121|192|120|178|119|163|111|173|98|167|91|153|93|141|94|146|104|122|67|98|46|99|48|84|45|82|48|66|34|60|45|64|37|53|30|58|31|50|24|35|18|44|16|24|12|34|6|29|8|14|8|16|5|7|6|15|6|5|5|7|3|4|1|1|14|10|0|0|0|25|20|45|346|267|613|2|0|2|9994|12078|22072|
แขวงคลองต้นไทร|34|32|28|30|36|35|50|42|41|47|42|62|48|45|54|54|61|52|62|61|58|65|53|61|64|61|71|67|58|59|52|65|44|65|71|79|85|68|65|91|75|81|75|89|73|90|79|88|75|71|109|97|92|100|109|115|97|106|105|119|119|134|113|133|110|130|116|135|99|133|102|128|117|131|110|151|129|143|112|129|132|158|124|131|138|161|117|167|121|155|140|161|139|169|127|158|118|154|132|153|108|141|110|141|112|136|103|157|110|162|116|143|94|136|113|162|117|155|96|164|110|146|115|147|105|155|94|140|121|151|110|157|90|172|90|128|113|139|90|131|72|110|64|136|81|129|81|119|76|111|77|88|83|96|39|95|55|77|36|59|38|64|38|42|29|40|23|42|15|39|15|38|17|39|9|25|16|28|13|29|9|26|10|16|6|14|7|11|6|8|7|7|2|9|1|6|2|2|2|1|2|2|14|8|0|0|0|30|12|42|254|134|388|2|0|2|7729|9636|17365|
เขตตลิ่งชัน |227|194|280|215|263|252|266|248|309|279|350|307|374|341|326|349|391|380|375|342|421|408|462|412|435|381|509|474|512|450|498|452|492|479|517|484|531|486|480|512|511|506|511|491|507|519|513|527|517|533|617|564|541|547|599|593|681|678|677|654|734|742|693|724|671|633|638|660|637|653|682|647|600|629|658|660|601|625|638|651|646|696|630|673|656|793|688|761|755|776|739|838|736|888|693|781|734|826|731|843|688|802|657|786|639|761|717|784|667|854|703|880|651|838|640|932|706|889|668|894|705|918|727|922|662|927|709|879|622|860|643|896|606|880|576|841|556|773|592|783|547|764|505|740|479|665|458|634|384|628|374|592|363|559|348|472|288|438|263|378|206|354|207|320|196|249|150|258|162|250|129|189|105|206|97|164|99|154|73|131|79|118|57|91|36|63|35|57|18|53|21|32|11|30|5|18|9|17|7|14|3|10|24|23|0|0|0|215|152|367|349|263|612|3|1|4|46691|53742|100433|
แขวงคลองชักพระ|19|17|21|13|18|19|20|17|29|21|26|28|31|31|34|34|39|40|27|19|35|40|48|26|34|28|47|50|51|43|42|40|52|37|47|44|46|44|44|38|43|35|49|40|48|47|42|46|44|38|58|54|49|45|48|54|70|68|65|58|74|58|60|63|53|54|58|54|43|51|53|62|47|56|53|55|56|53|56|58|59|50|49|58|47|74|65|70|68|71|62|70|64|73|68|79|65|91|73|81|71|96|75|79|68|70|63|82|79|86|76|77|75|79|64|87|56|93|55|76|60|87|54|82|71|88|60|81|66|79|57|90|60|82|49|84|41|82|58|70|42|71|42|70|39|66|30|58|34|53|22|48|33|36|21|35|13|38|26|45|17|39|19|32|18|18|12|18|11|12|17|13|14|22|10|24|6|19|8|15|5|11|2|10|1|6|4|2|3|2|0|3|0|3|0|0|2|1|0|0|0|1|8|2|0|0|0|215|152|367|26|27|53|0|0|0|4357|4997|9354|
แขวงตลิ่งชัน|38|33|56|44|61|42|55|49|59|52|63|70|61|70|63|88|81|66|74|67|82|90|96|92|86|95|114|110|131|110|131|106|108|112|135|94|117|102|115|112|98|123|114|116|104|104|132|104|133|127|153|127|127|117|136|117|150|148|128|143|167|170|158|163|150|157|147|166|148|156|151|159|151|148|140|168|139|146|155|136|162|170|144|140|146|189|164|191|171|184|182|197|182|231|143|174|174|200|166|202|173|185|144|169|152|183|179|180|153|184|171|195|134|193|122|215|161|195|139|201|162|207|153|207|150|206|160|202|137|189|139|219|124|202|146|169|133|156|142|187|119|185|105|175|106|169|92|146|88|143|94|154|93|138|99|124|77|99|63|98|51|95|60|68|50|60|35|72|37|57|29|48|29|47|28|46|31|44|21|32|22|31|18|25|12|15|8|9|1|10|5|6|3|2|1|6|2|4|1|1|0|2|4|10|0|0|0|0|0|0|61|55|116|0|0|0|10560|12297|22857|
แขวงฉิมพลี|43|38|65|38|56|55|51|51|57|68|91|63|83|71|72|61|75|87|95|92|85|86|103|91|84|85|99|108|103|91|92|101|120|99|101|114|109|107|93|106|115|112|107|91|108|111|113|112|95|107|147|131|123|116|156|147|150|158|144|128|155|180|162|170|149|125|133|161|161|151|160|151|133|139|143|143|122|140|136|150|136|163|142|158|162|176|141|168|172|169|171|206|159|207|167|183|188|181|180|203|140|185|134|165|152|177|148|179|151|195|147|213|158|178|147|196|159|199|161|221|174|211|180|214|142|209|174|200|143|193|156|208|125|219|145|222|131|172|140|197|135|181|114|184|114|158|139|154|85|164|107|164|102|148|85|124|85|133|81|101|46|92|53|81|59|65|50|65|46|83|36|48|27|54|20|37|26|34|20|21|16|29|7|22|13|19|15|25|6|19|7|8|4|9|1|4|0|5|3|3|0|3|3|4|0|0|0|0|0|0|48|46|94|0|0|0|10567|12389|22956|
แขวงบางพรม|32|32|30|33|32|27|26|44|38|33|46|41|52|54|40|45|48|60|51|48|61|55|62|47|73|39|73|61|62|49|77|55|54|73|71|63|71|58|67|73|67|73|55|67|66|70|66|61|62|72|79|74|67|70|80|80|89|89|96|88|107|91|95|102|87|93|81|74|87|74|89|78|69|76|88|93|84|87|72|79|86|92|85|105|95|81|98|81|97|85|86|107|95|103|77|86|81|94|96|99|83|89|86|88|69|88|84|94|89|121|90|110|72|114|85|109|92|113|102|128|110|114|100|120|94|118|90|116|88|121|100|98|87|112|60|118|79|102|81|91|76|90|78|100|62|91|67|84|59|92|49|70|34|67|39|67|39|50|28|52|29|36|27|49|19|35|10|30|19|28|13|34|12|30|12|22|11|16|11|12|14|18|7|9|2|9|2|8|4|11|2|4|2|1|1|4|1|2|1|4|0|1|5|3|0|0|0|0|0|0|30|19|49|0|0|0|6054|6826|12880|
แขวงบางระมาด|54|47|65|52|66|72|78|56|71|70|55|71|92|72|74|70|92|89|75|69|101|91|90|88|88|82|109|85|98|86|94|91|92|99|91|90|119|110|92|116|118|104|116|103|111|124|94|119|112|116|104|112|110|122|113|120|136|143|141|143|139|138|151|138|131|128|142|128|133|136|144|125|134|134|136|127|123|126|141|147|127|131|133|147|124|178|143|165|156|151|153|157|157|151|127|163|140|145|119|145|115|144|127|163|117|146|159|156|112|174|147|165|131|178|133|207|146|175|142|172|132|198|160|177|134|197|143|176|132|209|119|198|142|168|123|148|130|167|125|161|128|148|106|140|122|123|89|139|82|114|61|107|66|124|67|88|49|76|49|50|49|64|34|65|39|48|27|48|36|52|27|32|18|41|20|27|21|27|10|35|14|22|14|18|5|11|4|9|3|6|6|8|2|7|0|3|2|5|1|4|3|2|2|2|0|0|0|0|0|0|80|42|122|2|0|2|9511|10838|20349|
แขวงบางเชือกหนัง|41|27|43|35|30|37|36|31|55|35|69|34|55|43|43|51|56|38|53|47|57|46|63|68|70|52|67|60|67|71|62|59|66|59|72|79|69|65|69|67|70|59|70|74|70|63|66|85|71|73|76|66|65|77|66|75|86|72|103|94|92|105|67|88|101|76|77|77|65|85|85|72|66|76|98|74|77|73|78|81|76|90|77|65|82|95|77|86|91|116|85|101|79|123|111|96|86|115|97|113|106|103|91|122|81|97|84|93|83|94|72|120|81|96|89|118|92|114|69|96|67|101|80|122|71|109|82|104|56|69|72|83|68|97|53|100|42|94|46|77|47|89|60|71|36|58|41|53|36|62|41|49|35|46|37|34|25|42|16|32|14|28|14|25|11|23|16|25|13|18|7|14|5|12|7|8|4|14|3|16|8|7|9|7|3|3|2|4|1|5|1|3|0|8|2|1|2|0|1|2|0|1|2|2|0|0|0|0|0|0|104|74|178|1|1|2|5642|6395|12037|
เขตบางกอกน้อย |152|161|180|153|200|190|178|186|214|211|226|236|283|215|266|259|297|290|288|265|302|274|311|337|320|314|361|377|397|361|354|336|372|336|416|373|414|422|413|388|436|427|466|445|445|420|463|460|434|451|526|557|529|507|595|540|645|617|699|658|692|712|664|655|664|647|591|639|638|662|624|615|596|637|605|659|585|602|592|582|592|612|603|632|607|632|653|689|661|721|617|678|629|740|629|658|598|719|625|738|651|709|601|752|576|709|656|718|654|800|602|746|539|744|671|802|615|803|581|755|637|833|647|878|650|863|609|884|627|849|625|811|624|827|592|847|590|807|591|851|564|778|505|755|447|767|429|733|419|629|407|570|384|577|331|502|295|486|263|403|231|355|220|332|200|311|145|298|157|298|128|241|127|275|131|245|123|198|109|189|99|165|96|127|85|109|67|91|56|85|43|68|36|43|19|43|34|35|35|32|22|20|119|110|0|0|0|1195|884|2079|330|298|628|55|56|111|43891|51091|94982|
แขวงศิริราช|12|16|16|13|18|19|18|16|17|22|19|26|24|22|21|28|27|28|43|20|34|31|40|41|41|41|43|42|53|41|38|41|46|34|54|45|64|55|65|48|90|46|74|39|47|46|51|49|55|43|61|56|66|49|74|54|79|44|82|59|65|61|86|58|73|51|57|49|65|63|56|63|59|57|62|51|73|51|63|52|64|48|63|57|64|66|82|47|74|56|69|51|61|57|71|62|63|65|73|64|60|59|59|59|65|50|68|64|73|77|56|61|57|74|73|71|62|83|71|72|92|77|64|95|74|72|70|79|74|73|80|81|83|84|71|87|64|85|61|81|60|101|72|70|47|84|57|77|41|75|58|55|49|70|35|60|38|59|29|47|26|32|29|25|28|35|12|28|25|38|23|35|16|32|15|24|16|15|17|26|15|19|21|13|17|14|15|17|13|17|8|13|7|8|3|9|10|6|8|9|7|6|27|28|0|0|0|448|416|864|65|49|114|47|50|97|5496|5389|10885|
แขวงบ้านช่างหล่อ|41|43|40|35|50|39|49|44|58|54|47|61|69|69|66|81|73|77|82|83|92|73|96|94|79|73|100|114|117|113|92|109|93|91|118|129|120|109|111|103|115|124|138|127|130|127|137|137|126|138|145|174|161|155|189|157|203|170|236|200|204|203|206|175|190|201|168|179|183|178|171|161|176|168|164|181|167|157|154|169|165|144|159|164|152|169|174|196|160|209|154|171|169|191|178|167|168|198|176|195|181|205|174|207|169|177|198|210|188|206|160|213|160|204|177|229|192|220|196|233|190|227|178|247|201|281|179|260|180|222|173|220|160|207|167|252|155|210|195|221|154|224|133|218|119|203|125|196|99|173|107|161|105|159|89|149|85|147|91|91|69|102|54|107|61|104|48|82|42|87|35|74|46|91|37|74|41|69|37|53|26|48|26|40|18|36|19|30|21|21|14|23|16|15|6|11|9|12|13|11|6|9|52|47|0|0|0|45|24|69|67|70|137|4|1|5|12103|14092|26195|
แขวงบางขุนนนท์|19|15|21|17|32|22|10|24|21|21|28|20|42|25|28|33|32|36|18|27|22|33|28|32|36|27|40|45|39|42|44|41|43|33|46|32|41|48|41|39|42|38|53|63|39|36|35|47|36|40|40|42|56|46|56|47|57|63|65|51|66|67|42|66|56|62|50|63|69|70|60|66|56|63|61|53|46|75|69|61|51|65|64|79|67|69|52|68|65|76|67|63|57|75|63|62|59|66|59|64|61|69|51|62|58|73|63|70|56|82|76|72|53|64|79|70|50|98|54|60|63|85|66|88|52|65|51|78|53|82|66|83|49|95|50|72|67|63|50|99|56|66|52|54|31|84|47|64|45|46|29|58|38|45|33|46|27|31|14|48|22|32|16|38|19|27|13|22|21|28|19|15|11|18|14|19|14|17|6|16|11|16|4|13|10|13|8|8|4|7|7|3|1|4|1|5|4|4|3|1|4|0|7|8|0|0|0|658|410|1068|32|26|58|0|1|1|4738|5241|9979|
แขวงบางขุนศรี|48|50|70|63|70|71|62|67|72|81|87|82|99|52|94|59|106|80|88|89|95|81|89|105|101|102|116|112|112|103|114|99|120|106|115|103|109|118|130|127|112|126|121|146|132|108|147|155|137|135|184|193|147|162|190|183|201|207|200|234|215|245|218|224|211|206|184|226|235|218|219|208|200|212|198|235|199|205|208|185|184|231|194|206|213|201|206|221|235|233|200|253|202|257|178|211|208|233|195|247|219|239|192|274|171|243|192|233|218|262|199|238|166|250|209|255|210|243|167|232|196|296|210|296|216|281|180|279|194|299|181|285|213|264|198|290|191|273|182|280|158|236|164|241|156|263|132|259|137|203|126|185|110|198|109|156|100|173|82|132|69|106|77|96|58|85|41|106|36|83|36|70|37|89|39|72|30|56|23|42|23|42|30|34|18|28|11|19|11|16|10|16|5|9|6|12|6|9|6|4|1|3|12|8|0|0|0|21|15|36|96|93|189|0|1|1|13450|16328|29778|
แขวงอรุณอมรินทร์|32|37|33|25|30|39|39|35|46|33|45|47|49|47|57|58|59|69|57|46|59|56|58|65|63|71|62|64|76|62|66|46|70|72|83|64|80|92|66|71|77|93|80|70|97|103|93|72|80|95|96|92|99|95|86|99|105|133|116|114|142|136|112|132|134|127|132|122|86|133|118|117|105|137|120|139|100|114|98|115|128|124|123|126|111|127|139|157|127|147|127|140|140|160|139|156|100|157|122|168|130|137|125|150|113|166|135|141|119|173|111|162|103|152|133|177|101|159|93|158|96|148|129|152|107|164|129|188|126|173|125|142|119|177|106|146|113|176|103|170|136|151|84|172|94|133|68|137|97|132|87|111|82|105|65|91|45|76|47|85|45|83|44|66|34|60|31|60|33|62|15|47|17|45|26|56|22|41|26|52|24|40|15|27|22|18|14|17|7|24|4|13|7|7|3|6|5|4|5|7|4|2|21|19|0|0|0|23|19|42|70|60|130|4|3|7|8104|10041|18145|
เขตบางขุนเทียน |468|427|591|521|612|620|662|619|734|670|775|799|878|801|960|892|934|925|997|998|1069|1008|1137|1058|1139|1122|1294|1209|1152|1125|1123|1060|1203|1105|1186|1082|1192|1172|1221|1115|1144|1158|1195|1148|1111|1199|1159|1203|1090|1129|1195|1274|1124|1163|1102|1218|1361|1447|1347|1402|1327|1317|1277|1286|1267|1338|1212|1372|1243|1324|1174|1327|1096|1273|1189|1340|1066|1273|1141|1340|1272|1480|1267|1571|1285|1557|1367|1709|1469|1671|1495|1725|1448|1741|1429|1657|1404|1803|1528|1668|1364|1608|1329|1625|1311|1584|1303|1586|1271|1634|1325|1531|1210|1515|1257|1509|1226|1477|1202|1473|1214|1492|1134|1508|1081|1328|1018|1366|913|1245|933|1222|883|1164|811|1040|722|1012|682|927|619|896|608|867|603|802|492|719|441|663|434|626|383|552|321|487|260|379|225|329|220|332|208|305|152|249|145|227|131|230|96|164|100|186|87|172|59|150|61|133|60|79|24|67|36|65|26|52|23|45|13|26|11|29|7|16|16|23|7|14|5|7|44|37|0|0|0|661|491|1152|825|708|1533|27|16|43|86730|98430|185160|
แขวงท่าข้าม|176|174|209|175|208|249|244|218|247|253|271|281|313|274|331|293|318|325|337|322|370|333|360|363|376|365|440|394|358|362|346|346|394|372|392|339|400|403|413|363|383|414|391|401|386|393|408|400|370|404|394|438|396|388|394|447|490|479|465|484|456|494|454|468|447|486|421|496|443|453|416|469|384|422|401|473|336|419|393|435|444|543|441|536|438|526|488|580|543|595|505|613|486|627|484|586|493|633|527|571|513|561|459|565|445|579|478|559|451|564|471|570|440|538|481|499|437|529|453|505|440|520|367|514|396|464|377|449|312|375|311|402|307|415|251|321|266|324|227|284|214|276|190|262|193|267|162|234|149|190|129|199|127|168|92|144|71|114|71|88|72|106|59|105|53|77|50|69|30|78|35|58|33|67|31|62|15|48|19|42|26|28|8|24|12|18|7|16|8|20|4|8|5|7|3|3|5|8|3|5|1|2|13|20|0|0|0|144|108|252|248|213|461|7|5|12|29751|33553|63304|
แขวงแสมดำ|292|253|382|346|404|371|418|401|487|417|504|518|565|527|629|599|616|600|660|676|699|675|777|695|763|757|854|815|794|763|777|714|809|733|794|743|792|769|808|752|761|744|804|747|725|806|751|803|720|725|801|836|728|775|708|771|871|968|882|918|871|823|823|818|820|852|791|876|800|871|758|858|712|851|788|867|730|854|748|905|828|937|826|1035|847|1031|879|1129|926|1076|990|1112|962|1114|945|1071|911|1170|1001|1097|851|1047|870|1060|866|1005|825|1027|820|1070|854|961|770|977|776|1010|789|948|749|968|774|972|767|994|685|864|641|917|601|870|622|820|576|749|560|719|456|688|455|643|405|620|418|605|410|535|330|485|292|473|305|427|256|384|229|343|189|265|154|241|148|226|149|200|99|172|95|158|101|152|61|106|67|119|56|110|44|102|42|91|34|51|16|43|24|47|19|36|15|25|9|18|6|22|4|13|11|15|4|9|4|5|31|17|0|0|0|517|383|900|577|495|1072|20|11|31|56979|64877|121856|
เขตภาษีเจริญ |217|224|290|283|311|304|330|290|353|350|384|341|394|397|438|395|438|406|517|423|500|446|538|472|534|514|562|557|560|555|574|526|548|517|560|580|632|575|639|573|593|603|612|668|588|629|592|670|606|632|717|733|677|703|741|794|823|947|917|1011|953|1114|952|1024|963|976|911|1001|931|1005|896|952|832|935|820|1006|813|841|748|927|834|983|832|940|869|974|864|944|895|1003|977|1058|941|1049|860|1100|867|1025|838|1024|850|1068|867|989|789|942|787|1005|845|987|815|983|735|968|769|1029|762|993|823|1010|785|1068|785|1033|731|1032|744|964|719|961|693|1005|691|936|620|918|598|905|588|865|520|753|533|741|510|765|450|696|452|625|391|599|369|581|293|464|276|412|239|364|213|350|213|351|208|311|167|254|161|282|135|248|123|218|108|186|98|183|76|154|58|127|50|98|36|69|33|72|18|50|16|37|18|26|9|21|3|13|6|10|3|11|24|20|0|0|0|533|360|893|396|300|696|30|24|54|55545|65435|120980|
แขวงบางหว้า|65|79|101|96|113|99|103|103|116|125|129|109|121|126|138|117|130|127|176|131|140|148|160|149|163|134|135|168|153|164|179|147|163|159|172|156|180|160|173|180|160|189|176|183|168|177|175|198|171|198|213|238|218|238|237|240|285|355|307|375|343|438|313|362|328|335|309|388|337|415|302|396|293|350|312|393|259|300|261|374|297|382|300|346|297|367|298|345|317|349|339|384|300|389|262|356|273|322|275|326|253|332|261|322|236|305|233|303|242|269|265|286|216|333|224|307|216|311|227|296|236|289|210|296|207|328|226|298|193|282|197|299|201|263|187|240|169|270|149|265|147|187|175|189|122|198|100|180|117|169|109|164|95|161|69|139|82|111|61|83|48|88|60|92|54|82|44|73|42|84|39|68|35|52|27|51|24|30|21|45|17|39|15|20|8|15|8|14|3|10|1|8|6|5|2|4|1|6|1|3|0|4|3|3|0|0|0|533|360|893|160|115|275|26|22|48|17538|21153|38691|
แขวงบางด้วน|43|52|59|62|62|57|73|83|87|76|87|85|99|84|95|85|110|90|124|111|131|104|125|103|146|121|166|134|144|139|132|134|127|123|140|139|163|144|148|153|166|155|145|168|147|160|143|185|154|145|180|172|160|178|175|184|179|199|200|192|187|207|181|198|195|195|193|206|180|176|185|164|179|180|161|186|179|174|170|172|170|183|172|189|196|206|202|194|196|232|211|232|199|207|194|223|194|234|185|228|189|241|186|221|173|206|168|222|192|221|174|225|162|220|168|230|189|226|176|233|192|230|169|237|157|224|152|189|164|199|141|213|134|201|146|207|119|191|125|158|102|172|92|177|122|182|116|142|100|131|85|155|84|115|66|86|63|92|54|89|46|99|48|86|46|81|42|53|40|61|30|61|29|50|20|35|21|36|20|27|11|22|8|14|9|14|6|15|6|9|6|6|2|4|0|7|1|1|1|4|0|0|4|3|0|0|0|0|0|0|74|53|127|3|1|4|12272|14180|26452|
แขวงบางจาก|16|10|16|20|15|32|30|15|23|30|33|32|31|20|33|43|29|33|35|41|35|30|50|35|46|51|38|43|41|37|48|47|40|40|41|51|43|35|48|33|38|40|42|52|43|36|35|49|44|43|53|48|35|52|51|53|39|75|62|65|54|59|69|40|74|60|40|44|51|54|49|46|54|48|40|48|41|48|39|52|48|71|53|47|54|79|56|63|63|52|69|58|53|67|56|77|61|71|55|65|59|66|64|71|51|74|58|81|57|68|56|75|49|52|47|67|47|63|54|75|47|66|63|66|47|62|50|68|46|61|53|74|42|65|43|55|35|61|47|59|38|42|29|56|32|39|34|45|33|31|13|32|24|43|14|29|18|21|21|25|8|17|11|22|12|22|9|23|7|13|8|12|7|13|7|11|4|12|6|8|2|9|4|9|2|3|2|7|0|5|0|5|0|3|4|1|0|1|0|0|0|1|2|1|0|0|0|0|0|0|29|20|49|0|0|0|3607|4250|7857|
แขวงบางแวก|38|31|45|36|41|41|49|33|42|42|50|50|54|75|75|61|55|71|77|51|81|63|87|85|78|91|92|90|79|85|73|83|83|75|76|111|86|90|106|66|83|95|99|99|84|105|84|96|96|93|113|99|92|86|102|115|114|121|142|142|134|129|131|144|119|145|128|126|131|135|127|137|111|130|120|137|121|123|108|134|131|145|119|142|116|137|126|117|117|153|123|167|141|158|147|183|120|159|127|156|140|181|137|157|123|133|115|147|131|152|118|128|107|141|121|169|105|157|141|124|113|189|124|158|108|178|104|162|111|156|121|153|99|144|83|147|113|146|94|140|76|127|92|122|77|119|67|123|71|99|55|88|56|96|51|68|37|73|41|59|43|53|33|52|28|39|20|37|25|41|22|34|12|34|15|32|10|35|12|24|8|26|9|10|5|13|5|12|2|10|3|4|1|5|0|1|0|2|2|1|0|1|3|3|0|0|0|0|0|0|46|48|94|1|0|1|8109|9791|17900|
แขวงคลองขวาง|26|19|29|31|39|31|37|31|33|35|36|26|42|43|42|40|42|33|39|34|50|35|54|43|42|54|69|47|62|51|73|40|67|57|41|45|75|64|68|56|61|46|54|78|48|57|54|57|63|49|59|76|66|53|57|70|61|57|69|69|69|92|76|69|62|80|72|75|73|59|74|67|62|67|55|75|58|67|50|65|62|74|59|81|65|60|68|65|64|68|82|76|93|90|69|93|79|92|73|95|87|86|86|76|85|82|75|83|78|109|73|86|66|77|77|109|79|78|78|99|52|108|78|101|73|84|69|89|70|96|69|89|80|87|57|90|45|83|52|72|54|81|49|73|54|72|45|50|40|62|37|50|24|47|32|41|20|30|17|22|15|25|15|32|20|24|11|19|13|27|6|16|11|21|7|17|8|21|4|6|4|4|3|12|2|9|2|4|0|6|0|2|2|1|0|1|0|1|1|0|1|2|0|1|0|0|0|0|0|0|25|21|46|0|0|0|4874|5521|10395|
แขวงปากคลองภาษีเจริญ|27|24|32|23|33|31|27|20|34|28|32|24|31|38|36|33|47|32|42|34|42|40|39|30|45|44|40|52|56|57|49|44|47|39|64|53|63|60|70|54|52|58|65|59|71|64|68|54|53|75|64|70|81|56|84|93|93|105|101|123|121|142|138|160|138|126|137|145|121|137|116|115|107|127|105|125|121|102|94|102|85|103|95|101|111|94|80|124|91|115|111|91|116|101|94|127|108|106|89|106|84|110|97|104|82|98|102|119|87|119|88|138|95|105|83|105|90|110|100|131|107|139|99|122|110|102|97|106|88|113|77|120|98|117|72|127|87|112|94|121|75|97|62|84|78|111|66|111|58|92|70|78|61|88|43|73|41|63|29|65|42|43|37|45|29|45|30|32|27|39|21|35|19|31|20|27|27|35|6|32|9|18|9|27|7|10|8|15|5|9|5|9|4|6|2|6|1|2|1|2|1|2|12|5|0|0|0|0|0|0|53|32|85|0|0|0|6561|7553|14114|
แขวงคูหาสวรรค์|2|9|8|15|8|13|11|5|18|14|17|15|16|11|19|16|25|20|24|21|21|26|23|27|14|19|22|23|25|22|20|31|21|24|26|25|22|22|26|31|33|20|31|29|27|30|33|31|25|29|35|30|25|40|35|39|52|35|36|45|45|47|44|51|47|35|32|17|38|29|43|27|26|33|27|42|34|27|26|28|41|25|34|34|30|31|34|36|47|34|42|50|39|37|38|41|32|41|34|48|38|52|36|38|39|44|36|50|58|49|41|45|40|40|49|42|36|48|47|52|38|47|42|53|29|54|46|52|47|54|35|57|37|59|32|52|30|42|27|50|28|47|34|40|25|44|22|45|33|41|22|32|25|31|18|28|15|22|16|21|11|25|9|22|19|18|11|17|7|17|9|22|10|17|12|13|4|14|7|12|7|9|2|6|3|5|2|5|2|1|1|3|3|2|1|1|0|0|0|0|1|1|0|4|0|0|0|0|0|0|9|11|20|0|1|1|2584|2987|5571|
เขตหนองแขม |364|380|458|394|536|455|495|446|555|493|629|515|576|581|655|596|666|632|659|663|731|715|753|719|874|812|899|855|863|834|885|815|873|880|931|854|931|956|897|915|902|964|906|943|955|937|906|952|871|985|951|1083|900|1045|1007|1087|1184|1241|1156|1280|1226|1305|1125|1211|1164|1137|1087|1166|1144|1214|1021|1131|1004|1063|1009|1031|937|1011|896|1044|1021|1124|1074|1119|1018|1249|1072|1285|1108|1284|1163|1361|1177|1382|1134|1347|1202|1395|1129|1401|1067|1383|1134|1366|1017|1361|1150|1419|1146|1394|1103|1383|991|1304|1098|1426|1065|1348|1012|1251|1048|1374|1056|1393|1013|1258|940|1238|888|1220|858|1183|825|1141|727|1002|660|943|632|928|581|797|585|780|518|714|425|740|434|643|407|588|347|559|274|497|256|410|212|341|215|351|190|289|164|285|111|222|124|230|95|219|106|195|88|164|69|124|66|124|36|81|39|86|24|61|26|52|9|41|13|22|7|24|5|18|3|12|4|6|3|3|8|9|0|0|0|515|381|896|474|434|908|14|30|44|71556|83134|154690|
แขวงหนองแขม|193|209|243|213|274|242|248|227|306|268|339|289|323|325|338|322|362|360|360|356|427|388|420|401|493|437|492|476|482|473|458|417|463|496|508|455|484|505|492|493|486|497|486|489|477|493|453|495|432|504|507|553|426|567|531|573|603|679|580|715|636|679|556|603|589|591|561|631|585|640|527|600|519|565|499|540|483|545|466|580|552|599|555|620|524|688|574|705|612|717|626|743|627|752|629|751|658|800|599|770|601|749|622|776|561|735|591|772|598|742|577|729|509|662|596|740|556|712|522|674|539|694|524|711|528|654|480|619|461|601|445|630|410|596|344|486|319|445|314|488|284|389|298|373|245|366|199|356|219|322|200|262|164|289|135|246|128|208|102|166|105|191|107|147|75|135|57|113|64|103|49|114|50|97|34|86|27|62|29|71|19|41|22|50|8|33|10|30|3|21|6|15|4|12|2|7|2|9|2|2|2|3|6|2|0|0|0|0|0|0|224|219|443|9|16|25|37050|43807|80857|
แขวงหนองค้างพลู|171|171|215|181|262|213|247|219|249|225|290|226|253|256|317|274|304|272|299|307|304|327|333|318|381|375|407|379|381|361|427|398|410|384|423|399|447|451|405|422|416|467|420|454|478|444|453|457|439|481|444|530|474|478|476|514|581|562|576|565|590|626|569|608|575|546|526|535|559|574|494|531|485|498|510|491|454|466|430|464|469|525|519|499|494|561|498|580|496|567|537|618|550|630|505|596|544|595|530|631|466|634|512|590|456|626|559|647|548|652|526|654|482|642|502|686|509|636|490|577|509|680|532|682|485|604|460|619|427|619|413|553|415|545|383|516|341|498|318|440|297|408|287|407|273|348|226|384|215|321|207|326|183|270|139|251|128|202|110|175|110|160|83|142|89|150|54|109|60|127|46|105|56|98|54|78|42|62|37|53|17|40|17|36|16|28|16|22|6|20|7|7|3|12|3|11|1|3|2|4|1|0|2|7|0|0|0|515|381|896|250|215|465|5|14|19|34506|39327|73833|
เขตราษฎร์บูรณะ |137|142|191|163|195|194|179|175|232|230|251|250|296|236|262|263|315|317|329|312|343|299|363|294|376|354|403|350|376|390|365|359|353|349|349|391|400|401|377|371|396|409|420|425|441|446|441|462|449|421|467|450|465|461|489|494|563|558|593|562|551|524|595|512|539|519|570|559|497|510|547|579|465|495|469|495|453|447|439|509|483|503|497|551|526|577|496|558|558|559|523|635|559|595|514|608|580|622|579|604|568|578|559|594|456|544|586|589|531|626|555|589|558|560|560|564|507|582|493|539|540|605|468|607|455|583|444|562|426|521|418|583|383|561|373|537|321|513|319|495|268|449|343|477|329|414|259|413|274|407|243|365|223|356|189|286|168|244|143|238|136|222|116|200|98|160|111|150|96|165|61|117|78|126|69|123|60|88|49|81|40|71|34|69|26|38|26|38|16|36|16|32|15|11|17|17|5|10|9|9|3|3|35|33|0|0|0|356|265|621|465|365|830|28|13|41|35180|38912|74092|
แขวงราษฎร์บูรณะ|41|54|66|63|64|76|61|69|85|84|89|91|102|73|112|91|115|113|118|125|133|119|129|111|150|119|133|123|147|141|139|122|131|122|135|142|149|129|140|139|157|147|163|169|178|174|153|190|187|134|175|186|161|150|165|184|218|201|195|192|206|176|220|181|198|186|192|189|177|166|192|201|139|172|156|165|168|165|142|184|177|189|179|194|208|206|169|215|224|226|209|249|210|225|192|215|201|224|231|231|188|221|197|259|166|203|197|239|203|242|201|246|206|219|204|229|186|231|175|240|206|242|186|256|186|243|182|230|184|212|161|260|158|247|160|204|134|226|139|200|113|198|130|189|147|176|95|172|111|191|92|174|98|149|80|146|75|114|70|106|58|95|48|93|46|73|42|63|39|74|29|46|37|52|37|51|23|38|25|40|14|32|14|27|12|18|10|21|6|15|6|13|9|5|5|8|2|4|5|3|1|1|14|18|0|0|0|32|25|57|189|141|330|8|5|13|13122|15017|28139|
แขวงบางปะกอก|96|88|125|100|131|118|118|106|147|146|162|159|194|163|150|172|200|204|211|187|210|180|234|183|226|235|270|227|229|249|226|237|222|227|214|249|251|272|237|232|239|262|257|256|263|272|288|272|262|287|292|264|304|311|324|310|345|357|398|370|345|348|375|331|341|333|378|370|320|344|355|378|326|323|313|330|285|282|297|325|306|314|318|357|318|371|327|343|334|333|314|386|349|370|322|393|379|398|348|373|380|357|362|335|290|341|389|350|328|384|354|343|352|341|356|335|321|351|318|299|334|363|282|351|269|340|262|332|242|309|257|323|225|314|213|333|187|287|180|295|155|251|213|288|182|238|164|241|163|216|151|191|125|207|109|140|93|130|73|132|78|127|68|107|52|87|69|87|57|91|32|71|41|74|32|72|37|50|24|41|26|39|20|42|14|20|16|17|10|21|10|19|6|6|12|9|3|6|4|6|2|2|21|15|0|0|0|324|240|564|276|224|500|20|8|28|22058|23895|45953|
เขตบางพลัด |148|152|181|159|179|163|189|161|229|178|216|217|251|236|244|269|278|247|278|266|253|274|315|300|371|305|334|344|331|310|313|301|322|326|337|311|364|336|382|341|387|360|361|370|388|380|412|392|410|428|463|516|487|459|517|523|588|635|643|718|651|790|639|699|571|688|598|697|642|706|592|729|607|661|596|613|534|609|552|625|607|645|573|705|604|706|603|717|615|742|596|769|605|714|628|713|635|774|616|791|592|712|584|698|560|643|541|716|583|702|534|733|591|720|578|726|555|695|498|708|549|809|594|772|552|707|505|750|522|721|482|691|500|752|475|656|454|663|468|677|421|663|407|651|382|593|407|530|327|605|325|557|306|464|244|486|273|376|208|372|196|338|219|328|167|288|170|256|156|259|112|215|121|236|114|209|74|175|94|145|62|129|34|95|41|89|32|69|33|55|15|40|13|39|20|24|13|18|12|16|7|8|44|53|0|0|0|257|198|455|317|284|601|16|16|32|38591|47200|85791|
แขวงบางพลัด|44|36|44|34|50|36|38|33|51|53|42|40|49|60|50|53|55|56|77|72|49|56|75|65|86|69|72|87|72|80|84|69|86|69|84|76|90|75|86|76|104|77|94|86|87|99|101|84|92|99|121|116|112|105|133|143|167|122|164|163|166|161|169|173|117|154|138|170|149|155|131|153|126|121|128|140|128|146|130|148|150|137|144|148|138|133|139|154|134|153|133|157|147|181|168|160|182|181|152|175|156|176|159|183|150|149|154|142|141|178|110|165|169|184|147|183|148|177|130|166|135|196|157|184|145|172|125|170|123|172|120|175|133|185|122|151|143|168|112|187|117|161|104|188|102|141|105|166|85|170|86|164|83|118|69|148|90|116|63|112|54|104|60|70|53|95|51|79|52|86|47|66|36|73|33|58|16|58|29|40|20|33|7|29|14|26|6|27|4|15|4|11|4|13|7|3|6|3|3|4|3|2|7|20|0|0|0|49|39|88|63|57|120|5|0|5|9644|11347|20991|
แขวงบางอ้อ|48|41|57|50|49|55|64|52|76|49|56|60|81|65|66|92|98|78|68|71|73|89|87|95|119|90|90|95|101|96|96|90|98|91|89|92|101|105|115|105|113|92|104|106|113|115|118|107|114|126|124|169|162|129|161|154|144|197|186|210|184|238|162|195|183|193|168|185|180|203|195|211|163|189|160|183|147|151|169|174|129|175|161|206|169|191|175|211|160|204|164|243|176|190|139|199|153|194|158|227|155|181|150|162|131|173|122|186|154|167|146|187|170|183|152|182|165|181|141|186|163|232|158|191|154|192|145|193|140|190|126|185|128|197|125|180|102|159|124|160|95|154|108|167|81|151|96|113|84|160|85|132|67|102|68|113|57|78|46|78|45|77|46|77|35|60|39|65|28|47|19|58|30|58|29|54|13|39|21|33|14|31|8|18|8|16|8|13|11|15|5|10|3|8|3|6|2|2|2|1|2|4|14|11|0|0|0|139|114|253|97|85|182|7|10|17|10532|12755|23287|
แขวงบางบำหรุ|19|32|40|32|33|28|35|26|42|45|49|49|44|44|52|63|69|38|53|48|52|60|57|57|72|63|74|71|71|63|53|65|46|63|71|60|68|64|86|64|70|88|64|76|54|65|79|85|71|72|88|88|82|105|94|101|114|130|116|153|123|159|104|138|102|141|118|136|116|141|101|138|113|139|127|112|96|124|105|116|149|147|119|151|127|160|125|161|130|147|123|141|106|153|137|171|111|187|138|170|115|158|109|153|104|148|108|167|123|145|110|161|108|159|111|146|97|149|86|146|99|172|118|173|121|136|108|178|111|151|86|160|88|160|97|159|94|130|93|148|83|150|79|117|92|132|88|114|59|123|70|121|74|117|47|100|51|75|32|83|48|57|55|93|37|57|33|45|32|51|19|36|22|46|24|49|16|33|13|25|12|26|9|26|11|21|5|14|9|8|2|7|2|11|1|6|0|6|2|4|2|2|7|6|0|0|0|17|15|32|58|57|115|3|3|6|7488|9865|17353|
แขวงบางยี่ขัน|37|43|40|43|47|44|52|50|60|31|69|68|77|67|76|61|56|75|80|75|79|69|96|83|94|83|98|91|87|71|80|77|92|103|93|83|105|92|95|96|100|103|99|102|134|101|114|116|133|131|130|143|131|120|129|125|163|186|177|192|178|232|204|193|169|200|174|206|197|207|165|227|205|212|181|178|163|188|148|187|179|186|149|200|170|222|164|191|191|238|176|228|176|190|184|183|189|212|168|219|166|197|166|200|175|173|157|221|165|212|168|220|144|194|168|215|145|188|141|210|152|209|161|224|132|207|127|209|148|208|150|171|151|210|131|166|115|206|139|182|126|198|116|179|107|169|118|137|99|152|84|140|82|127|60|125|75|107|67|99|49|100|58|88|42|76|47|67|44|75|27|55|33|59|28|48|29|45|31|47|16|39|10|22|8|26|13|15|9|17|4|12|4|7|9|9|5|7|5|7|0|0|16|16|0|0|0|52|30|82|99|85|184|1|3|4|10927|13233|24160|
เขตดินแดง |176|179|235|211|250|237|234|225|291|249|286|291|347|330|363|338|379|351|369|365|372|422|460|433|467|442|489|487|475|493|483|472|465|475|503|499|549|540|524|579|543|519|527|543|601|568|555|572|573|502|625|656|647|663|649|657|677|790|791|760|868|843|751|836|740|792|742|821|685|753|780|758|682|674|699|753|679|675|662|711|710|812|711|792|732|805|764|824|743|838|784|891|786|870|725|875|741|863|694|961|735|854|695|898|665|835|693|911|740|920|706|864|719|905|765|935|667|912|700|895|696|947|691|871|678|927|667|917|617|909|590|928|633|875|579|793|513|863|503|830|498|758|507|774|484|697|430|637|434|658|389|620|342|561|297|526|286|443|229|403|222|381|201|342|196|339|147|283|141|292|132|233|103|230|89|193|105|175|79|155|67|122|55|114|38|90|36|82|32|54|19|39|12|33|19|32|13|19|10|16|8|16|54|39|0|0|0|632|518|1150|1784|1454|3238|9|1|10|49934|59113|109047|
แขวงดินแดง|119|101|150|126|158|138|139|117|171|153|172|173|197|206|215|188|207|214|222|207|220|259|285|274|282|266|292|293|307|309|290|296|293|301|322|314|352|319|308|351|331|312|344|341|355|328|321|351|358|325|408|410|407|421|426|402|424|518|487|456|520|535|462|537|463|467|425|508|404|462|465|443|428|421|408|463|389|406|391|416|424|472|405|449|454|468|444|504|453|481|471|560|482|519|464|555|442|527|405|597|433|526|417|553|409|510|411|568|456|567|445|521|456|576|489|581|393|560|424|573|426|616|435|564|425|587|421|586|388|574|383|596|415|579|370|486|313|552|313|519|330|482|326|480|307|448|259|392|264|418|252|405|209|348|194|327|178|284|143|243|136|232|132|215|124|220|88|192|91|173|88|153|59|147|47|126|64|103|49|93|45|81|25|63|27|49|17|48|25|29|11|22|7|19|11|16|8|7|3|11|5|10|40|23|0|0|0|632|518|1150|1355|1131|2486|6|1|7|31140|36962|68102|
แขวงรัชดาภิเษก|57|78|85|85|92|99|95|108|120|96|114|118|150|124|148|150|172|137|147|158|152|163|175|159|185|176|197|194|168|184|193|176|172|174|181|185|197|221|216|228|212|207|183|202|246|240|234|221|215|177|217|246|240|242|223|255|253|272|304|304|348|308|289|299|277|325|317|313|281|291|315|315|254|253|291|290|290|269|271|295|286|340|306|343|278|337|320|320|290|357|313|331|304|351|261|320|299|336|289|364|302|328|278|345|256|325|282|343|284|353|261|343|263|329|276|354|274|352|276|322|270|331|256|307|253|340|246|331|229|335|207|332|218|296|209|307|200|311|190|311|168|276|181|294|177|249|171|245|170|240|137|215|133|213|103|199|108|159|86|160|86|149|69|127|72|119|59|91|50|119|44|80|44|83|42|67|41|72|30|62|22|41|30|51|11|41|19|34|7|25|8|17|5|14|8|16|5|12|7|5|3|6|14|16|0|0|0|0|0|0|429|323|752|3|0|3|18794|22151|40945|
เขตบึงกุ่ม |230|270|314|297|358|309|355|316|389|405|424|469|484|420|492|513|536|552|568|533|613|645|700|627|691|621|674|718|669|656|638|629|691|709|711|729|730|731|731|718|729|714|757|783|697|761|716|710|742|738|808|834|763|745|781|898|901|928|961|1029|946|998|939|908|869|1001|883|1001|892|986|813|955|864|920|814|933|804|869|847|956|893|1093|892|1076|925|1155|986|1233|960|1236|1031|1240|1019|1288|975|1228|1088|1219|1003|1240|1006|1254|1026|1227|939|1183|1029|1251|1044|1306|970|1252|895|1179|959|1229|872|1122|893|1150|926|1186|860|1141|828|1197|804|1145|756|1119|712|1095|730|1070|641|1031|609|859|639|871|568|845|547|816|499|794|491|717|446|735|420|606|362|587|321|530|275|448|257|427|223|393|219|342|175|303|167|275|136|284|110|193|112|217|85|180|78|168|56|154|40|106|38|90|33|62|26|56|16|44|13|37|11|28|6|22|3|22|3|10|2|9|17|17|0|0|0|486|409|895|461|397|858|15|9|24|61151|73741|134892|
แขวงคลองกุ่ม|119|150|157|168|196|161|189|154|212|192|246|253|244|242|268|256|269|299|296|267|315|324|349|308|326|289|304|332|315|320|323|310|326|324|359|367|344|338|354|334|316|340|353|369|347|353|352|337|370|362|377|391|340|364|368|407|441|413|472|486|447|468|459|420|386|478|436|471|419|488|427|467|427|470|412|504|433|446|423|529|483|578|473|519|480|604|496|669|484|634|543|622|520|644|517|612|558|593|512|639|509|598|524|572|459|572|491|594|493|596|429|571|408|533|477|540|415|505|393|558|400|543|382|508|362|581|354|480|328|466|326|504|314|485|286|447|278|385|270|398|250|380|252|385|239|415|244|342|222|377|215|318|183|302|147|276|141|243|125|218|118|202|118|176|102|152|96|131|64|140|64|90|61|112|50|88|40|86|33|69|18|51|23|41|18|29|14|30|6|25|8|20|5|16|4|15|0|13|2|4|1|3|8|13|0|0|0|486|409|895|198|173|371|11|9|20|30046|35854|65900|
แขวงนวมินทร์|49|43|50|58|57|51|71|61|65|83|65|93|88|66|86|90|92|83|106|94|96|125|112|106|136|97|119|132|110|111|109|103|122|122|125|105|131|138|125|145|139|124|129|152|116|146|127|128|133|130|153|143|141|130|141|151|159|173|174|206|179|171|185|173|197|194|170|212|176|197|152|195|167|164|153|166|152|156|150|147|168|216|179|204|174|202|192|210|164|208|177|211|176|215|182|219|192|240|177|204|187|248|172|208|173|206|190|218|203|248|181|239|163|231|162|275|146|253|177|211|203|229|185|243|163|226|186|256|183|260|145|243|152|250|158|263|136|199|163|196|146|195|136|197|104|169|116|183|96|151|82|127|76|136|88|120|71|88|55|100|41|92|46|82|32|62|34|61|27|63|23|41|25|51|18|39|17|34|10|35|8|28|4|22|8|16|5|14|7|11|2|10|3|5|2|5|0|5|0|3|0|3|2|2|0|0|0|0|0|0|115|86|201|2|0|2|11617|14231|25848|
แขวงนวลจันทร์|62|77|107|71|105|97|95|101|112|130|113|123|152|112|138|167|175|170|166|172|202|196|239|213|229|235|251|254|244|225|206|216|243|263|227|257|255|255|252|239|274|250|275|262|234|262|237|245|239|246|278|300|282|251|272|340|301|342|315|337|320|359|295|315|286|329|277|318|297|301|234|293|270|286|249|263|219|267|274|280|242|299|240|353|271|349|298|354|312|394|311|407|323|429|276|397|338|386|314|397|310|408|330|447|307|405|348|439|348|462|360|442|324|415|320|414|311|364|323|381|323|414|293|390|303|390|264|409|245|393|241|348|264|335|197|321|195|275|206|277|172|270|159|234|156|210|131|192|128|207|123|161|103|149|86|134|63|117|77|109|64|99|55|84|41|89|37|83|45|81|23|62|26|54|17|53|21|48|13|50|14|27|11|27|7|17|7|12|3|8|3|7|3|7|0|2|3|4|1|3|1|3|7|2|0|0|0|0|0|0|148|138|286|2|0|2|19488|23656|43144|
เขตสาทร |104|104|154|145|150|123|159|145|170|176|190|179|240|205|216|203|220|223|244|225|284|241|274|262|287|263|314|299|278|239|305|261|286|286|318|280|382|295|312|324|346|332|381|341|387|355|384|320|369|319|429|376|362|351|421|339|436|399|446|404|479|424|419|414|423|408|431|393|450|406|443|438|419|436|485|456|381|428|398|404|447|491|444|505|441|473|478|523|494|564|505|531|519|488|446|543|480|551|454|561|409|524|444|522|433|533|419|540|463|537|436|554|425|504|448|529|453|538|394|540|405|517|440|576|414|584|427|561|409|555|447|602|416|530|367|551|386|564|373|554|367|536|366|518|363|525|320|453|309|507|289|401|302|438|267|405|208|314|160|272|142|214|118|230|139|221|135|207|101|179|92|160|92|181|85|153|103|140|56|124|60|122|47|96|42|95|38|68|40|40|28|37|18|39|17|36|13|34|14|21|11|17|91|84|0|0|0|497|382|879|1429|939|2368|6|8|14|32657|36562|69219|
แขวงทุ่งวัดดอน|56|47|62|78|68|56|70|61|75|81|94|100|117|102|97|92|111|99|120|96|137|111|130|138|123|118|137|146|138|113|146|132|127|155|172|146|181|137|152|152|167|178|160|166|171|169|180|174|156|166|211|197|171|162|208|166|216|203|221|197|220|230|207|238|205|203|195|203|216|209|214|214|190|212|244|229|177|208|203|202|194|253|214|228|218|245|219|264|225|277|233|280|247|243|228|272|228|294|248|306|213|263|225|267|199|262|190|256|222|233|208|264|211|245|207|270|205|279|199|264|201|265|218|275|216|298|214|271|217|286|230|304|219|296|199|297|201|294|203|278|190|274|184|242|190|283|158|227|157|253|143|205|141|245|140|208|98|166|72|128|72|105|57|119|72|110|55|101|51|96|48|71|41|81|26|70|41|63|21|55|17|48|18|39|17|46|11|20|11|16|4|18|5|14|3|11|3|12|1|9|2|5|20|21|0|0|0|167|103|270|416|238|654|2|0|2|15350|17917|33267|
แขวงยานนาวา|21|22|44|29|35|29|35|28|36|39|42|30|58|40|54|45|41|43|55|56|54|62|62|58|73|58|77|70|55|52|67|64|73|60|79|56|92|71|76|80|75|69|82|75|89|91|86|63|79|69|101|87|88|96|93|80|95|98|110|107|121|91|91|85|104|110|117|85|98|103|121|96|99|122|123|105|89|109|97|98|125|118|104|128|112|102|108|112|121|138|131|115|115|118|111|124|127|115|93|124|96|123|96|108|102|118|115|140|108|147|101|143|111|131|115|130|120|128|90|153|108|153|120|157|103|146|123|151|107|145|123|167|112|129|105|142|102|147|103|161|104|157|108|149|99|142|91|132|89|142|81|114|89|107|68|104|58|80|41|80|29|54|35|56|26|51|31|61|21|34|21|40|22|49|25|48|21|32|12|36|14|31|13|23|12|23|11|22|14|10|10|9|4|13|6|8|3|11|8|1|3|6|24|24|0|0|0|272|242|514|432|323|755|0|4|4|8291|9262|17553|
แขวงทุ่งมหาเมฆ|27|35|48|38|47|38|54|56|59|56|54|49|65|63|65|66|68|81|69|73|93|68|82|66|91|87|100|83|85|74|92|65|86|71|67|78|109|87|84|92|104|85|139|100|127|95|118|83|134|84|117|92|103|93|120|93|125|98|115|100|138|103|121|91|114|95|119|105|136|94|108|128|130|102|118|122|115|111|98|104|128|120|126|149|111|126|151|147|148|149|141|136|157|127|107|147|125|142|113|131|100|138|123|147|132|153|114|144|133|157|127|147|103|128|126|129|128|131|105|123|96|99|102|144|95|140|90|139|85|124|94|131|85|105|63|112|83|123|67|115|73|105|74|127|74|100|71|94|63|112|65|82|72|86|59|93|52|68|47|64|41|55|26|55|41|60|49|45|29|49|23|49|29|51|34|35|41|45|23|33|29|43|16|34|13|26|16|26|15|14|14|10|9|12|8|17|7|11|5|11|6|6|47|39|0|0|0|58|37|95|581|378|959|4|4|8|9016|9383|18399|
เขตบางซื่อ |214|201|248|262|263|255|257|284|308|344|348|309|391|351|345|367|367|364|373|382|376|384|435|433|472|461|477|501|475|467|485|442|509|499|534|479|504|520|524|527|527|503|556|533|544|560|562|583|554|549|612|616|611|603|638|668|771|789|731|888|860|928|854|915|916|950|945|991|925|1065|921|986|871|1013|785|942|839|970|781|929|841|957|884|944|886|902|881|967|827|964|834|977|809|999|812|903|842|926|766|914|762|899|736|845|725|884|758|891|806|965|740|902|722|880|746|920|688|883|711|876|732|918|782|963|679|943|706|981|643|977|724|925|738|947|681|917|649|871|602|837|526|862|580|809|518|863|470|743|468|757|450|650|394|689|332|545|329|522|288|442|240|395|263|374|221|379|196|329|198|325|167|233|187|292|153|220|151|238|120|207|98|174|92|139|81|130|74|92|57|72|42|62|35|66|32|36|37|26|34|36|18|23|142|130|0|0|0|509|364|873|537|397|934|14|16|30|53473|63127|116600|
แขวงบางซื่อ|143|135|174|172|176|171|184|187|223|228|230|200|247|244|231|239|245|238|272|260|245|265|309|286|310|307|317|335|311|303|334|304|340|346|363|335|324|346|374|345|363|342|361|342|359|366|381|392|352|351|401|407|396|424|434|459|510|534|496|597|566|602|574|576|593|637|608|653|609|686|593|618|562|661|510|614|550|610|497|586|556|624|579|592|564|608|577|584|553|601|540|627|525|641|498|553|518|596|481|565|486|568|475|531|447|546|487|553|490|581|465|549|434|547|508|586|449|553|451|579|475|583|525|625|429|597|454|654|419|609|464|574|469|598|421|556|418|522|401|526|319|548|375|498|321|530|289|462|288|458|302|394|246|410|180|347|206|305|186|260|158|238|154|234|133|234|114|216|130|208|110|140|119|174|98|124|101|147|79|130|73|104|65|98|61|90|59|66|39|48|33|41|29|41|28|23|30|19|28|31|14|19|119|112|0|0|0|509|364|873|407|299|706|14|9|23|35041|40552|75593|
แขวงวงศ์สว่าง|71|66|74|90|87|84|73|97|85|116|118|109|144|107|114|128|122|126|101|122|131|119|126|147|162|154|160|166|164|164|151|138|169|153|171|144|180|174|150|182|164|161|195|191|185|194|181|191|202|198|211|209|215|179|204|209|261|255|235|291|294|326|280|339|323|313|337|338|316|379|328|368|309|352|275|328|289|360|284|343|285|333|305|352|322|294|304|383|274|363|294|350|284|358|314|350|324|330|285|349|276|331|261|314|278|338|271|338|316|384|275|353|288|333|238|334|239|330|260|297|257|335|257|338|250|346|252|327|224|368|260|351|269|349|260|361|231|349|201|311|207|314|205|311|197|333|181|281|180|299|148|256|148|279|152|198|123|217|102|182|82|157|109|140|88|145|82|113|68|117|57|93|68|118|55|96|50|91|41|77|25|70|27|41|20|40|15|26|18|24|9|21|6|25|4|13|7|7|6|5|4|4|23|18|0|0|0|0|0|0|130|98|228|0|7|7|18432|22575|41007|
เขตจตุจักร |277|256|354|316|390|330|389|333|404|398|470|421|503|495|541|569|558|536|592|575|635|595|709|687|681|629|668|659|631|623|623|596|699|640|784|597|808|651|730|679|677|666|685|704|691|668|693|673|720|746|793|863|784|853|889|893|1019|1091|1183|1258|1167|1295|1179|1300|1161|1309|1253|1373|1212|1349|1188|1303|1196|1328|1199|1438|1073|1331|1145|1465|1180|1518|1189|1461|1216|1533|1248|1539|1172|1584|1290|1535|1298|1495|1194|1470|1162|1432|1168|1330|1089|1287|976|1259|995|1267|1046|1211|1020|1313|1054|1236|1034|1210|963|1233|902|1164|903|1107|835|1088|783|1157|806|1140|761|1061|705|1043|689|1048|705|1065|687|997|687|990|679|980|596|989|669|947|598|847|571|874|550|792|534|737|492|715|428|624|401|621|346|572|305|538|239|456|262|471|231|429|240|424|188|314|221|345|207|317|185|273|180|248|148|211|145|211|96|141|82|141|56|104|43|75|37|66|32|59|27|51|21|27|8|20|99|108|0|0|0|677|595|1272|725|464|1189|21|14|35|70449|84064|154513|
แขวงลาดยาว|54|53|73|56|65|63|92|77|113|97|108|102|136|113|146|121|133|132|147|140|167|150|188|149|172|157|165|170|169|174|147|163|175|168|159|177|172|198|179|204|157|173|175|191|186|169|186|189|191|233|225|201|208|202|240|233|260|273|279|273|258|292|291|270|246|279|266|242|247|268|255|302|237|263|231|296|231|271|228|303|268|312|256|290|278|308|279|331|250|348|302|324|288|350|293|353|303|357|290|325|287|348|250|311|266|329|296|339|273|328|300|352|319|290|282|326|254|304|273|291|249|275|202|317|222|313|211|295|182|287|207|287|183|272|193|271|198|265|204|289|165|276|181|265|158|238|153|236|173|243|153|222|153|219|143|201|123|191|100|190|85|198|68|147|91|156|87|142|90|137|65|113|90|108|83|105|80|97|77|85|56|80|66|80|37|41|31|48|27|23|13|18|15|20|12|19|10|15|5|8|2|4|27|34|0|0|0|0|0|0|169|100|269|1|1|2|17804|21034|38838|
แขวงเสนานิคม|36|40|54|48|63|64|56|47|60|60|76|65|52|71|75|78|65|68|76|71|66|67|77|94|90|67|84|87|61|80|80|72|68|94|73|66|84|79|86|69|98|99|141|80|136|86|96|73|121|99|124|140|111|112|120|127|145|169|187|190|169|204|187|220|180|205|206|229|195|218|195|194|197|198|179|245|167|213|164|228|167|222|175|244|179|222|179|228|159|234|178|215|171|176|128|175|153|168|149|184|135|143|118|171|131|146|137|151|125|188|135|130|114|173|117|159|115|155|105|121|123|138|113|158|104|116|90|132|77|114|87|144|101|136|74|111|90|128|72|109|72|125|69|124|63|99|73|110|56|95|68|69|53|86|44|71|48|82|35|61|47|55|26|50|32|54|22|50|22|47|19|33|13|32|16|26|9|22|11|21|11|22|14|18|6|12|6|6|4|16|2|5|1|10|3|5|2|5|1|1|1|4|8|15|0|0|0|0|0|0|79|56|135|1|0|1|9238|11094|20332|
แขวงจันทรเกษม|70|69|91|80|126|87|101|70|90|114|116|107|134|130|134|161|136|140|138|161|167|152|172|174|178|179|157|165|171|138|169|154|255|149|339|149|321|145|277|164|216|171|166|182|156|170|186|179|161|163|185|193|208|209|219|199|222|235|239|276|259|292|248|289|243|297|296|309|285|291|262|304|275|310|269|317|269|314|295|367|278|363|279|347|298|404|320|373|295|402|293|369|303|370|303|378|251|340|282|343|267|302|217|317|235|323|229|314|241|312|236|311|253|312|220|296|228|278|199|306|204|290|196|303|207|287|190|280|186|281|184|269|181|294|188|274|170|255|187|263|162|235|163|240|151|197|151|225|127|193|137|196|124|173|104|142|100|147|77|135|64|140|65|101|60|93|42|92|48|93|42|65|48|77|43|73|31|63|39|64|33|47|20|46|22|36|22|33|9|19|8|20|8|15|6|12|4|13|3|9|0|3|11|13|0|0|0|0|0|0|172|122|294|3|0|3|17220|20443|37663|
แขวงจอมพล|77|65|85|78|83|75|87|88|94|74|95|101|124|110|108|134|145|106|141|123|136|140|160|160|151|133|150|132|130|132|134|115|115|121|113|117|116|116|107|133|113|130|109|149|120|142|130|126|141|149|152|198|156|200|198|226|250|297|327|380|335|373|316|402|352|387|362|454|329|444|337|385|358|421|365|461|277|413|328|414|343|458|350|441|309|418|332|459|314|428|346|432|348|414|293|377|274|381|276|312|256|326|233|309|197|302|221|274|215|312|220|300|194|278|206|318|179|276|169|250|148|234|178|238|167|254|169|235|157|231|136|237|158|239|150|230|148|226|136|224|144|247|170|209|140|206|122|205|128|170|114|170|112|158|91|145|93|130|95|137|70|96|49|118|55|118|56|95|61|98|42|75|49|90|38|71|43|61|30|62|38|45|31|40|21|43|15|41|11|31|11|21|7|12|7|20|4|15|11|8|3|5|28|20|0|0|0|0|0|0|215|123|338|1|1|2|16333|20903|37236|
แขวงจตุจักร|40|29|51|54|53|41|53|51|47|53|75|46|57|71|78|75|79|90|90|80|99|86|112|110|90|93|112|105|100|99|93|92|86|108|100|88|115|113|81|109|93|93|94|102|93|101|95|106|106|102|107|131|101|130|112|108|142|117|151|139|146|134|137|119|140|141|123|139|156|128|139|118|129|136|155|119|129|120|130|153|124|163|129|139|152|181|138|148|154|172|171|195|188|185|177|187|181|186|171|166|144|168|158|151|166|167|163|133|166|173|163|143|154|157|138|134|126|151|157|139|111|151|94|141|106|170|101|119|103|130|75|111|82|124|82|111|81|116|80|95|53|106|86|109|86|107|72|98|66|91|62|80|50|79|46|65|37|71|39|49|39|49|31|40|24|50|24|50|19|49|20|28|21|38|27|42|22|30|23|16|10|17|14|27|10|9|8|13|5|15|9|11|6|9|4|3|7|3|1|1|2|4|25|26|0|0|0|677|595|1272|90|63|153|15|12|27|9854|10590|20444|
เขตบางคอแหลม |125|111|171|146|184|168|159|168|247|213|223|223|237|234|260|232|279|252|266|275|304|314|320|295|347|309|396|357|390|332|392|345|364|357|410|363|410|380|398|351|429|393|398|392|393|375|393|396|384|396|424|427|420|454|414|451|508|491|520|472|528|477|490|516|530|484|497|479|444|464|476|531|442|414|473|455|409|484|398|468|455|511|470|492|511|524|506|575|532|519|546|590|511|532|541|544|478|566|504|576|487|568|487|584|475|534|504|518|520|572|455|558|486|539|434|573|444|537|438|631|486|616|536|643|499|621|471|634|471|612|460|671|474|603|455|620|450|607|445|596|417|548|433|591|347|544|366|498|307|488|332|499|293|409|268|370|195|307|201|268|176|248|126|251|130|215|106|185|94|206|72|157|86|188|78|140|80|125|69|125|59|94|42|85|23|61|20|45|21|47|22|41|23|33|9|21|10|12|11|16|7|13|50|38|0|0|0|644|551|1195|657|497|1154|27|36|63|35184|39662|74846|
แขวงบางคอแหลม|34|27|53|40|59|44|49|43|61|57|54|55|63|64|68|65|75|67|60|76|84|75|87|81|85|90|85|77|106|84|98|94|82|95|106|83|98|88|88|85|105|95|90|97|104|107|101|100|101|92|109|116|99|113|92|110|137|121|146|110|132|122|124|128|128|112|146|123|112|114|126|130|110|114|120|111|101|137|121|130|120|122|100|145|125|139|123|162|126|138|134|153|133|158|131|143|124|147|124|144|131|148|112|146|129|141|108|136|142|171|121|141|129|135|125|140|135|149|112|172|124|149|143|190|130|176|127|172|116|157|136|200|119|169|128|165|114|151|107|157|111|117|115|140|80|146|81|133|78|111|87|130|76|101|66|86|45|89|50|67|42|65|38|67|40|57|30|46|33|60|15|37|27|55|28|38|24|37|22|34|17|28|10|20|8|21|7|16|6|12|7|9|6|9|4|6|2|4|5|5|3|4|25|15|0|0|0|612|534|1146|249|195|444|24|31|55|9600|10813|20413|
แขวงวัดพระยาไกร|40|31|43|41|42|49|38|46|64|62|58|62|70|63|63|59|75|70|95|68|95|95|83|78|105|83|109|84|103|96|108|88|112|99|111|106|106|114|116|104|130|119|129|124|127|98|109|113|119|127|111|135|107|142|136|156|133|145|141|156|165|129|157|139|159|148|141|145|147|149|142|156|127|123|135|132|107|138|98|119|139|144|137|105|158|126|153|152|147|141|149|172|155|144|164|158|142|148|157|158|134|164|139|154|128|167|146|145|155|151|138|154|136|140|132|152|114|157|145|186|141|199|163|183|140|179|144|177|138|195|144|196|156|178|129|192|124|185|139|164|116|175|118|199|94|166|111|125|80|149|91|145|89|117|78|122|58|86|54|79|49|91|37|75|33|67|25|63|25|67|24|46|22|68|21|41|26|41|22|36|15|30|14|33|2|18|9|7|6|14|7|15|10|14|2|5|6|7|4|6|2|3|10|15|0|0|0|22|7|29|194|141|335|0|0|0|10018|11330|21348|
แขวงบางโคล่|51|53|75|65|83|75|72|79|122|94|111|106|104|107|129|108|129|115|111|131|125|144|150|136|157|136|202|196|181|152|186|163|170|163|193|174|206|178|194|162|194|179|179|171|162|170|183|183|164|177|204|176|214|199|186|185|238|225|233|206|231|226|209|249|243|224|210|211|185|201|208|245|205|177|218|212|201|209|179|219|196|245|233|242|228|259|230|261|259|240|263|265|223|230|246|243|212|271|223|274|222|256|236|284|218|226|250|237|223|250|196|263|221|264|177|281|195|231|181|273|221|268|230|270|229|266|200|285|217|260|180|275|199|256|198|263|212|271|199|275|190|256|200|252|173|232|174|240|149|228|154|224|128|191|124|162|92|132|97|122|85|92|51|109|57|91|51|76|36|79|33|74|37|65|29|61|30|47|25|55|27|36|18|32|13|22|4|22|9|21|8|17|7|10|3|10|2|1|2|5|2|6|15|8|0|0|0|10|10|20|214|161|375|3|5|8|15566|17519|33085|
เขตประเวศ |496|465|643|562|654|655|717|639|815|725|831|774|922|872|1003|923|1051|958|998|920|1001|1011|1057|1007|1036|964|1182|1033|1064|1092|989|960|1133|1061|1004|1125|1081|1092|1057|1001|1053|1084|1059|1084|1006|1052|1113|984|1030|1031|1155|1114|998|1050|1060|1175|1274|1241|1244|1334|1322|1360|1241|1299|1218|1317|1264|1360|1251|1390|1220|1518|1184|1372|1252|1449|1150|1328|1143|1447|1308|1522|1345|1550|1429|1639|1394|1776|1423|1801|1561|1783|1602|1826|1506|1683|1447|1739|1444|1694|1341|1675|1295|1649|1274|1507|1299|1573|1305|1517|1286|1474|1231|1465|1189|1512|1139|1376|1014|1285|1040|1353|1013|1330|910|1225|867|1253|830|1156|854|1135|742|1089|643|936|645|994|662|899|586|825|581|826|523|791|493|833|474|758|453|700|412|634|368|525|295|496|275|456|219|386|216|341|202|336|168|291|167|274|119|228|140|201|111|185|87|180|71|120|59|123|42|90|34|70|35|75|30|55|20|41|10|24|13|19|5|20|5|13|12|8|51|43|0|0|0|1011|804|1815|1273|872|2145|54|52|106|85623|97939|183562|
แขวงประเวศ|252|223|314|237|302|331|346|317|384|362|410|380|437|431|476|437|510|448|513|433|507|496|511|491|500|495|599|479|524|496|490|443|560|523|480|556|532|522|530|489|522|518|516|535|490|501|537|460|498|534|547|532|487|490|511|574|582|575|582|622|622|637|601|581|574|589|582|675|558|649|557|723|548|647|554|692|556|603|541|674|619|696|611|689|665|765|635|854|655|851|731|833|761|848|715|803|723|809|679|759|620|735|607|723|585|693|604|719|574|679|619|652|555|647|564|672|531|625|460|627|468|654|437|603|413|555|417|557|394|551|397|537|373|505|290|425|289|462|294|428|252|378|285|398|249|385|246|357|228|363|202|347|193|312|185|256|138|252|130|215|104|171|103|176|101|170|75|132|83|137|63|111|74|86|54|85|46|84|40|57|24|48|22|38|13|36|12|34|14|22|9|17|3|12|8|12|3|7|5|4|7|2|32|25|0|0|0|952|759|1711|669|448|1117|46|41|87|41097|46333|87430|
แขวงหนองบอน|69|71|88|103|83|112|110|94|125|127|129|130|146|139|166|151|180|172|159|179|175|181|188|192|184|171|214|205|199|202|189|211|214|189|193|220|214|228|207|189|227|223|217|234|206|222|255|224|217|199|255|265|205|221|229|234|323|262|263|277|288|286|252|275|243|263|284|218|241|248|244|257|222|232|225|242|198|225|228|254|245|277|259|288|263|302|275|296|277|328|302|332|323|377|304|367|299|382|334|411|283|401|299|388|274|340|307|379|299|362|294|364|308|330|269|382|267|352|236|287|227|302|261|305|224|313|209|312|199|281|218|289|179|309|169|260|180|263|208|226|178|249|147|235|152|220|120|238|136|235|126|196|123|195|110|154|101|141|82|136|66|116|65|102|57|96|62|85|56|87|34|78|46|78|42|50|21|61|19|41|19|46|7|27|11|23|17|30|11|27|7|16|6|6|3|3|2|7|0|5|4|5|11|13|0|0|0|33|28|61|263|223|486|2|6|8|17984|21190|39174|
แขวงดอกไม้|175|171|241|222|269|212|261|228|306|236|292|264|339|302|361|335|361|338|326|308|319|334|358|324|352|298|369|349|341|394|310|306|359|349|331|349|335|342|320|323|304|343|326|315|310|329|321|300|315|298|353|317|306|339|320|367|369|404|399|435|412|437|388|443|401|465|398|467|452|493|419|538|414|493|473|515|396|500|374|519|444|549|475|573|501|572|484|626|491|622|528|618|518|601|487|513|425|548|431|524|438|539|389|538|415|474|388|475|432|476|373|458|368|488|356|458|341|399|318|371|345|397|315|422|273|357|241|384|237|324|239|309|190|275|184|251|176|269|160|245|156|198|149|193|122|186|127|238|110|160|125|157|96|127|73|115|56|103|63|105|49|99|48|63|44|70|31|74|28|50|22|39|20|37|15|50|20|35|12|22|16|29|13|25|10|11|6|11|5|6|4|8|1|6|2|4|0|6|0|4|1|1|8|5|0|0|0|26|17|43|341|201|542|6|5|11|26542|30416|56958|
เขตคลองเตย |206|139|224|258|232|207|249|230|254|239|284|308|314|293|351|300|337|314|372|320|342|362|368|355|371|351|481|419|382|405|416|427|426|430|425|434|420|457|419|413|439|442|419|456|457|455|464|439|487|483|505|538|497|462|508|483|602|590|638|658|657|651|641|693|693|675|657|667|619|675|651|732|688|682|674|653|602|639|650|735|669|719|716|742|634|759|694|775|732|806|731|796|725|741|679|776|582|792|675|749|588|695|563|669|522|695|563|714|530|758|586|652|533|669|581|692|553|682|539|650|529|689|524|662|500|689|501|669|467|683|457|624|449|610|454|558|392|548|363|515|342|490|337|454|341|425|299|433|274|419|253|369|274|377|222|355|180|296|163|253|142|210|132|208|106|229|100|173|86|136|88|121|67|135|80|145|69|120|50|102|50|90|47|84|31|67|31|63|22|43|10|36|20|27|16|20|9|20|8|15|10|7|41|50|0|0|0|776|652|1428|1387|831|2218|52|35|87|41567|46737|88304|
แขวงคลองเตย|141|96|165|176|161|149|175|163|172|163|197|198|223|203|254|203|241|217|253|230|242|265|261|257|284|255|343|309|293|304|301|302|322|311|322|319|318|328|306|308|316|314|316|312|334|329|334|315|348|363|355|378|366|336|362|332|417|380|439|395|418|392|409|403|464|405|412|367|393|361|413|421|430|384|432|361|399|353|408|411|431|397|462|395|428|405|472|424|485|485|495|466|457|439|435|460|386|452|437|454|379|428|360|430|330|421|369|442|361|461|393|405|347|431|400|447|378|437|373|425|354|464|356|438|312|451|323|437|301|445|307|396|284|367|289|331|239|336|232|324|210|315|209|275|206|253|188|286|169|247|146|245|170|208|122|215|105|159|91|164|85|113|69|120|60|136|51|88|52|75|40|77|37|70|57|77|31|68|21|48|20|43|22|45|14|35|18|29|12|15|3|20|8|12|9|12|3|11|6|9|3|3|16|21|0|0|0|674|550|1224|750|465|1215|50|33|83|27641|29303|56944|
แขวงคลองตัน|28|15|26|20|22|19|25|19|33|28|29|35|29|32|30|37|39|37|34|35|26|26|31|29|26|40|48|28|32|32|49|46|40|41|30|44|38|34|35|42|32|42|37|59|40|50|42|37|56|43|46|47|57|39|36|44|58|52|54|64|86|72|64|80|64|70|83|94|62|94|63|97|62|79|78|91|52|80|67|84|61|100|68|94|59|105|55|92|80|89|59|109|79|92|70|84|63|107|84|92|72|90|71|83|80|93|58|105|51|104|62|78|56|91|65|71|54|77|54|80|62|67|51|70|64|87|69|86|50|86|50|87|60|84|50|78|51|78|49|68|45|73|52|59|50|66|39|66|43|61|49|46|51|74|43|51|30|55|30|29|23|41|27|34|22|42|17|27|13|20|20|18|12|28|10|29|18|25|11|19|13|15|8|22|6|11|4|12|2|7|4|6|6|7|1|0|2|5|0|3|1|2|9|10|0|0|0|19|16|35|349|230|579|0|0|0|4675|5793|10468|
แขวงพระโขนง|37|28|33|62|49|39|49|48|49|48|58|75|62|58|67|60|57|60|85|55|74|71|76|69|61|56|90|82|57|69|66|79|64|78|73|71|64|95|78|63|91|86|66|85|83|76|88|87|83|77|104|113|74|87|110|107|127|158|145|199|153|187|168|210|165|200|162|206|164|220|175|214|196|219|164|201|151|206|175|240|177|222|186|253|147|249|167|259|167|232|177|221|189|210|174|232|133|233|154|203|137|177|132|156|112|181|136|167|118|193|131|169|130|147|116|174|121|168|112|145|113|158|117|154|124|151|109|146|116|152|100|141|105|159|115|149|102|134|82|123|87|102|76|120|85|106|72|81|62|111|58|78|53|95|57|89|45|82|42|60|34|56|36|54|24|51|32|58|21|41|28|26|18|37|13|39|20|27|18|35|17|32|17|17|11|21|9|22|8|21|3|10|6|8|6|8|4|4|2|3|6|2|16|19|0|0|0|83|86|169|288|136|424|2|2|4|9251|11641|20892|
เขตสวนหลวง |280|300|356|364|394|341|406|364|426|420|478|472|555|473|601|457|558|566|631|649|608|652|665|677|636|603|671|696|623|613|604|610|651|611|609|611|647|637|625|629|647|654|630|638|596|648|611|686|629|676|732|759|618|736|731|754|867|893|855|965|881|979|869|984|860|926|911|1051|864|998|857|1021|791|1011|849|1000|798|1011|882|978|892|1147|852|1185|946|1238|909|1225|1016|1225|983|1280|1036|1290|874|1202|939|1168|882|1145|830|1076|894|1034|785|959|846|997|732|1054|812|1013|712|1002|712|949|699|898|600|917|684|917|659|808|627|842|607|857|548|759|587|760|530|750|499|711|457|699|440|655|416|657|399|698|384|645|383|573|360|547|352|541|316|488|276|488|259|444|233|363|199|289|189|303|178|239|149|253|141|233|114|181|130|211|85|163|79|140|61|110|57|115|43|81|43|67|31|59|18|47|11|35|9|28|11|21|8|17|1|10|7|5|21|28|0|0|0|766|696|1462|1020|730|1750|35|36|71|55875|67416|123291|
แขวงสวนหลวง|124|151|179|162|196|173|200|176|222|206|232|237|270|236|290|233|256|281|299|275|267|290|289|283|265|259|275|317|258|262|248|285|247|231|256|238|257|264|242|256|278|255|250|244|255|245|243|269|248|279|296|311|246|287|298|293|364|350|355|358|334|410|306|375|355|375|352|457|332|410|366|450|334|455|378|454|359|451|378|459|381|475|366|538|427|545|403|530|448|540|429|547|421|538|387|493|379|465|347|464|304|414|358|419|295|351|347|395|280|434|319|377|274|379|283|395|271|347|228|342|270|330|238|305|211|309|226|333|191|273|184|257|200|272|159|229|157|231|141|247|160|216|134|241|112|236|132|201|112|187|108|181|120|177|91|159|94|153|76|121|64|86|55|95|61|80|53|82|47|76|43|56|43|73|30|59|32|42|17|40|22|36|9|31|9|17|8|19|7|18|2|12|4|9|2|5|4|6|1|2|2|3|9|10|0|0|0|0|0|0|426|300|726|3|2|5|22215|26807|49022|
แขวงอ่อนนุช|90|95|96|106|120|83|114|92|123|114|138|138|152|149|152|129|159|166|165|196|189|193|199|208|180|179|222|197|189|199|208|177|235|219|206|214|218|217|223|218|241|232|221|224|212|235|232|264|223|235|265|278|229|272|274|304|325|358|321|405|376|400|370|411|317|364|356|368|340|375|324|375|290|356|281|352|276|365|305|336|314|416|299|399|325|435|298|447|339|412|342|432|383|464|272|427|331|425|295|408|295|420|298|363|291|374|296|351|272|357|310|364|270|375|248|324|273|343|227|344|246|359|278|326|259|358|226|334|231|295|244|298|205|294|207|306|191|293|183|233|153|279|166|262|157|221|143|200|139|202|131|194|110|182|101|192|81|136|80|117|64|93|77|96|51|80|50|90|50|95|35|85|51|72|34|55|22|61|30|35|19|45|18|27|14|33|11|24|6|14|6|12|3|14|5|6|3|5|0|5|3|0|11|16|0|0|0|0|0|0|332|234|566|3|3|6|19563|23959|43522|
แขวงพัฒนาการ|66|54|81|96|78|85|92|96|81|100|108|97|133|88|159|95|143|119|167|178|152|169|177|186|191|165|174|182|176|152|148|148|169|161|147|159|172|156|160|155|128|167|159|170|129|168|136|153|158|162|171|170|143|177|159|157|178|185|179|202|171|169|193|198|188|187|203|226|192|213|167|196|167|200|190|194|163|195|199|183|197|256|187|248|194|258|208|248|229|273|212|301|232|288|215|282|229|278|240|273|231|242|238|252|199|234|203|251|180|263|183|272|168|248|181|230|155|208|145|231|168|228|143|177|157|175|155|190|126|191|159|205|125|184|133|176|109|175|116|175|103|162|99|195|115|188|108|172|109|158|113|166|86|129|84|137|84|155|77|125|71|110|57|112|66|79|46|81|44|62|36|40|36|66|21|49|25|37|14|35|16|34|16|23|20|17|12|16|5|15|3|11|2|5|4|10|1|6|0|3|2|2|1|2|0|0|0|766|696|1462|262|196|458|29|31|60|14097|16650|30747|
เขตจอมทอง |257|259|330|308|385|307|328|325|424|424|498|426|460|507|525|490|538|499|544|489|544|526|579|558|673|576|713|612|641|630|676|614|692|588|695|698|724|740|711|681|690|756|700|764|673|736|763|724|750|765|851|864|792|826|858|855|1014|1007|1007|1015|1004|1059|947|1038|998|1037|947|1061|1031|1022|913|1029|927|987|984|957|860|1004|874|907|1003|1050|972|1084|982|1038|996|1053|977|1028|1027|1093|997|1047|957|1078|965|1066|995|1095|904|1071|874|1059|955|989|895|1089|981|1098|972|1109|891|1074|972|1113|929|1084|846|1037|915|1117|912|1187|919|1239|887|1200|906|1066|869|1156|866|1149|757|1004|775|1029|710|956|617|896|639|889|564|836|582|833|514|785|456|691|461|699|371|574|337|465|270|401|259|360|225|380|202|342|174|324|161|282|147|235|163|272|120|235|106|209|113|184|80|128|72|104|46|97|48|77|44|59|36|50|30|31|14|33|15|35|18|22|9|15|61|86|0|0|0|1042|844|1886|643|487|1130|11|5|16|64776|73093|137869|
แขวงบางขุนเทียน|66|62|83|58|94|73|98|97|114|109|139|102|123|137|140|123|141|138|139|122|151|125|142|141|168|159|180|140|164|177|159|140|177|162|180|179|180|183|169|164|166|211|173|188|156|187|188|180|205|196|223|210|198|201|212|211|261|249|257|225|266|230|223|231|221|241|226|246|218|241|217|262|214|210|241|205|179|248|221|193|238|244|212|256|220|259|232|227|217|235|255|266|251|241|241|260|242|250|253|258|215|244|212|251|215|222|236|248|234|281|207|256|230|270|228|280|212|230|199|261|251|275|228|285|221|326|223|311|214|276|208|292|225|294|188|261|197|261|178|252|151|237|145|223|143|235|147|211|129|168|109|152|122|186|96|135|73|120|75|100|67|102|62|93|47|86|48|107|30|64|39|50|40|77|34|60|19|50|27|50|22|32|16|29|14|23|19|18|9|17|9|14|7|7|2|9|4|8|5|4|3|4|11|21|0|0|0|82|38|120|176|131|307|1|0|1|15737|17689|33426|
แขวงบางค้อ|48|71|67|85|91|68|61|70|84|92|89|94|90|107|105|111|110|102|127|99|118|124|115|139|159|112|150|141|130|129|162|154|152|144|162|152|173|161|172|146|196|161|168|176|167|172|189|171|177|190|244|232|185|212|226|228|257|267|244|282|238|280|243|278|278|287|253|281|263|272|228|263|245|279|272|281|224|254|211|231|257|281|240|282|228|266|253|263|248|270|241|258|239|245|234|265|239|271|209|266|235|257|213|253|221|261|204|265|246|249|246|253|202|286|243|242|224|258|206|234|200|277|227|267|227|303|182|273|202|240|201|235|201|254|155|227|161|235|172|219|159|203|140|195|131|171|123|204|112|186|115|160|99|160|79|134|97|125|65|111|71|92|50|93|57|92|45|77|42|84|33|67|47|73|28|44|30|56|31|56|15|28|24|25|10|24|12|12|13|15|8|11|9|5|5|6|4|4|5|8|1|2|17|18|0|0|0|75|46|121|86|58|144|1|1|2|15268|17499|32767|
แขวงบางมด|90|77|112|98|112|95|103|84|126|132|147|139|135|161|159|142|163|159|176|138|154|156|181|161|195|166|207|179|206|171|184|193|189|164|179|204|200|211|186|217|178|231|185|229|193|202|210|219|192|194|213|231|198|212|241|238|284|270|292|293|270|316|291|315|290|311|268|332|314|307|289|319|271|322|274|300|272|316|266|301|308|316|293|341|310|328|301|350|314|309|309|356|314|322|266|353|274|340|300|331|253|330|257|318|313|293|260|321|287|325|284|335|277|304|270|339|277|349|244|294|251|303|267|359|259|348|257|355|284|333|244|364|248|345|238|311|231|304|208|273|178|273|215|267|151|231|199|232|152|242|126|213|129|195|99|164|82|118|64|106|61|81|59|103|37|89|38|70|45|71|38|64|33|60|30|63|26|52|31|39|14|30|11|28|9|26|7|25|7|11|3|6|5|5|1|8|2|8|4|5|2|3|9|12|0|0|0|834|718|1552|162|164|326|7|2|9|19263|22138|41401|
แขวงจอมทอง|53|49|68|67|88|71|66|74|100|91|123|91|112|102|121|114|124|100|102|130|121|121|141|117|151|139|176|152|141|153|171|127|174|118|174|163|171|185|184|154|150|153|174|171|157|175|176|154|176|185|171|191|211|201|179|178|212|221|214|215|230|233|190|214|209|198|200|202|236|202|179|185|197|176|197|171|185|186|176|182|200|209|227|205|224|185|210|213|198|214|222|213|193|239|216|200|210|205|233|240|201|240|192|237|206|213|195|255|214|243|235|265|182|214|231|252|216|247|197|248|213|262|190|276|212|262|225|261|206|217|216|265|192|256|176|205|186|229|152|212|129|183|139|204|139|199|113|186|121|189|106|166|111|158|97|141|85|102|66|84|60|85|54|91|61|75|43|70|44|63|37|54|43|62|28|68|31|51|24|39|29|38|21|22|13|24|10|22|15|16|16|19|9|14|6|10|5|15|4|5|3|6|24|35|0|0|0|51|42|93|219|134|353|2|2|4|14508|15767|30275|
เขตดอนเมือง |333|315|421|369|443|446|482|462|540|501|601|570|676|659|669|637|685|653|700|677|686|664|727|713|814|722|863|833|821|806|816|735|826|805|869|813|975|793|1267|858|1110|831|2447|856|2620|866|1884|837|1420|878|1395|980|1323|918|1324|1039|1342|1173|1445|1195|1309|1261|1306|1179|1225|1204|1325|1257|1277|1275|1278|1212|1254|1205|1109|1200|1158|1149|1196|1205|1222|1309|1247|1246|1265|1346|1287|1358|1282|1387|1260|1417|1210|1450|1126|1281|1160|1411|1161|1355|1167|1319|1107|1291|1068|1282|1039|1373|1140|1364|1128|1377|1096|1348|1166|1419|1160|1289|993|1295|987|1305|1038|1353|910|1283|923|1261|863|1161|836|1223|729|1150|749|1005|660|898|629|923|610|852|574|791|510|768|474|743|462|688|403|613|338|560|333|500|281|369|267|376|215|341|231|326|201|273|156|233|135|232|109|180|129|187|89|189|81|122|59|129|47|111|45|73|33|46|28|47|21|39|17|17|15|32|9|11|12|7|2|8|3|6|6|11|0|0|0|1291|884|2175|488|327|815|19|11|30|82262|83332|165594|
แขวงสีกัน|146|144|180|155|183|185|202|205|225|198|246|243|279|276|292|267|277|252|270|262|270|265|258|258|306|284|345|330|300|305|310|272|291|294|316|310|342|289|450|345|405|310|881|318|1076|338|708|325|569|319|615|381|513|334|490|386|488|449|550|417|521|494|504|451|468|464|532|524|523|515|560|504|533|523|447|478|525|515|573|483|535|503|528|531|547|522|506|526|521|523|500|540|483|525|429|498|445|530|431|498|462|475|447|456|418|477|406|509|449|498|470|493|427|496|465|512|482|469|381|452|378|497|388|478|336|479|334|428|336|429|311|486|291|448|284|354|253|353|248|366|256|318|227|314|201|281|174|271|195|237|137|234|126|194|112|175|110|128|110|143|72|126|80|133|85|105|61|88|59|98|44|69|51|67|41|73|34|41|22|46|21|44|18|29|17|24|13|16|9|15|9|8|5|14|1|5|7|2|1|3|2|1|2|5|0|0|0|0|0|0|147|92|239|8|5|13|31917|31422|63339|
แขวงดอนเมือง|153|139|198|177|226|208|243|219|277|257|326|266|332|333|319|314|351|346|372|358|361|352|410|393|440|385|447|442|454|426|429|394|448|441|468|433|474|421|446|439|409|437|428|448|448|450|455|425|429|468|507|504|495|488|541|559|567|597|641|647|561|645|565|624|559|601|578|602|561|613|530|554|545|552|520|591|498|514|484|577|525|640|533|574|578|649|609|674|610|678|605|698|600|756|556|629|558|713|579|672|554|679|535|697|513|646|505|703|575|716|541|713|563|715|582|750|554|669|508|715|501|679|539|703|464|667|471|680|425|595|414|556|356|553|371|501|324|409|292|437|265|408|249|372|241|374|229|342|201|339|200|297|156|272|174|251|125|167|126|177|114|162|114|150|85|131|65|116|62|104|54|86|66|95|38|87|32|61|32|60|16|51|19|33|9|15|11|23|12|19|6|8|9|13|8|3|3|5|1|4|1|3|4|4|0|0|0|1291|884|2175|253|163|416|7|6|13|37113|42390|79503|
แขวงสนามบิน|34|32|43|37|34|53|37|38|38|46|29|61|65|50|58|56|57|55|58|57|55|47|59|62|68|53|71|61|67|75|77|69|87|70|85|70|159|83|371|74|296|84|1138|90|1096|78|721|87|422|91|273|95|315|96|293|94|287|127|254|131|227|122|237|104|198|139|215|131|193|147|188|154|176|130|142|131|135|120|139|145|162|166|186|141|140|175|172|158|151|186|155|179|127|169|141|154|157|168|151|185|151|165|125|138|137|159|128|161|116|150|117|171|106|137|119|157|124|151|104|128|108|129|111|172|110|137|118|153|102|137|111|181|82|149|94|150|83|136|89|120|89|126|98|105|68|113|71|130|66|112|66|82|56|94|47|74|46|74|31|56|29|53|37|43|31|37|30|29|14|30|11|25|12|25|10|29|15|20|5|23|10|16|8|11|7|7|4|8|0|5|2|1|1|5|0|3|2|0|0|1|0|2|0|2|0|0|0|0|0|0|88|72|160|4|0|4|13232|9520|22752|
เขตราชเทวี |100|79|129|125|137|132|169|143|168|135|194|147|168|184|169|201|198|215|204|200|172|239|188|252|218|244|231|250|216|236|207|240|261|244|234|274|244|281|293|402|315|453|529|546|501|492|313|445|342|376|337|419|335|402|387|393|427|439|431|455|459|474|420|440|459|460|431|401|459|440|425|437|395|424|427|501|351|386|333|372|370|378|371|395|362|397|374|427|379|399|385|417|414|397|403|434|362|431|415|420|351|377|391|364|326|400|343|421|384|426|353|390|359|419|351|417|385|409|370|401|323|425|316|409|328|394|323|394|301|396|304|402|318|415|279|371|293|348|253|342|254|359|263|335|237|309|229|317|235|276|199|294|178|271|172|259|141|213|130|212|112|154|100|149|114|123|83|143|89|147|80|114|71|137|78|117|86|102|73|99|65|97|55|84|40|83|54|67|47|53|52|47|29|39|24|31|29|26|23|28|26|22|157|130|0|0|0|2047|1723|3770|898|656|1554|120|116|236|29052|32325|61377|
แขวงทุ่งพญาไท|41|21|37|35|49|42|52|42|60|45|72|48|58|55|51|74|58|76|68|79|55|87|62|91|74|95|72|105|67|86|70|100|84|83|73|99|97|102|127|224|155|289|361|352|316|306|161|198|159|173|132|189|138|172|169|173|155|157|138|144|160|156|141|100|143|150|129|106|155|102|145|122|111|118|106|121|107|113|101|112|117|104|94|122|107|116|105|106|111|96|99|126|119|98|122|102|92|130|113|112|92|124|129|114|105|123|119|118|124|111|117|122|134|122|135|142|148|139|133|126|97|128|95|109|81|101|83|94|75|82|66|92|78|100|72|84|64|69|68|79|60|78|51|85|46|64|56|80|57|63|44|68|45|55|41|68|30|57|39|42|26|37|19|41|32|25|17|42|16|31|19|28|15|30|18|22|15|17|12|20|17|18|8|20|12|14|8|8|9|9|6|5|10|15|8|10|5|3|4|4|7|7|33|21|0|0|0|2047|1723|3770|343|306|649|89|81|170|10867|11430|22297|
แขวงถนนพญาไท|8|10|32|21|25|21|35|28|26|15|40|34|37|30|31|30|37|34|25|20|30|38|35|36|24|35|37|40|30|34|31|35|38|41|41|40|30|34|40|42|34|42|35|46|36|54|32|54|52|57|48|65|33|80|51|57|79|72|82|89|60|89|71|92|82|89|80|82|87|93|75|86|72|88|92|130|58|76|65|73|58|81|72|88|65|73|66|87|60|75|71|77|76|72|55|84|61|89|60|83|57|64|50|54|42|83|45|82|65|86|57|72|52|89|42|73|60|57|54|75|56|87|56|99|66|92|68|70|58|87|71|78|65|88|56|88|57|68|35|77|50|82|59|67|48|65|46|53|41|52|35|57|30|53|37|51|16|31|25|46|20|23|18|39|16|25|16|23|24|31|14|21|17|26|14|18|16|25|15|16|11|21|12|19|6|14|11|18|7|9|8|13|3|6|5|5|5|3|4|4|6|5|19|23|0|0|0|0|0|0|158|96|254|31|32|63|4455|5582|10037|
แขวงถนนเพชรบุรี|26|25|26|27|27|34|33|27|33|29|38|21|31|44|27|52|41|42|51|46|44|44|47|64|53|52|58|41|56|54|47|40|70|49|57|68|51|56|60|61|60|51|66|71|67|64|62|80|58|62|64|78|67|66|69|83|79|104|80|95|98|106|91|115|92|73|89|89|88|108|74|106|99|95|103|122|86|77|67|85|86|87|87|81|82|94|96|102|79|107|90|92|73|99|88|114|79|113|89|97|80|91|83|93|78|90|90|108|92|105|78|106|75|98|91|99|92|100|82|105|78|109|85|108|100|105|80|117|90|123|90|117|87|124|71|115|85|124|78|111|72|101|84|92|80|92|76|108|63|95|70|92|60|83|42|79|43|69|28|63|34|47|32|31|38|37|23|37|27|39|33|32|17|36|22|36|21|28|16|33|19|30|20|20|10|20|20|19|14|20|16|17|5|11|3|8|8|5|10|10|5|2|38|36|0|0|0|0|0|0|165|121|286|0|2|2|6183|7291|13474|
แขวงมักกะสัน|25|23|34|42|36|35|49|46|49|46|44|44|42|55|60|45|62|63|60|55|43|70|44|61|67|62|64|64|63|62|59|65|69|71|63|67|66|89|66|75|66|71|67|77|82|68|58|113|73|84|93|87|97|84|98|80|114|106|131|127|141|123|117|133|142|148|133|124|129|137|131|123|113|123|126|128|100|120|100|102|109|106|118|104|108|114|107|132|129|121|125|122|146|128|138|134|130|99|153|128|122|98|129|103|101|104|89|113|103|124|101|90|98|110|83|103|85|113|101|95|92|101|80|93|81|96|92|113|78|104|77|115|88|103|80|84|87|87|72|75|72|98|69|91|63|88|51|76|74|66|50|77|43|80|52|61|52|56|38|61|32|47|31|38|28|36|27|41|22|46|14|33|22|45|24|41|34|32|30|30|18|28|15|25|12|35|15|22|17|15|22|12|11|7|8|8|11|15|5|10|8|8|67|50|0|0|0|0|0|0|232|133|365|0|1|1|7547|8022|15569|
เขตลาดพร้าว |196|152|227|237|277|255|252|234|317|315|327|318|388|358|413|404|416|462|459|451|458|494|589|506|563|514|553|581|506|541|546|523|504|577|565|549|542|583|554|542|570|564|546|568|550|606|543|579|541|560|656|616|553|584|590|598|660|712|701|810|756|797|664|728|674|702|700|720|701|774|675|756|630|728|665|730|712|763|693|836|774|810|760|934|781|983|814|1065|863|1086|946|1049|978|1065|894|1106|885|1016|871|1066|792|948|793|973|762|974|799|958|799|960|747|969|756|964|742|908|673|893|663|880|664|874|630|904|643|874|566|865|603|888|610|893|571|833|519|798|501|840|510|790|519|759|488|773|496|729|452|731|423|687|433|673|403|645|335|535|288|499|285|463|224|441|213|353|199|318|179|268|161|269|141|194|142|224|112|188|84|173|79|131|62|100|36|98|36|72|31|45|16|53|14|47|10|21|12|22|9|17|7|13|0|7|13|17|0|0|0|338|276|614|385|334|719|15|11|26|49981|60679|110660|
แขวงลาดพร้าว|158|126|178|184|205|192|197|178|248|245|248|239|310|271|307|326|338|345|345|368|346|381|458|384|415|400|435|444|387|418|425|403|403|432|440|426|423|460|424|417|465|438|439|444|445|478|439|452|408|438|520|474|438|459|473|473|517|567|544|634|590|616|531|587|535|545|555|576|554|632|549|571|502|545|521|553|574|594|517|647|601|627|584|689|592|756|625|812|649|824|711|790|751|800|661|833|696|775|674|819|601|720|601|755|593|750|608|743|630|764|579|707|585|751|571|691|534|669|509|691|514|678|484|710|495|656|423|677|459|673|459|691|444|641|396|629|397|632|365|582|380|568|358|578|377|544|332|543|315|529|334|480|306|491|260|408|221|389|208|340|167|335|163|274|155|237|141|190|119|216|99|156|112|162|88|133|65|143|54|98|45|80|28|72|26|61|25|34|12|43|12|32|7|19|8|19|6|13|7|11|0|7|10|12|0|0|0|338|276|614|310|288|598|14|11|25|38699|46689|85388|
แขวงจรเข้บัว|38|26|49|53|72|63|55|56|69|70|79|79|78|87|106|78|78|117|114|83|112|113|131|122|148|114|118|137|119|123|121|120|101|145|125|123|119|123|130|125|105|126|107|124|105|128|104|127|133|122|136|142|115|125|117|125|143|145|157|176|166|181|133|141|139|157|145|144|147|142|126|185|128|183|144|177|138|169|176|189|173|183|176|245|189|227|189|253|214|262|235|259|227|265|233|273|189|241|197|247|191|228|192|218|169|224|191|215|169|196|168|262|171|213|171|217|139|224|154|189|150|196|146|194|148|218|143|188|144|215|151|202|127|192|123|169|104|208|145|208|139|191|130|195|119|185|120|188|108|158|99|193|97|154|75|127|67|110|77|123|57|106|50|79|44|81|38|78|42|53|42|38|30|62|24|55|19|30|25|33|17|20|8|26|10|11|6|11|4|10|2|15|3|2|4|3|3|4|0|2|0|0|3|5|0|0|0|0|0|0|75|46|121|1|0|1|11282|13990|25272|
เขตวัฒนา |149|142|185|144|199|181|212|160|199|204|233|217|239|256|237|237|264|225|287|278|279|261|291|263|283|284|279|322|300|264|272|273|313|303|324|318|311|299|324|324|290|346|315|318|339|338|322|312|314|386|349|366|330|339|306|384|404|433|374|450|435|453|393|465|431|500|430|475|456|498|423|489|417|495|434|523|414|503|446|513|436|574|464|561|449|609|436|598|477|609|458|670|455|624|483|654|467|604|428|540|435|548|389|563|404|539|424|566|457|586|438|561|417|564|430|533|391|500|373|476|372|489|346|477|346|482|321|468|348|496|316|496|352|465|314|460|331|425|307|462|297|405|270|469|315|422|274|407|302|351|242|381|255|375|239|327|178|327|196|277|175|249|157|224|147|254|142|197|121|192|113|195|120|171|116|165|106|142|96|151|69|137|73|116|80|98|55|87|55|60|54|65|48|56|42|66|27|39|23|49|19|24|164|181|0|0|0|4747|4531|9278|2698|1839|4537|48|38|86|36929|42807|79736|
แขวงคลองเตยเหนือ|19|15|26|19|29|27|19|20|31|25|25|32|27|26|26|27|31|27|25|37|28|28|44|45|29|45|29|49|41|43|40|30|49|38|41|40|41|41|44|41|29|42|37|37|43|46|29|38|35|48|32|45|25|41|34|42|40|48|46|51|47|60|45|56|55|68|43|58|58|59|53|62|44|61|43|45|49|83|50|57|64|83|59|79|53|66|51|76|69|78|60|91|61|75|61|74|58|97|52|83|55|72|55|90|55|73|50|76|49|84|57|69|51|88|51|75|52|71|51|64|60|61|45|53|47|63|33|62|51|61|36|73|47|45|30|63|45|49|36|67|44|40|33|42|42|48|28|46|41|56|27|31|34|58|23|41|23|30|24|32|25|34|22|21|22|27|18|25|12|24|9|18|12|15|11|20|9|15|14|12|9|21|12|17|7|3|4|13|7|7|9|11|7|6|1|8|3|7|5|4|1|2|17|20|0|0|0|0|0|0|831|538|1369|0|0|0|4411|5155|9566|
แขวงคลองตันเหนือ|95|78|119|88|118|104|127|94|121|120|131|120|141|153|145|144|160|128|187|168|167|166|176|142|176|170|172|184|178|144|164|160|194|166|195|193|195|176|197|202|176|202|210|201|213|211|186|187|197|226|236|214|200|193|174|215|249|241|216|237|255|253|208|251|241|255|243|241|249|241|236|252|233|225|223|264|236|242|246|280|225|273|237|305|238|321|237|322|244|299|242|372|263|354|240|360|262|310|248|279|243|316|219|310|227|301|233|305|265|306|248|316|239|282|246|308|228|280|219|244|203|262|191|258|208|246|187|261|190|254|182|258|190|235|171|257|168|225|165|231|155|217|152|270|177|227|145|234|163|179|134|215|129|190|145|173|93|186|105|150|91|128|91|133|75|143|80|110|55|111|64|115|60|93|68|86|61|81|54|93|43|67|39|55|44|55|32|46|27|32|27|36|28|33|29|39|14|20|10|31|8|13|94|98|0|0|0|4747|4531|9278|1429|1011|2440|46|36|82|22957|25418|48375|
แขวงพระโขนงเหนือ|35|49|40|37|52|50|66|46|47|59|77|65|71|77|66|66|73|70|75|73|84|67|71|76|78|69|78|89|81|77|68|83|70|99|88|85|75|82|83|81|85|102|68|80|83|81|107|87|82|112|81|107|105|105|98|127|115|144|112|162|133|140|140|158|135|177|144|176|149|198|134|175|140|209|168|214|129|178|150|176|147|218|168|177|158|222|148|200|164|232|156|207|131|195|182|220|147|197|128|178|137|160|115|163|122|165|141|185|143|196|133|176|127|194|133|150|111|149|103|168|109|166|110|166|91|173|101|145|107|181|98|165|115|185|113|140|118|151|106|164|98|148|85|157|96|147|101|127|98|116|81|135|92|127|71|113|62|111|67|95|59|87|44|70|50|84|44|62|54|57|40|62|48|63|37|59|36|46|28|46|17|49|22|44|29|40|19|28|21|21|18|18|13|17|12|19|10|12|8|14|10|9|53|63|0|0|0|0|0|0|438|290|728|2|2|4|9561|12234|21795|
เขตบางแค |379|396|500|498|566|512|547|564|619|569|662|614|730|688|731|729|770|730|758|696|811|756|801|794|860|878|923|898|863|865|854|837|969|886|998|884|993|965|1022|984|1037|1012|1078|1050|1027|1018|1049|1033|1075|1025|1207|1166|1105|1181|1245|1243|1460|1500|1455|1571|1611|1574|1432|1526|1392|1573|1408|1540|1363|1465|1373|1517|1324|1390|1276|1337|1213|1299|1252|1312|1275|1458|1268|1473|1344|1516|1340|1498|1421|1536|1320|1591|1403|1580|1327|1580|1331|1557|1393|1645|1254|1484|1235|1617|1227|1571|1316|1598|1329|1623|1287|1609|1279|1680|1306|1782|1283|1699|1292|1762|1319|1766|1327|1675|1278|1724|1280|1674|1176|1627|1188|1620|1116|1556|1049|1419|977|1371|929|1351|846|1203|815|1228|709|1128|644|1059|642|984|586|892|540|859|440|694|417|617|317|584|318|519|266|429|260|404|222|379|218|376|161|268|156|322|156|280|118|268|96|184|82|157|57|121|41|111|30|99|29|69|16|49|13|39|9|34|9|23|0|18|5|13|32|34|0|0|0|598|452|1050|977|894|1871|27|31|58|88459|103538|191997|
แขวงบางแค|62|90|108|104|107|109|93|98|112|128|121|124|141|129|163|139|149|160|154|129|180|155|180|169|204|197|180|185|194|211|198|187|213|184|222|192|220|213|207|192|244|215|207|241|221|217|232|218|211|207|225|224|239|265|267|250|288|329|293|359|365|347|313|341|295|310|288|309|268|294|282|308|279|313|286|286|242|283|261|300|258|299|256|319|298|318|277|343|315|329|291|364|318|364|289|383|294|389|301|377|284|353|271|340|293|355|304|344|279|361|267|345|250|349|271|367|288|311|251|331|243|301|236|296|207|292|206|307|178|250|226|301|189|254|194|233|168|229|164|235|152|209|137|216|124|222|122|203|120|173|97|174|87|168|91|114|72|102|53|94|54|99|41|64|40|70|38|67|38|68|18|42|21|61|19|38|25|42|17|27|9|28|11|31|7|12|3|14|5|11|1|9|3|5|0|8|3|5|0|3|2|3|10|9|0|0|0|0|0|0|422|370|792|1|3|4|18023|21114|39137|
แขวงบางแคเหนือ|102|112|123|133|139|130|144|160|144|144|173|160|199|177|189|203|212|190|219|197|229|188|214|191|241|214|241|241|226|227|239|242|268|246|272|256|260|276|276|275|281|280|303|299|301|302|303|285|305|302|337|371|306|335|357|358|439|433|436|437|462|442|358|418|381|493|419|442|417|433|396|462|395|409|377|396|356|392|345|341|380|436|375|429|389|453|391|436|398|440|357|446|418|454|378|479|398|456|399|483|363|407|365|461|342|443|393|481|387|492|378|463|396|496|383|499|376|512|402|504|378|549|398|528|410|532|418|542|354|533|354|523|351|517|345|478|320|470|315|474|287|406|288|443|230|386|209|369|213|370|194|329|194|293|130|236|138|224|107|209|124|203|93|154|92|144|77|125|72|130|56|96|54|126|58|101|39|99|28|72|33|58|16|43|13|43|14|33|9|28|4|22|6|15|3|10|3|8|0|3|0|2|5|5|0|0|0|598|452|1050|208|197|405|19|23|42|26309|31465|57774|
แขวงบางไผ่|87|79|103|92|120|107|109|108|127|109|143|130|141|133|155|157|167|155|157|139|181|163|161|186|193|200|204|180|159|160|165|150|194|189|198|186|226|183|216|212|208|220|237|201|208|184|204|221|228|200|283|234|235|216|254|246|293|300|307|329|326|319|309|282|293|302|300|275|267|286|279|257|263|246|226|231|255|235|251|252|249|273|255|279|259|275|281|272|256|296|281|294|260|293|288|290|250|296|286|294|268|296|237|345|243|311|250|332|277|329|254|312|268|339|288|371|258|380|278|400|298|368|297|355|280|409|291|352|282|360|287|359|238|356|216|302|222|311|216|306|195|267|166|248|136|246|136|216|157|188|143|178|128|200|103|183|97|154|78|126|77|94|72|105|75|103|64|85|63|94|44|57|38|74|52|59|29|63|28|26|18|38|15|18|11|29|8|20|9|16|3|9|3|7|5|10|1|7|0|4|1|6|8|10|0|0|0|0|0|0|154|162|316|4|4|8|18466|20915|39381|
แขวงหลักสอง|128|115|166|169|200|166|201|198|236|188|225|200|249|249|224|230|242|225|228|231|221|250|246|248|222|267|298|292|284|267|252|258|294|267|306|250|287|293|323|305|304|297|331|309|297|315|310|309|331|316|362|337|325|365|367|389|440|438|419|446|458|466|452|485|423|468|401|514|411|452|416|490|387|422|387|424|360|389|395|419|388|450|382|446|398|470|391|447|452|471|391|487|407|469|372|428|389|416|407|491|339|428|362|471|349|462|369|441|386|441|388|489|365|496|364|545|361|496|361|527|400|548|396|496|381|491|365|473|362|484|321|437|338|429|294|406|267|361|234|336|212|321|224|321|219|274|177|271|152|253|152|211|131|198|116|161|110|137|79|155|63|123|60|106|53|87|43|102|45|84|43|73|43|61|27|82|25|64|23|59|22|33|15|29|10|27|5|32|6|14|8|9|1|12|1|6|2|3|0|8|2|2|9|10|0|0|0|0|0|0|193|165|358|3|1|4|25661|30044|55705|
เขตหลักสี่ |180|166|238|210|229|242|241|217|270|267|334|300|302|328|329|317|337|306|345|327|321|351|382|382|370|385|423|420|435|363|382|415|414|386|414|427|481|475|558|502|588|482|1317|502|1340|487|738|466|654|495|621|523|601|541|608|547|678|662|737|653|697|703|697|643|658|642|693|666|687|668|652|714|605|637|618|686|591|665|624|713|657|706|641|728|649|747|697|769|737|789|717|816|711|795|664|811|711|819|745|859|707|852|697|805|693|774|653|784|670|774|683|823|639|801|618|796|579|790|567|758|545|768|586|800|541|817|551|797|532|756|520|783|534|772|502|759|435|687|438|707|431|644|423|658|400|622|364|570|372|574|358|529|313|549|310|434|251|407|226|393|232|303|189|311|198|298|166|259|152|256|129|191|116|203|101|193|88|144|63|133|66|98|56|69|34|62|34|63|22|41|21|33|12|30|10|23|9|12|5|11|8|9|24|35|0|0|0|941|260|1201|263|195|458|15|7|22|46410|50942|97352|
แขวงทุ่งสองห้อง|121|119|172|148|172|166|169|155|189|184|229|216|218|222|234|226|235|208|238|231|236|251|272|265|265|275|305|296|302|242|264|290|282|260|302|315|363|348|433|361|475|349|1205|358|1201|340|580|331|513|345|473|379|450|365|452|401|487|462|556|465|515|498|490|471|503|468|504|463|490|457|482|495|432|457|458|480|407|446|451|524|471|486|446|522|462|547|503|531|520|566|505|591|516|570|477|536|525|554|552|616|503|624|502|556|504|562|471|563|471|550|501|578|446|591|444|582|421|549|395|561|414|561|438|566|399|609|392|590|383|541|384|573|392|579|362|541|327|534|325|522|312|477|296|479|307|472|272|417|279|440|282|403|231|409|239|319|197|310|163|302|166|240|154|254|157|239|129|187|130|202|95|153|86|158|80|149|68|117|51|100|45|77|43|48|25|42|20|52|11|30|16|28|6|23|6|19|4|7|3|7|3|7|12|20|0|0|0|891|206|1097|199|139|338|13|7|20|34567|36722|71289|
แขวงตลาดบางเขน|59|47|66|62|57|76|72|62|81|83|105|84|84|106|95|91|102|98|107|96|85|100|110|117|105|110|118|124|133|121|118|125|132|126|112|112|118|127|125|141|113|133|112|144|139|147|158|135|141|150|148|144|151|176|156|146|191|200|181|188|182|205|207|172|155|174|189|203|197|211|170|219|173|180|160|206|184|219|173|189|186|220|195|206|187|200|194|238|217|223|212|225|195|225|187|275|186|265|193|243|204|228|195|249|189|212|182|221|199|224|182|245|193|210|174|214|158|241|172|197|131|207|148|234|142|208|159|207|149|215|136|210|142|193|140|218|108|153|113|185|119|167|127|179|93|150|92|153|93|134|76|126|82|140|71|115|54|97|63|91|66|63|35|57|41|59|37|72|22|54|34|38|30|45|21|44|20|27|12|33|21|21|13|21|9|20|14|11|11|11|5|5|6|7|4|4|5|5|2|4|5|2|12|15|0|0|0|50|54|104|64|56|120|2|0|2|11843|14220|26063|
เขตสายไหม |544|512|634|634|727|688|785|664|813|762|943|880|972|917|1084|1043|1103|1022|1109|1004|1055|1088|1178|1139|1123|1051|1205|1256|1183|1102|1118|1111|1055|1124|1139|1107|1119|1135|1089|1124|1080|1162|1254|1262|1264|1167|1177|1219|1184|1177|1318|1227|1257|1259|1381|1415|1550|1629|1689|1749|1709|1773|1548|1712|1544|1759|1604|1715|1567|1699|1520|1665|1429|1580|1380|1623|1361|1547|1438|1726|1443|1686|1457|1748|1554|1787|1539|1872|1546|1887|1731|1978|1632|1876|1439|1903|1494|1832|1481|1718|1472|1716|1483|1786|1471|1767|1554|1805|1558|1839|1499|1881|1413|1920|1539|1966|1415|1780|1474|1805|1506|1878|1420|1808|1317|1638|1244|1602|1148|1538|1117|1546|985|1460|896|1206|838|1189|822|1117|699|1043|678|1042|569|891|569|869|525|810|474|722|466|658|388|566|366|506|306|488|286|428|251|408|217|371|205|364|174|346|162|234|146|287|121|235|97|211|88|168|67|146|67|119|51|86|33|67|23|50|26|32|14|32|15|24|17|18|15|20|7|10|32|44|0|0|0|992|829|1821|1054|774|1828|73|60|133|98992|113920|212912|
แขวงสายไหม|170|153|212|212|241|249|240|219|274|258|332|292|359|357|378|370|384|340|412|352|394|400|442|447|407|426|486|434|471|389|420|395|363|391|421|426|436|419|411|409|405|422|421|464|434|422|438|455|389|448|491|484|440|486|476|532|567|589|610|609|648|606|534|595|535|623|529|575|554|603|516|588|514|598|495|580|479|522|500|624|510|579|526|636|523|657|526|686|562|672|598|710|610|710|531|763|527|668|492|628|509|619|514|691|551|703|583|658|567|685|528|735|497|734|547|764|501|687|525|728|569|752|597|701|510|650|502|641|470|627|441|658|389|590|374|480|345|521|336|444|276|448|288|436|242|364|238|356|243|345|193|285|201|273|179|246|152|209|114|202|110|174|102|174|94|157|80|148|69|142|56|103|64|128|58|99|42|87|40|74|26|62|32|60|19|41|13|30|14|21|10|12|3|7|7|6|5|6|4|6|3|3|9|14|0|0|0|992|829|1821|629|489|1118|71|57|128|37166|43633|80799|
แขวงออเงิน|147|150|179|179|205|176|222|178|212|210|240|246|228|212|258|251|278|253|258|255|203|244|271|266|242|214|240|299|263|229|259|250|254|270|244|243|237|259|237|225|231|235|293|252|250|240|237|265|233|269|272|278|259|262|287|276|316|316|331|371|343|380|308|371|323|404|349|399|335|412|361|402|313|396|338|391|307|402|375|448|361|451|350|405|401|444|387|489|367|449|426|487|406|423|365|443|353|432|390|442|351|396|357|410|320|354|353|404|351|404|347|378|321|416|324|386|289|365|314|359|291|377|284|333|273|324|225|297|216|276|202|282|186|251|164|219|155|202|149|207|143|179|122|174|94|158|106|147|74|124|75|137|79|112|52|78|61|91|43|75|33|65|31|66|29|52|27|52|31|56|30|32|24|39|8|20|11|22|7|23|14|22|8|17|2|11|2|8|2|9|4|3|2|6|1|2|2|2|1|4|0|2|3|5|0|0|0|0|0|0|141|92|233|1|2|3|21279|24370|45649|
แขวงคลองถนน|227|209|243|243|281|263|323|267|327|294|371|342|385|348|448|422|441|429|439|397|458|444|465|426|474|411|479|523|449|484|439|466|438|463|474|438|446|457|441|490|444|505|540|546|580|505|502|499|562|460|555|465|558|511|618|607|667|724|748|769|718|787|706|746|686|732|726|741|678|684|643|675|602|586|547|652|575|623|563|654|572|656|581|707|630|686|626|697|617|766|707|781|616|743|543|697|614|732|599|648|612|701|612|685|600|710|618|743|640|750|624|768|595|770|668|816|625|728|635|718|646|749|539|774|534|664|517|664|462|635|474|606|410|619|358|507|338|466|337|466|280|416|268|432|233|369|225|366|208|341|206|300|186|273|157|242|153|206|149|211|143|189|118|168|94|162|98|164|74|148|76|99|58|120|55|116|44|102|41|71|27|62|27|42|30|34|18|29|7|20|12|17|9|19|7|16|10|10|10|10|4|5|20|25|0|0|0|0|0|0|284|193|477|1|1|2|40547|45917|86464|
เขตคันนายาว |205|179|235|199|260|253|256|234|289|262|316|276|316|328|357|343|364|361|398|342|399|376|433|402|414|372|445|470|440|432|473|476|493|432|459|474|468|488|462|495|507|468|470|490|432|483|476|494|526|533|554|514|492|521|518|565|611|665|643|651|646|678|608|678|572|686|572|636|574|655|574|653|552|600|567|626|542|590|565|618|575|642|605|719|570|783|603|743|643|737|642|825|672|793|621|755|639|773|608|740|622|729|611|731|584|695|590|830|631|825|577|775|620|777|628|799|601|730|551|754|551|729|545|765|514|737|565|710|499|656|477|720|423|618|410|591|393|533|378|527|334|516|351|473|302|470|296|426|286|411|240|370|206|373|208|294|161|232|147|223|160|196|126|212|110|176|105|149|69|158|72|136|82|126|62|121|49|85|41|101|17|68|42|73|21|47|19|31|14|27|10|26|9|19|7|18|6|8|5|6|2|6|9|17|0|0|0|2088|1843|3931|1995|1840|3835|109|95|204|43191|50111|93302|
แขวงคันนายาว|103|110|117|99|128|130|127|112|140|115|143|135|155|149|154|157|186|166|195|163|178|183|199|172|179|167|196|208|204|182|219|206|220|179|201|227|203|214|203|230|236|185|220|216|179|197|198|219|248|263|247|232|214|220|225|249|270|292|294|296|276|319|284|317|272|323|254|314|247|304|255|300|253|270|272|294|241|279|244|281|278|292|284|348|244|384|271|323|285|323|266|350|306|357|253|317|270|356|274|310|277|322|271|302|257|291|272|351|285|369|275|355|295|330|279|386|274|330|228|329|249|315|257|331|228|334|271|298|234|274|230|314|189|291|193|260|172|233|166|235|159|225|183|212|116|196|142|186|127|163|103|148|97|170|93|110|61|86|63|82|63|80|54|73|38|52|48|66|25|59|31|54|35|37|20|42|22|31|9|34|4|20|12|20|5|12|7|14|3|13|3|8|5|7|3|4|2|1|4|0|0|1|2|7|0|0|0|2088|1843|3931|1856|1737|3593|108|91|199|21603|24168|45771|
แขวงรามอินทรา|102|69|118|100|132|123|129|122|149|147|173|141|161|179|203|186|178|195|203|179|221|193|234|230|235|205|249|262|236|250|254|270|273|253|258|247|265|274|259|265|271|283|250|274|253|286|278|275|278|270|307|282|278|301|293|316|341|373|349|355|370|359|324|361|300|363|318|322|327|351|319|353|299|330|295|332|301|311|321|337|297|350|321|371|326|399|332|420|358|414|376|475|366|436|368|438|369|417|334|430|345|407|340|429|327|404|318|479|346|456|302|420|325|447|349|413|327|400|323|425|302|414|288|434|286|403|294|412|265|382|247|406|234|327|217|331|221|300|212|292|175|291|168|261|186|274|154|240|159|248|137|222|109|203|115|184|100|146|84|141|97|116|72|139|72|124|57|83|44|99|41|82|47|89|42|79|27|54|32|67|13|48|30|53|16|35|12|17|11|14|7|18|4|12|4|14|4|7|1|6|2|5|7|10|0|0|0|0|0|0|139|103|242|1|4|5|21588|25943|47531|
เขตสะพานสูง |241|252|326|293|338|308|367|328|392|368|412|403|444|373|462|450|473|520|506|500|556|539|551|523|524|523|581|568|532|530|537|511|531|533|498|524|582|534|550|519|573|581|555|555|536|523|509|540|502|577|566|638|513|564|569|584|706|731|703|711|691|835|653|780|678|785|616|745|672|767|658|777|622|721|614|759|591|683|662|717|652|782|656|833|702|811|722|902|754|931|773|939|733|935|705|853|730|819|685|796|634|779|678|751|629|760|627|796|646|835|619|806|595|808|662|825|618|819|536|805|586|733|576|823|533|800|567|735|524|706|544|805|467|763|470|644|432|671|447|574|389|594|384|566|374|514|354|499|308|467|302|417|269|390|241|323|208|301|168|270|131|232|122|201|112|190|91|186|101|157|59|120|64|117|71|110|48|87|48|78|32|64|19|70|18|50|15|44|9|39|4|22|10|15|4|11|3|15|1|12|1|1|9|10|0|0|0|184|153|337|422|289|711|11|7|18|44680|53132|97812|
แขวงสะพานสูง|49|53|68|65|81|68|70|59|93|68|86|75|117|69|101|94|116|114|105|111|137|125|118|128|128|115|115|153|114|136|128|104|122|124|98|140|135|127|129|132|138|132|157|146|113|131|128|148|135|142|153|148|130|139|141|127|161|191|180|181|177|208|197|186|169|165|156|162|167|199|165|203|147|156|165|206|157|175|203|186|172|195|172|205|196|219|175|227|204|236|204|237|189|234|193|222|195|233|170|214|175|220|158|208|188|231|162|209|167|209|150|202|164|209|168|205|167|200|130|220|138|185|155|226|160|226|158|238|156|249|166|287|164|261|169|226|158|246|178|204|151|224|157|223|155|223|155|206|125|196|143|172|114|168|109|129|100|124|73|117|60|98|53|91|59|79|36|69|40|63|27|44|35|51|32|39|18|35|27|33|10|24|10|34|5|23|8|18|4|17|1|8|5|5|2|7|1|9|1|8|0|1|5|3|0|0|0|184|153|337|134|111|245|6|4|10|12395|14883|27278|
แขวงราษฎร์พัฒนา|103|92|128|113|123|122|158|131|160|158|177|182|193|154|205|209|210|236|235|231|261|252|281|238|258|279|283|254|256|247|257|242|265|252|230|232|272|263|260|235|265|274|247|247|283|261|239|268|250|269|274|319|224|269|277|277|354|331|318|310|310|370|279|322|298|354|253|340|279|320|282|304|274|323|247|300|232|298|254|293|265|347|284|394|299|340|309|372|330|437|346|450|312|436|305|375|312|367|289|369|292|366|310|344|288|343|297|370|302|419|278|407|290|381|313|413|290|406|269|376|301|371|277|388|235|389|286|327|246|291|255|340|215|336|206|274|174|278|167|217|145|215|132|197|137|164|103|178|109|135|91|127|85|122|65|95|60|86|50|76|38|73|36|48|30|57|23|66|32|50|15|50|17|38|19|41|17|35|13|31|12|18|6|20|4|17|5|19|4|13|1|6|2|6|1|2|2|3|0|1|1|0|1|3|0|0|0|0|0|0|166|99|265|0|0|0|19518|23185|42703|
แขวงทับช้าง|89|107|130|115|134|118|139|138|139|142|149|146|134|150|156|147|147|170|166|158|158|162|152|157|138|129|183|161|162|147|152|165|144|157|170|152|175|144|161|152|170|175|151|162|140|131|142|124|117|166|139|171|159|156|151|180|191|209|205|220|204|257|177|272|211|266|207|243|226|248|211|270|201|242|202|253|202|210|205|238|215|240|200|234|207|252|238|303|220|258|223|252|232|265|207|256|223|219|226|213|167|193|210|199|153|186|168|217|177|207|191|197|141|218|181|207|161|213|137|209|147|177|144|209|138|185|123|170|122|166|123|178|88|166|95|144|100|147|102|153|93|155|95|146|82|127|96|115|74|136|68|118|70|100|67|99|48|91|45|77|33|61|33|62|23|54|32|51|29|44|17|26|12|28|20|30|13|17|8|14|10|22|3|16|9|10|2|7|1|9|2|8|3|4|1|2|0|3|0|3|0|0|3|4|0|0|0|0|0|0|122|79|201|5|3|8|12767|15064|27831|
เขตวังทองหลาง |165|171|228|229|240|237|248|240|330|304|302|304|357|352|383|383|412|470|497|468|553|524|572|592|530|583|619|577|548|570|535|542|512|558|563|500|574|569|563|573|543|540|560|540|522|557|554|524|523|580|608|609|556|587|569|616|663|736|723|746|707|812|714|695|690|749|677|732|675|755|680|709|613|725|594|705|591|683|627|695|660|747|637|830|719|908|720|938|729|986|759|1044|745|999|739|995|768|982|745|952|693|898|693|933|699|860|720|923|761|938|727|928|656|882|724|887|623|858|603|810|614|823|644|847|612|843|602|790|523|747|551|767|514|714|509|690|431|663|456|602|394|645|412|619|357|551|388|523|313|564|320|471|309|430|250|421|230|361|188|359|183|285|183|298|162|265|128|241|140|216|87|167|114|195|92|153|87|155|72|126|53|105|49|98|38|78|26|67|31|52|11|33|11|23|6|20|12|17|9|12|7|8|23|29|0|0|0|373|275|648|455|351|806|16|18|34|46225|56056|102281|
แขวงวังทองหลาง|34|45|54|49|58|63|60|62|73|63|63|51|84|71|80|73|92|94|86|100|87|90|105|106|93|114|127|107|111|119|116|135|114|117|111|106|140|120|133|137|135|131|116|120|117|123|132|102|99|145|140|132|131|128|117|135|147|167|140|156|156|167|165|177|167|173|146|160|153|168|158|155|147|173|164|147|114|134|143|150|148|167|138|186|170|187|172|201|167|223|172|225|170|214|154|234|169|224|173|234|170|212|158|221|173|209|161|226|203|208|179|233|175|195|147|212|163|175|128|188|135|183|143|190|149|197|129|178|117|188|130|162|121|159|125|170|103|149|119|137|108|169|91|156|85|116|92|128|78|168|87|141|80|107|65|102|67|98|55|76|50|71|52|82|34|65|30|65|43|55|20|37|33|48|27|47|27|48|17|40|13|25|15|21|13|16|10|14|9|12|1|7|3|3|1|6|3|2|2|4|4|2|9|9|0|0|0|0|0|0|131|81|212|0|1|1|10524|12674|23198|
แขวงสะพานสอง|13|11|15|19|27|21|24|17|22|23|22|19|26|36|24|23|27|43|32|31|45|40|44|38|39|43|36|40|45|43|35|42|42|47|37|36|43|48|46|45|48|54|58|40|53|54|48|44|53|56|64|64|48|70|67|63|79|82|92|83|81|94|93|81|69|92|76|90|82|79|93|88|62|89|68|69|69|72|74|91|79|79|75|87|72|88|67|100|80|85|75|99|66|94|69|101|69|80|70|92|76|93|65|86|73|87|81|95|89|96|79|85|59|78|83|84|67|106|58|88|65|91|87|80|64|90|68|96|62|92|71|88|63|78|59|89|61|110|55|74|59|70|57|97|50|92|51|73|44|69|53|79|43|62|31|68|28|57|24|60|34|34|26|45|33|36|17|32|21|42|12|35|18|28|15|25|13|24|16|23|6|13|7|21|6|17|4|8|3|4|0|6|0|2|2|4|2|6|1|0|0|1|2|6|0|0|0|0|0|0|25|33|58|0|0|0|4831|5983|10814|
แขวงคลองเจ้าคุณสิงห์|40|38|50|55|47|54|45|51|63|83|63|68|73|83|81|76|88|107|114|93|97|108|116|118|115|132|135|151|115|139|138|103|111|111|154|128|131|136|129|138|157|116|136|144|128|140|145|137|143|130|137|140|136|148|157|139|143|170|178|203|197|183|172|167|169|169|169|190|173|178|147|166|142|192|124|198|171|164|153|176|170|177|165|218|178|215|174|216|164|234|198|252|195|231|183|237|194|250|180|214|179|224|171|230|194|218|165|208|161|232|191|235|160|251|174|222|148|243|160|226|187|231|156|242|153|253|178|228|154|217|147|234|155|215|164|190|120|186|140|188|109|191|120|174|108|162|117|141|90|148|88|112|90|128|72|115|62|96|45|105|42|87|45|66|37|69|31|53|35|49|23|41|32|55|25|35|17|37|14|24|14|36|17|23|10|20|7|20|9|15|6|8|2|10|1|2|3|5|0|4|1|0|5|6|0|0|0|373|275|648|99|94|193|13|14|27|11802|14359|26161|
แขวงพลับพลา|78|77|109|106|108|99|119|110|172|135|154|166|174|162|198|211|205|226|265|244|324|286|307|330|283|294|321|279|277|269|246|262|245|283|261|230|260|265|255|253|203|239|250|236|224|240|229|241|228|249|267|273|241|241|228|279|294|317|313|304|273|368|284|270|285|315|286|292|267|330|282|300|262|271|238|291|237|313|257|278|263|324|259|339|299|418|307|421|318|444|314|468|314|460|333|423|336|428|322|412|268|369|299|396|259|346|313|394|308|402|278|375|262|358|320|369|245|334|257|308|227|318|258|335|246|303|227|288|190|250|203|283|175|262|161|241|147|218|142|203|118|215|144|192|114|181|128|181|101|179|92|139|96|133|82|136|73|110|64|118|57|93|60|105|58|95|50|91|41|70|32|54|31|64|25|46|30|46|25|39|20|31|10|33|9|25|5|25|10|21|4|12|6|8|2|8|4|4|6|4|2|5|7|8|0|0|0|0|0|0|200|143|343|3|3|6|19068|23040|42108|
เขตคลองสามวา |616|550|742|653|786|857|784|774|956|835|928|964|1034|994|1108|1071|1125|1112|1130|1130|1233|1145|1252|1169|1246|1214|1396|1367|1388|1283|1222|1248|1292|1338|1311|1353|1378|1310|1414|1344|1343|1327|1383|1386|1375|1320|1247|1371|1290|1395|1479|1522|1417|1417|1465|1569|1568|1717|1651|1794|1617|1792|1504|1743|1472|1768|1509|1783|1486|1747|1462|1718|1354|1670|1338|1643|1366|1571|1453|1745|1549|1838|1450|1810|1571|1870|1602|2001|1690|2035|1731|2046|1730|2022|1621|2003|1675|1970|1639|1991|1625|1924|1639|1945|1543|1849|1659|1960|1603|2079|1766|2016|1700|1937|1709|1987|1605|1854|1499|1811|1462|1854|1390|1656|1306|1502|1178|1483|1148|1333|1044|1313|921|1240|787|987|788|930|693|894|607|824|587|735|487|682|433|631|387|579|352|532|318|484|257|422|249|385|202|323|178|289|154|270|139|228|133|220|121|221|83|169|93|165|60|136|58|110|40|112|39|94|30|56|24|48|21|62|16|34|12|25|8|13|4|14|1|11|3|5|4|8|5|14|0|0|0|579|445|1024|640|444|1084|15|6|21|100782|114645|215427|
แขวงสามวาตะวันตก|183|163|225|192|245|236|216|230|260|253|248|260|282|285|332|312|315|313|344|336|379|316|351|332|352|364|436|382|398|413|371|368|406|392|400|407|431|442|425|380|423|408|458|432|416|409|368|378|362|395|469|440|416|400|435|467|472|527|527|561|503|532|436|523|440|521|440|556|466|569|433|506|383|490|354|490|377|483|404|489|461|554|394|541|451|537|438|568|508|610|519|616|520|653|503|628|510|659|538|670|522|627|559|639|507|602|573|667|548|711|617|670|561|638|578|638|552|599|440|576|445|560|432|508|362|435|358|424|312|377|310|334|245|327|194|258|234|241|177|213|141|239|147|194|113|182|111|157|102|164|88|135|90|148|70|115|66|109|50|96|45|90|41|76|41|61|41|78|29|69|26|57|25|49|13|38|20|39|7|41|12|21|9|24|6|16|3|17|2|19|4|10|3|6|0|6|1|4|1|0|1|2|3|6|0|0|0|0|0|0|193|126|319|6|3|9|30059|34429|64488|
แขวงสามวาตะวันออก|85|68|76|92|108|123|96|96|127|83|111|119|117|125|116|132|129|135|139|140|152|132|171|165|152|162|167|182|200|178|159|152|161|169|174|184|189|175|184|181|165|185|174|158|190|196|156|197|189|185|183|215|213|183|201|219|211|231|222|223|209|230|214|197|208|189|174|180|184|196|183|178|151|181|162|186|167|148|181|145|170|177|153|168|184|177|174|219|186|210|181|222|183|195|177|214|183|232|195|229|181|188|205|225|186|210|227|226|221|276|214|247|230|233|223|287|211|258|235|262|213|266|196|241|226|225|175|212|178|194|162|204|155|196|136|135|132|122|134|132|96|126|103|103|74|96|58|94|60|85|50|82|43|66|45|71|40|56|31|48|29|37|24|42|20|33|33|35|19|39|14|16|18|29|10|18|9|17|9|20|2|17|7|9|3|3|4|11|4|3|1|6|1|2|3|5|0|0|0|1|1|0|0|1|0|0|0|0|0|0|74|52|126|1|0|1|13062|14220|27282|
แขวงบางชัน|255|220|304|247|293|344|333|307|390|340|399|412|460|415|496|446|494|480|474|469|507|523|546|489|525|490|595|588|548|513|505|531|527|557|530|541|564|533|573|560|543|527|528|586|567|522|512|573|519|572|580|632|543|605|577|652|649|732|645|746|643|781|626|760|598|792|649|791|601|730|616|761|608|752|596|737|614|754|653|867|700|865|674|871|700|878|763|943|748|962|787|948|778|914|717|922|779|833|696|838|682|852|659|839|637|773|629|805|617|833|720|833|671|800|676|797|631|768|601|732|580|762|536|689|531|621|476|631|486|588|405|568|362|548|327|440|312|441|280|417|260|348|257|328|229|301|187|279|152|254|158|238|139|201|100|163|105|157|92|131|78|113|64|121|56|99|43|79|55|82|32|71|36|63|27|57|17|41|17|39|17|36|12|21|11|23|8|26|7|11|4|8|4|4|1|3|0|5|1|3|1|4|2|2|0|0|0|579|445|1024|296|193|489|7|3|10|42399|49540|91939|
แขวงทรายกองดิน|28|25|58|37|50|54|58|47|70|55|53|79|75|68|63|69|70|76|71|72|71|62|72|76|95|78|82|80|85|76|84|77|83|93|92|92|71|62|103|93|92|86|82|93|75|69|95|79|80|106|97|108|111|96|105|102|99|91|106|111|100|95|98|108|94|114|87|109|108|113|98|120|99|110|113|111|82|82|82|111|91|109|100|111|101|127|105|134|113|117|111|119|110|122|111|114|87|128|94|104|121|114|99|101|89|126|123|109|89|114|93|127|100|107|108|115|93|109|91|120|110|133|103|105|86|96|83|102|65|76|78|106|78|82|61|74|50|52|48|66|48|48|34|48|29|40|29|48|34|27|25|31|19|38|23|36|20|24|10|24|12|15|8|15|11|14|7|14|8|15|5|10|8|11|7|13|1|6|2|4|2|9|2|0|1|4|4|4|2|1|0|1|0|0|0|0|0|1|1|0|1|0|0|2|0|0|0|0|0|0|31|27|58|1|0|1|6513|7134|13647|
แขวงทรายกองดินใต้|65|74|79|85|90|100|81|94|109|104|117|94|100|101|101|112|117|108|102|113|124|112|112|107|122|120|116|135|157|103|103|120|115|127|115|129|123|98|129|130|120|121|141|117|127|124|116|144|140|137|150|127|134|133|147|129|137|136|151|153|162|154|130|155|132|152|159|147|127|139|132|153|113|137|113|119|126|104|133|133|127|133|129|119|135|151|122|137|135|136|133|141|139|138|113|125|116|118|116|150|119|143|117|141|124|138|107|153|128|145|122|139|138|159|124|150|118|120|132|121|114|133|123|113|101|125|86|114|107|98|89|101|81|87|69|80|60|74|54|66|62|63|46|62|42|63|48|53|39|49|31|46|27|31|19|37|18|39|19|24|14|34|17|16|11|21|9|14|10|16|6|15|6|13|3|10|11|7|5|8|6|11|0|2|3|2|2|4|1|0|3|0|0|1|0|0|0|1|0|1|0|2|0|3|0|0|0|0|0|0|46|46|92|0|0|0|8749|9322|18071|
เขตบางนา |169|149|174|164|215|170|209|195|215|193|244|233|262|231|256|247|275|303|276|271|294|275|288|289|332|320|354|382|349|335|371|314|390|366|368|370|393|353|396|396|424|387|404|401|432|393|470|405|442|480|506|522|507|438|541|518|628|625|696|668|671|738|650|708|631|706|684|731|686|779|635|684|623|726|613|743|531|682|574|677|581|739|611|772|644|755|596|774|654|789|648|793|626|808|592|771|649|720|601|726|583|758|558|697|582|698|533|715|554|710|566|695|552|710|551|696|546|629|541|665|452|657|529|684|509|691|458|702|444|686|474|646|458|603|429|639|383|608|398|539|383|516|319|535|321|456|291|417|280|456|283|386|269|385|221|309|173|264|181|255|144|197|122|213|120|211|104|172|98|162|91|132|77|157|94|127|59|107|42|101|43|82|46|64|41|53|23|55|22|47|14|25|14|20|18|22|11|22|6|13|6|7|51|53|0|0|0|574|434|1008|824|592|1416|21|19|40|38866|45708|84574|
แขวงบางนาเหนือ|59|62|79|60|88|70|105|78|89|64|103|117|103|97|108|104|126|123|129|113|124|110|126|126|134|126|141|167|164|162|160|135|157|159|173|148|169|157|176|187|179|184|196|167|165|164|178|185|171|224|197|253|184|182|189|224|257|268|287|320|267|295|254|285|253|283|271|302|276|338|230|270|233|311|276|327|211|281|218|291|244|315|276|326|274|335|262|328|273|345|281|352|285|378|255|357|244|335|259|330|251|357|231|306|262|332|239|342|246|337|239|315|222|325|271|329|238|292|226|326|215|300|237|332|250|304|236|361|229|332|243|297|207|319|212|318|180|287|182|266|178|242|157|251|168|228|147|204|129|218|120|184|125|189|111|141|74|117|83|125|71|86|61|112|57|107|52|93|43|83|42|65|39|81|53|67|25|46|23|57|25|41|25|35|20|31|10|25|15|24|8|16|9|12|11|8|7|13|5|10|3|3|27|26|0|0|0|574|434|1008|423|307|730|20|19|39|17214|20997|38211|
แขวงบางนาใต้|110|87|95|104|127|100|104|117|126|129|141|116|159|134|148|143|149|180|147|158|170|165|162|163|198|194|213|215|185|173|211|179|233|207|195|222|224|196|220|209|245|203|208|234|267|229|292|220|271|256|309|269|323|256|352|294|371|357|409|348|404|443|396|423|378|423|413|429|410|441|405|414|390|415|337|416|320|401|356|386|337|424|335|446|370|420|334|446|381|444|367|441|341|430|337|414|405|385|342|396|332|401|327|391|320|366|294|373|308|373|327|380|330|385|280|367|308|337|315|339|237|357|292|352|259|387|222|341|215|354|231|349|251|284|217|321|203|321|216|273|205|274|162|284|153|228|144|213|151|238|163|202|144|196|110|168|99|147|98|130|73|111|61|101|63|104|52|79|55|79|49|67|38|76|41|60|34|61|19|44|18|41|21|29|21|22|13|30|7|23|6|9|5|8|7|14|4|9|1|3|3|4|24|27|0|0|0|0|0|0|401|285|686|1|0|1|21652|24711|46363|
เขตทวีวัฒนา |164|162|213|224|235|245|255|223|261|232|282|305|310|310|289|287|322|301|338|320|342|314|379|330|368|348|420|398|410|372|389|361|428|417|413|383|418|437|422|442|425|409|452|427|452|414|414|405|411|449|491|526|414|495|465|497|563|549|588|616|598|613|539|605|561|578|513|568|520|532|505|588|493|546|497|577|471|510|509|509|516|564|494|587|508|593|491|612|504|608|523|603|574|646|563|638|502|633|551|621|507|612|492|665|511|673|570|665|565|728|540|717|539|729|576|711|508|684|538|678|546|733|557|719|569|780|567|716|533|687|497|750|575|715|514|685|494|674|436|614|430|598|403|583|375|514|314|472|328|424|261|400|254|362|220|315|200|291|162|254|149|218|145|182|117|196|117|167|88|154|70|115|82|100|66|132|62|96|51|96|42|78|31|62|36|42|16|38|7|31|14|27|6|17|5|12|6|10|2|4|1|2|19|12|0|0|0|156|119|275|602|589|1191|1|3|4|37237|43579|80816|
แขวงทวีวัฒนา|40|46|79|79|79|86|76|71|90|72|83|97|95|96|101|86|100|96|122|102|111|115|126|122|106|119|143|142|124|122|118|102|134|118|123|119|134|139|129|130|138|112|140|131|129|118|127|117|126|144|162|162|121|144|143|153|165|173|194|189|196|188|169|197|198|179|164|175|146|176|152|185|146|172|148|167|166|168|164|141|150|165|148|186|184|179|142|176|144|172|169|190|181|191|158|186|142|181|164|166|151|202|151|203|161|192|177|184|160|199|160|196|152|213|159|201|147|188|174|190|150|215|148|194|186|224|147|194|136|190|144|217|166|179|131|179|161|183|126|161|117|154|105|157|101|130|67|135|75|109|76|111|66|94|61|79|46|74|41|67|46|53|38|50|24|55|24|42|19|38|16|28|20|28|17|34|17|15|20|29|11|15|9|14|15|8|2|7|1|5|4|7|3|6|2|4|2|3|0|2|0|1|4|1|0|0|0|156|119|275|410|427|837|0|1|1|11491|13048|24539|
แขวงศาลาธรรมสพน์|124|116|134|145|156|159|179|152|171|160|199|208|215|214|188|201|222|205|216|218|231|199|253|208|262|229|277|256|286|250|271|259|294|299|290|264|284|298|293|312|287|297|312|296|323|296|287|288|285|305|329|364|293|351|322|344|398|376|394|427|402|425|370|408|363|399|349|393|374|356|353|403|347|374|349|410|305|342|345|368|366|399|346|401|324|414|349|436|360|436|354|413|393|455|405|452|360|452|387|455|356|410|341|462|350|481|393|481|405|529|380|521|387|516|417|510|361|496|364|488|396|518|409|525|383|556|420|522|397|497|353|533|409|536|383|506|333|491|310|453|313|444|298|426|274|384|247|337|253|315|185|289|188|268|159|236|154|217|121|187|103|165|107|132|93|141|93|125|69|116|54|87|62|72|49|98|45|81|31|67|31|63|22|48|21|34|14|31|6|26|10|20|3|11|3|8|4|7|2|2|1|1|15|11|0|0|0|0|0|0|192|162|354|1|2|3|25746|30531|56277|
เขตทุ่งครุ |293|275|347|370|369|369|413|345|454|438|493|501|503|487|540|507|610|564|577|554|640|559|687|627|673|608|716|702|708|697|628|660|709|690|696|714|758|750|746|742|739|751|780|709|672|767|745|750|748|743|833|852|797|773|801|807|926|988|922|997|947|1067|956|968|895|911|880|950|835|938|833|893|829|900|824|913|698|829|777|856|824|922|875|902|883|1002|918|1002|911|1065|985|1108|983|1050|854|1073|929|1058|969|1055|906|1041|897|1069|827|1037|837|1063|895|1146|848|1137|831|1030|821|1070|828|1093|869|994|817|1016|769|1070|730|997|756|898|676|944|686|919|609|843|599|828|568|779|537|724|442|684|442|660|436|591|353|532|337|540|299|527|288|454|252|412|197|339|211|303|170|288|156|270|134|242|120|190|110|232|61|145|79|158|62|140|61|133|53|77|41|75|30|54|17|41|15|34|13|27|11|22|8|14|7|18|1|7|4|5|2|4|13|21|0|0|0|259|205|464|488|369|857|8|4|12|57614|66273|123887|
แขวงบางมด|117|114|138|154|161|165|174|140|185|187|205|202|208|216|239|237|279|238|262|251|266|252|314|294|302|256|325|330|318|303|282|290|295|302|282|303|323|320|326|296|301|318|356|309|271|333|325|335|315|300|352|353|364|342|365|339|400|405|399|407|412|494|401|418|371|403|404|401|368|419|365|406|374|396|372|418|308|374|366|381|368|393|388|453|415|446|392|463|407|500|430|505|433|449|393|465|415|484|423|497|389|446|403|470|369|454|350|485|398|486|382|459|364|474|359|456|347|456|390|433|386|455|321|467|317|457|339|413|292|417|310|442|264|415|252|392|279|370|257|349|220|318|221|314|207|278|174|248|156|245|143|241|146|201|113|185|90|169|104|135|81|118|73|124|51|110|51|97|48|113|30|62|41|75|30|64|29|57|30|37|20|32|15|31|7|23|4|18|7|11|7|10|4|7|3|8|1|5|1|3|2|3|9|16|0|0|0|1|0|1|201|174|375|3|2|5|25345|29386|54731|
แขวงทุ่งครุ|176|161|209|216|208|204|239|205|269|251|288|299|295|271|301|270|331|326|315|303|374|307|373|333|371|352|391|372|390|394|346|370|414|388|414|411|435|430|420|446|438|433|424|400|401|434|420|415|433|443|481|499|433|431|436|468|526|583|523|590|535|573|555|550|524|508|476|549|467|519|468|487|455|504|452|495|390|455|411|475|456|529|487|449|468|556|526|539|504|565|555|603|550|601|461|608|514|574|546|558|517|595|494|599|458|583|487|578|497|660|466|678|467|556|462|614|481|637|479|561|431|561|448|603|413|540|417|485|384|527|376|477|345|428|347|436|289|409|280|375|222|366|221|346|229|313|179|284|181|295|156|286|142|253|139|227|107|170|107|168|89|170|83|146|83|132|69|93|62|119|31|83|38|83|32|76|32|76|23|40|21|43|15|23|10|18|11|16|6|16|4|12|4|7|4|10|0|2|3|2|0|1|4|5|0|0|0|258|205|463|287|195|482|5|2|7|32269|36887|69156|
เขตบางบอน |190|190|250|209|312|296|264|286|330|322|357|369|382|334|411|367|434|423|447|407|494|420|510|450|487|535|576|573|552|596|577|558|583|588|596|567|653|598|599|615|649|639|660|688|612|632|664|615|653|622|704|775|656|656|676|696|808|763|808|794|765|803|770|702|688|714|722|640|624|676|650|660|594|627|605|589|557|588|557|607|576|616|616|616|578|673|632|677|623|768|674|718|656|719|701|784|680|795|694|862|667|795|655|861|678|820|725|821|725|836|750|859|662|831|758|887|733|807|680|822|682|835|742|892|683|780|652|768|587|706|619|736|486|678|484|638|495|608|440|597|359|455|381|516|328|464|326|416|275|421|253|419|232|346|202|309|144|245|137|201|102|199|113|191|88|164|82|157|87|133|63|93|66|122|65|98|45|99|41|88|34|71|20|39|12|42|8|24|8|22|8|16|5|10|5|12|7|3|1|10|1|2|7|7|0|0|0|887|790|1677|415|409|824|4|3|7|46570|51590|98160|
แขวงบางบอนเหนือ|48|43|59|54|71|74|68|86|74|79|74|92|97|83|100|79|119|93|96|82|112|91|113|90|103|100|130|110|107|127|118|127|134|113|138|133|143|128|138|143|171|128|152|174|145|145|153|145|144|156|184|196|150|156|151|170|167|173|200|187|177|200|171|165|175|163|173|153|166|164|129|144|142|150|128|127|137|124|127|132|137|142|127|129|150|157|125|148|138|190|178|158|128|161|151|190|149|181|154|210|149|192|152|220|163|209|189|201|188|201|184|217|156|213|185|227|163|207|190|214|181|201|176|216|188|186|180|207|132|168|153|182|111|157|117|115|109|116|94|113|83|91|86|117|68|100|79|99|64|95|53|90|41|60|45|59|33|46|27|40|21|29|29|44|17|33|18|41|14|29|16|23|15|31|15|19|14|20|7|19|8|13|11|14|2|8|2|5|3|4|0|4|1|2|0|1|1|0|0|1|0|0|1|3|0|0|0|0|0|0|98|97|195|1|0|1|10654|11744|22398|
แขวงบางบอนใต้|49|44|56|44|84|64|56|50|82|87|89|79|91|79|90|95|94|92|123|85|108|97|121|101|105|127|134|128|120|135|124|135|132|157|125|132|146|136|132|134|137|134|137|153|138|131|153|126|151|142|164|149|158|136|154|157|197|163|179|177|157|167|171|160|157|159|161|155|123|145|143|157|137|164|118|133|121|150|136|154|139|161|148|150|121|150|151|180|138|174|146|166|141|178|164|175|154|208|149|195|152|180|143|217|160|207|176|183|186|228|173|213|161|203|172|209|187|192|137|176|154|207|200|198|134|176|138|178|142|168|129|149|104|158|108|140|95|146|100|104|75|96|75|108|75|71|53|77|46|80|51|88|36|75|39|55|23|45|26|43|23|40|23|31|16|35|14|17|13|26|16|17|10|28|9|20|7|16|5|21|6|13|4|6|2|6|1|5|3|7|2|2|3|0|2|5|2|1|1|4|1|0|2|3|0|0|0|887|790|1677|54|48|102|2|2|4|11062|12263|23325|
แขวงคลองบางพราน|45|52|84|58|92|95|82|84|110|94|111|113|120|113|130|116|137|130|121|133|173|139|160|144|157|172|184|172|168|175|180|150|174|172|181|164|188|182|173|193|181|205|207|193|184|172|210|182|203|177|193|254|198|196|210|214|259|263|242|246|256|288|255|236|199|233|236|206|196|224|243|227|189|182|226|200|198|193|177|206|169|195|207|193|178|235|219|208|206|248|219|253|225|241|214|234|222|240|209|273|188|214|217|229|207|211|201|251|176|246|219|245|223|239|216|268|218|227|188|256|183|257|214|276|197|252|187|226|189|211|182|236|150|219|157|233|167|195|144|246|111|157|143|179|103|173|133|139|105|127|89|164|97|123|64|126|48|87|47|78|37|73|42|68|32|55|33|59|36|43|21|30|22|35|29|38|15|32|15|31|12|28|4|11|2|16|3|3|0|5|5|5|1|2|2|3|2|1|0|4|0|1|2|0|0|0|0|0|0|0|125|136|261|0|0|0|14303|16037|30340|
แขวงคลองบางบอน|48|51|51|53|65|63|58|66|64|62|83|85|74|59|91|77|84|108|107|107|101|93|116|115|122|136|128|163|157|159|155|146|143|146|152|138|176|152|156|145|160|172|164|168|145|184|148|162|155|147|163|176|150|168|161|155|185|164|187|184|175|148|173|141|157|159|152|126|139|143|135|132|126|131|133|129|101|121|117|115|131|118|134|144|129|131|137|141|141|156|131|141|162|139|172|185|155|166|182|184|178|209|143|195|148|193|159|186|175|161|174|184|122|176|185|183|165|181|165|176|164|170|152|202|164|166|147|157|124|159|155|169|121|144|102|150|124|151|102|134|90|111|77|112|82|120|61|101|60|119|60|77|58|88|54|69|40|67|37|40|21|57|19|48|23|41|17|40|24|35|10|23|19|28|12|21|9|31|14|17|8|17|1|8|6|12|2|11|2|6|1|5|0|6|1|3|2|1|0|1|0|1|2|1|0|0|0|0|0|0|138|128|266|1|1|2|10551|11546|22097|
